17	Stormbound Field Shirt
25	Recruit's {weapon}
35	Service {weapon}
36	Field-Ready {weapon}
37	Reinforced {weapon}
38	Recruit's Field Shirt
39	Basic Training Trousers
40	Standard Patrol Boots
41	Recruit-Issue Utility Belt
42	Strengthened Utility Belt
43	Reinforced Patrol Boots
44	Patched Combat Trousers
45	Strengthened Field Shirt
46	Reinforced Utility Belt
47	Garrison-Issue Patrol Boots
48	Frayed Combat Trousers
49	Reinforced Field Shirt
50	Garrison-Issue Utility Belt
51	Weatherproof Patrol Boots
52	Mud-Stained Combat Trousers
53	Garrison-Issue Field Shirt
54	Weatherproof Utility Belt
55	Double-Stitched Patrol Boots
56	Patched Field Jacket
57	Frayed Field Jacket
58	Double-Stitched Utility Belt
59	Field-Ready Patrol Boots
60	Toughened Recon Vest
61	Toughened Combat Trousers
77	Double-Stitched Field Jacket
79	Field-Ready Combat Trousers
80	Toughened Patrol Boots
85	Reserve-Issue Recon Vest
86	Field-Ready Utility Belt
87	Reserve-Issue Patrol Boots
88	Salt-Worn Combat Trousers
89	Weatherproof Field Shirt
90	Toughened Utility Belt
91	Battle-Worn Combat Trousers
92	Drill Patrol Boots
93	Double-Stitched Field Shirt
94	Reserve-Issue Utility Belt
95	Recruit-Issue Patrol Boots
97	Recruit-Issue Field Jacket
98	Drill Utility Belt
99	Padded Patrol Boots
100	Sun-Faded Combat Trousers
101	Field-Ready Field Shirt
102	Padded Utility Belt
103	Insulated Patrol Boots
104	Salvaged Combat Trousers
105	Recruit-Issue Field Shirt
113	Worn Combat Trousers
114	Service Patrol Boots
115	Insulated Utility Belt
119	Toughened Field Shirt
120	Discarded Combat Trousers
121	Training Patrol Boots
122	Service Utility Belt
123	Reserve-Issue Field Shirt
124	Tattered Combat Trousers
125	Rugged Patrol Boots
126	Training Utility Belt
127	Drill Field Shirt
128	Weathered Combat Trousers
129	Militia-Issue Patrol Boots
130	Rugged Utility Belt
131	Militia-Issue Utility Belt
132	Northshire Strengthened Patrol Boots
133	Padded Field Shirt
134	Insulated Field Shirt
135	Scuffed Combat Trousers
136	Northshire Reinforced Patrol Boots
137	Standard Utility Belt
138	Service Field Shirt
139	Northshire Patched Combat Trousers
140	Northshire Garrison-Issue Patrol Boots
141	Northshire Strengthened Utility Belt
143	Sun-Faded Riot Shield
146	Northshire Reinforced Utility Belt
147	Northshire Frayed Combat Trousers
148	Training Field Shirt
149	Northshire Garrison-Issue Utility Belt
150	Northshire Mud-Stained Combat Trousers
151	Rugged Field Shirt
152	Northshire Weatherproof Utility Belt
153	Northshire Salt-Worn Combat Trousers
154	Militia-Issue Field Shirt
155	Northshire Double-Stitched Utility Belt
156	Recruit-Issue Combat Trousers
157	Standard Field Shirt
192	Drill {weapon}
193	Field-Ready Field Jacket
194	Reserve-Issue Combat Trousers
195	Northshire Field-Ready Patrol Boots
200	Toughened Field Jacket
201	Drill Combat Trousers
202	Northshire Toughened Patrol Boots
203	Toughened Combat Gloves
209	Padded Combat Trousers
210	Northshire Reserve-Issue Patrol Boots
236	Drill Recon Vest
237	Insulated Combat Trousers
238	Northshire Drill Patrol Boots
239	Reserve-Issue Combat Gloves
285	Drill Armored Vest
286	Service Combat Trousers
287	Northshire Padded Patrol Boots
647	Iron Vanguard {weapon}
710	Militia-Issue Wrist Guards
711	Field-Ready Combat Gloves
714	Drill Combat Gloves
718	Padded Combat Gloves
719	Insulated Combat Gloves
720	Vanguard Combat Gloves
727	Veteran {weapon}
744	Trailblazer Field Device
746	Strengthened Unit Tabard
751	Wolfpack {weapon}
753	Pathfinder {weapon}
754	Marine {weapon}
756	Sentinel {weapon}
763	Rugged Wrist Guards
766	Insulated {weapon}
767	Garrison-Issue {weapon}
768	Padded {weapon}
776	Vanguard {weapon}
778	Toughened {weapon}
781	Training {weapon}
788	Reserve-Issue {weapon}
789	Shock-Trooper {weapon}
790	Campaign {weapon}
791	Border-Guard {weapon}
792	Northshire Insulated Patrol Boots
793	Service Combat Gloves
794	Training Combat Trousers
795	Insulated Field Jacket
796	Northshire Service Patrol Boots
797	Training Combat Gloves
798	Rugged Combat Trousers
799	Service Recon Vest
809	Frontline {weapon}
810	Iron Covenant {weapon}
811	Obsidian Guard {weapon}
812	Blackwatch {weapon}
816	Field-Reinforced {weapon}
820	Hardened {weapon}
821	Mountain-Infantry Recon Vest
826	Mountain-Infantry {weapon}
827	Forward-Observer {weapon}
832	Ranger-Issue Utility Belt
833	Kingsguard Field Device
837	Heavy-Duty Field Jacket
838	Heavy-Duty Combat Trousers
839	Heavy-Duty Combat Gloves
840	Heavy-Duty Patrol Boots
843	Northshire Weatherproof Patrol Boots
844	Garrison-Issue Combat Gloves
845	Garrison-Issue Combat Trousers
846	Garrison-Issue Recon Vest
847	Weatherproof Armored Vest
848	Weatherproof Combat Trousers
849	Northshire Double-Stitched Patrol Boots
850	Weatherproof Combat Gloves
851	Rugged {weapon}
852	Weatherproof {weapon}
853	Standard {weapon}
854	Militia-Issue {weapon}
859	Northshire Strengthened Field Shirt
860	Northshire Rugged Patrol Boots
862	Long-Range Service Signet
863	Expedition {weapon}
864	Sapper {weapon}
865	Stormproof {weapon}
866	Outrider {weapon}
867	War Council Combat Gloves
868	Praetorian {weapon}
869	Ghost Division {weapon}
870	War Council {weapon}
871	Siegebreaker {weapon}
872	Trailblazer {weapon}
873	Dreadnought {weapon}
876	Salvaged Riot Shield
880	Ranger-Issue {weapon}
885	Northshire Frontline {weapon}
886	Northshire Veteran {weapon}
888	Counter-Sniper Combat Gloves
890	Long-Range {weapon}
892	Campaign Combat Gloves
897	Wolfpack Wrist Guards
899	Northshire Ranger-Issue {weapon}
905	Reinforced Shoulder Harness
906	Garrison-Issue Shoulder Harness
907	Weatherproof Shoulder Harness
908	Double-Stitched Shoulder Harness
909	Field-Ready Shoulder Harness
911	Northshire Sentinel {weapon}
913	Northshire Forward-Observer {weapon}
914	Veteran Armored Vest
917	Night-Operations Recon Vest
920	Northshire Sapper {weapon}
922	Double-Stitched {weapon}
923	Strengthened {weapon}
924	Northshire Militia-Issue {weapon}
925	Northshire Training {weapon}
926	Northshire Padded {weapon}
927	Northshire Reserve-Issue {weapon}
928	Northshire Garrison-Issue {weapon}
934	Special-Recon {weapon}
935	Assault-Team {weapon}
936	Rapid-Response {weapon}
937	Commando {weapon}
940	Blackwatch Field Jacket
941	Reserve-Issue Field Device
942	Dreadnought Service Signet
943	Dawn Brigade {weapon}
944	Last Bastion {weapon}
945	Night-Operations {weapon}
948	Northshire Drill {weapon}
964	Northshire Reserve-Issue Field Shirt
983	Northshire Padded Utility Belt
996	Reinforced Service Signet
997	Northshire Insulated {weapon}
1008	Northshire Strengthened {weapon}
1009	Northshire Pathfinder {weapon}
1010	Northshire Reinforced {weapon}
1011	Northshire Service {weapon}
1018	Northshire Rugged {weapon}
1020	Garrison-Issue Combat Helmet
1021	Weatherproof Combat Helmet
1022	Double-Stitched Combat Helmet
1023	Field-Ready Combat Helmet
1024	Toughened Combat Helmet
1025	Reserve-Issue Combat Helmet
1026	Drill Combat Helmet
1027	Padded Combat Helmet
1028	Tattered Combat Helmet
1046	Northshire Weatherproof {weapon}
1047	Heavy-Duty {weapon}
1076	Outrider Service Signet
1077	Shock-Trooper Service Signet
1116	Mountain-Infantry Service Signet
1117	Salt-Worn {weapon}
1121	Rapid-Response Patrol Boots
1122	Training Service Pendant
1123	Rugged Service Pendant
1124	Militia-Issue Service Pendant
1125	Standard Service Pendant
1131	Outrider Command Manual
1154	Northshire Field-Ready Utility Belt
1155	Siege-Engineer {weapon}
1156	Marine Service Signet
1157	Mud-Stained {weapon}
1158	Northshire Standard {weapon}
1159	Northshire Double-Stitched {weapon}
1161	Northshire Field-Ready {weapon}
1162	Insulated Combat Helmet
1163	Service Combat Helmet
1166	Insulated Riot Shield
1167	Standard Riot Shield
1168	Iron Vanguard Riot Shield
1169	Dreadnought Riot Shield
1170	Padded Recon Vest
1171	Service Field Jacket
1172	Forward-Observer Command Manual
1173	Northshire Training Patrol Boots
1174	Northshire Militia-Issue Patrol Boots
1182	Training Wrist Guards
1183	Insulated Wrist Guards
1184	Mud-Stained Field Device
1186	Salt-Worn Field Device
1189	Stormproof Service Signet
1190	Forward-Observer Camouflage Cape
1192	Weathered Combat Helmet
1193	Toughened Riot Shield
1194	Northshire Toughened {weapon}
1195	Westfall Insulated {weapon}
1196	Westfall Militia-Issue {weapon}
1197	Westfall Weatherproof {weapon}
1198	Westfall Toughened {weapon}
1200	Service Riot Shield
1201	Strengthened Riot Shield
1202	Reserve-Issue Riot Shield
1203	Combat-Rescue Riot Shield
1204	Praetorian Riot Shield
1207	Northshire Field-Reinforced {weapon}
1211	Veteran Recon Vest
1213	Standard Wrist Guards
1214	Northshire Expedition {weapon}
1215	Frontline Utility Belt
1216	Ranger-Issue Wrist Guards
1218	Northshire Shock-Trooper {weapon}
1219	Northshire Campaign {weapon}
1220	Northshire Outrider {weapon}
1254	Service Command Manual
1258	Battle-Worn Field Device
1259	Scuffed {weapon}
1263	Shadow Regiment {weapon}
1264	Northshire Mountain-Infantry {weapon}
1265	Tunnel-Raider {weapon}
1266	Battle-Worn {weapon}
1270	Hardened Camouflage Cape
1272	Sun-Faded Shoulder Harness
1273	Trailblazer Armored Vest
1275	Sapper Armored Vest
1276	Veteran Riot Shield
1279	Worn Combat Helmet
1280	Frontline Combat Helmet
1282	Stormproof Combat Helmet
1287	Northshire Hardened {weapon}
1292	Combat-Rescue {weapon}
1296	Northshire Trailblazer {weapon}
1297	Night-Operations Field Jacket
1298	Sun-Faded Wrist Guards
1299	Campaign Utility Belt
1300	Northshire Stormproof {weapon}
1302	Stormproof Combat Gloves
1303	Frontline Combat Gloves
1304	Forward-Observer Combat Gloves
1306	Expedition Wrist Guards
1310	Expedition Combat Trousers
1311	Sun-Faded {weapon}
1312	Discarded {weapon}
1313	Worn {weapon}
1314	Expedition Combat Gloves
1315	Siegebreaker Service Pendant
1317	Westfall Pathfinder {weapon}
1318	Deep-Patrol {weapon}
1319	Field-Reinforced Service Signet
1350	Sun-Faded Field Device
1351	Sapper Wrist Guards
1354	Drill Camouflage Cape
1355	Veteran Camouflage Cape
1359	Rugged Combat Gloves
1360	Militia-Issue Combat Gloves
1363	Mud-Stained Combat Helmet
1364	Sun-Faded Recon Vest
1366	Northshire Battle-Worn Combat Trousers
1367	Salt-Worn Patrol Boots
1368	Battle-Worn Combat Gloves
1369	Sun-Faded Utility Belt
1370	Battle-Worn Wrist Guards
1371	Mud-Stained Shoulder Harness
1372	Mud-Stained Camouflage Cape
1374	Battle-Worn Patrol Boots
1376	Battle-Worn Camouflage Cape
1377	Mud-Stained Combat Gloves
1378	Northshire Sun-Faded Combat Trousers
1379	Salt-Worn Shoulder Harness
1380	Salt-Worn Field Jacket
1382	Westfall Drill {weapon}
1383	Westfall Double-Stitched {weapon}
1384	Westfall Padded {weapon}
1385	Tattered {weapon}
1386	Westfall Field-Ready {weapon}
1387	Westfall Field-Reinforced {weapon}
1388	Westfall Training {weapon}
1389	Westfall Service {weapon}
1391	Westfall Trailblazer {weapon}
1392	Weathered Wrist Guards
1394	Westfall Stormproof {weapon}
1395	Northshire Salvaged Combat Trousers
1396	Northshire Worn Combat Trousers
1397	Northshire Discarded Combat Trousers
1398	Northshire Tattered Combat Trousers
1403	Drill Field Device
1404	Outrider Field Device
1405	Westfall Sapper {weapon}
1406	Westfall Sentinel {weapon}
1411	Salvaged {weapon}
1412	Frayed {weapon}
1413	Weathered {weapon}
1414	Patched {weapon}
1415	Northshire Scuffed {weapon}
1416	Northshire Worn {weapon}
1417	Northshire Discarded {weapon}
1418	Worn Utility Belt
1419	Discarded Patrol Boots
1420	Tattered Wrist Guards
1421	Tattered Camouflage Cape
1422	Salvaged Combat Gloves
1423	Northshire Weathered Combat Trousers
1424	Discarded Shoulder Harness
1425	Tattered Recon Vest
1427	Tattered Patrol Boots
1429	Sun-Faded Camouflage Cape
1430	Worn Combat Gloves
1431	Northshire Scuffed Combat Trousers
1432	Tattered Shoulder Harness
1433	Salvaged Field Jacket
1435	Battle-Worn Shoulder Harness
1436	Pathfinder Combat Trousers
1438	Militia-Issue Riot Shield
1440	Westfall Campaign {weapon}
1443	War Council Service Pendant
1444	Deep-Patrol Field Device
1445	Padded Shoulder Harness
1446	Expedition Patrol Boots
1447	Shadow Regiment Service Signet
1448	Outrider Combat Gloves
1449	Frontline Service Signet
1454	Counter-Sniper {weapon}
1455	Westfall Outrider {weapon}
1457	Westfall Shock-Trooper {weapon}
1458	Westfall Mountain-Infantry {weapon}
1459	Westfall Frontline {weapon}
1460	Westfall Hardened {weapon}
1461	Westfall Veteran {weapon}
1462	Night-Operations Service Signet
1465	Westfall Forward-Observer {weapon}
1469	Westfall Ranger-Issue {weapon}
1472	Salvaged Field Device
1473	Westfall Expedition {weapon}
1479	Standard Combat Gloves
1480	Redridge Forward-Observer {weapon}
1481	Airborne {weapon}
1482	Breach-Team {weapon}
1483	Northshire Border-Guard {weapon}
1484	Northshire Commando {weapon}
1485	Northshire Sun-Faded {weapon}
1486	Border-Guard Field Jacket
1488	Long-Range Armored Vest
1489	Assault-Team Recon Vest
1490	Ranger-Issue Field Device
1491	Border-Guard Service Signet
1493	Northshire Long-Range {weapon}
1495	Patched Patrol Boots
1497	Frayed Camouflage Cape
1498	Salt-Worn Combat Gloves
1499	Westfall Weathered Combat Trousers
1500	Scuffed Shoulder Harness
1501	Mud-Stained Field Jacket
1502	Mud-Stained Utility Belt
1503	Sun-Faded Patrol Boots
1504	Scuffed Wrist Guards
1505	Scuffed Camouflage Cape
1506	Frayed Combat Gloves
1507	Westfall Mud-Stained Combat Trousers
1508	Salvaged Shoulder Harness
1509	Scuffed Recon Vest
1510	Northshire Mud-Stained {weapon}
1511	Northshire Salvaged {weapon}
1512	Northshire Patched {weapon}
1513	Northshire Tattered {weapon}
1514	Northshire Weathered {weapon}
1515	Northshire Frayed {weapon}
1516	Northshire Salt-Worn {weapon}
1521	Redridge Sapper {weapon}
1522	Redridge Shock-Trooper {weapon}
1523	Redridge Outrider {weapon}
1535	Frontline Recon Vest
1539	Redridge Sentinel {weapon}
1544	Worn Field Device
1545	Worn Shoulder Harness
1547	Stormproof Riot Shield
1557	Shock-Trooper Riot Shield
1560	Campaign Patrol Boots
1561	Hardened Field Jacket
1566	Redridge Field-Reinforced {weapon}
1602	Northshire Siege-Engineer {weapon}
1604	Redridge Expedition {weapon}
1607	Northshire Airborne {weapon}
1608	Redridge Pathfinder {weapon}
1613	Redridge Campaign {weapon}
1622	Padded Field Device
1624	Sentinel Combat Helmet
1625	Redridge Veteran {weapon}
1639	Redridge Ranger-Issue {weapon}
1640	Redridge Trailblazer {weapon}
1659	Shock-Trooper Combat Gloves
1664	Redridge Stormproof {weapon}
1677	Ranger-Issue Armored Vest
1678	Deep-Patrol Patrol Boots
1679	Redridge Mountain-Infantry {weapon}
1680	Redridge Hardened {weapon}
1684	Discarded Combat Helmet
1713	Counter-Sniper Field Device
1714	Assault-Team Service Pendant
1715	Tunnel-Raider Armored Vest
1716	Rapid-Response Field Jacket
1717	Airborne Armored Vest
1718	Counter-Sniper Combat Trousers
1719	Westfall Strengthened {weapon}
1720	Northshire Deep-Patrol {weapon}
1721	Northshire Rapid-Response {weapon}
1722	Northshire Tunnel-Raider {weapon}
1726	Northshire Assault-Team {weapon}
1727	Northshire Breach-Team {weapon}
1728	Kingsguard {weapon}
1730	Frayed Utility Belt
1731	Mud-Stained Patrol Boots
1732	Salt-Worn Wrist Guards
1733	Salt-Worn Camouflage Cape
1734	Patched Combat Gloves
1735	Westfall Frayed Combat Trousers
1736	Weathered Shoulder Harness
1737	Salt-Worn Armored Vest
1738	Discarded Utility Belt
1739	Weathered Patrol Boots
1740	Salvaged Wrist Guards
1741	Salvaged Camouflage Cape
1742	Discarded Combat Gloves
1743	Westfall Discarded Combat Trousers
1744	Patched Shoulder Harness
1745	Sun-Faded Armored Vest
1746	Salt-Worn Utility Belt
1747	Scuffed Patrol Boots
1748	Patched Wrist Guards
1749	Weathered Camouflage Cape
1750	Sun-Faded Combat Gloves
1751	Westfall Salt-Worn Combat Trousers
1752	Frayed Shoulder Harness
1753	Scuffed Armored Vest
1754	Battle-Worn Utility Belt
1755	Salvaged Patrol Boots
1756	Strengthened Wrist Guards
1757	Strengthened Camouflage Cape
1758	Strengthened Combat Gloves
1759	Strengthened Combat Trousers
1760	Strengthened Shoulder Harness
1761	Strengthened Armored Vest
1764	Worn Patrol Boots
1766	Worn Camouflage Cape
1767	Tattered Combat Gloves
1768	Westfall Worn Combat Trousers
1769	Northshire Worn Shoulder Harness
1770	Battle-Worn Field Jacket
1772	Frayed Patrol Boots
1774	Patched Camouflage Cape
1775	Weathered Combat Gloves
1776	Westfall Tattered Combat Trousers
1777	Northshire Tattered Shoulder Harness
1778	Weathered Field Jacket
1780	Northshire Battle-Worn Patrol Boots
1782	Discarded Camouflage Cape
1783	Scuffed Combat Gloves
1784	Westfall Battle-Worn Combat Trousers
1785	Northshire Salt-Worn Shoulder Harness
1786	Sun-Faded Field Jacket
1787	Salvaged Utility Belt
1788	Northshire Worn Patrol Boots
1789	Discarded Wrist Guards
1790	Northshire Salt-Worn Camouflage Cape
1791	Northshire Sun-Faded Combat Gloves
1792	Westfall Salvaged Combat Trousers
1793	Northshire Discarded Shoulder Harness
1794	Discarded Recon Vest
1795	Patched Utility Belt
1796	Northshire Frayed Patrol Boots
1797	Frayed Wrist Guards
1798	Northshire Tattered Camouflage Cape
1799	Northshire Scuffed Combat Gloves
1800	Westfall Patched Combat Trousers
1801	Northshire Frayed Shoulder Harness
1802	Weathered Recon Vest
1803	Tattered Utility Belt
1804	Northshire Mud-Stained Patrol Boots
1805	Worn Wrist Guards
1806	Northshire Battle-Worn Camouflage Cape
1807	Northshire Salvaged Combat Gloves
1808	Westfall Scuffed Combat Trousers
1809	Northshire Mud-Stained Shoulder Harness
1810	Strengthened Recon Vest
1811	Northshire Battle-Worn {weapon}
1812	Westfall Battle-Worn {weapon}
1813	Westfall Mud-Stained {weapon}
1814	Westfall Weathered {weapon}
1815	Westfall Worn {weapon}
1816	Westfall Sun-Faded {weapon}
1817	Westfall Patched {weapon}
1818	Westfall Salvaged {weapon}
1819	Westfall Discarded {weapon}
1820	Westfall Frayed {weapon}
1821	Westfall Tattered {weapon}
1822	Westfall Scuffed {weapon}
1823	Westfall Salt-Worn {weapon}
1824	Redridge Weathered {weapon}
1825	Redridge Salvaged {weapon}
1826	Redridge Worn {weapon}
1827	Redridge Frayed {weapon}
1828	Redridge Mud-Stained {weapon}
1829	Redridge Scuffed {weapon}
1830	Redridge Patched {weapon}
1831	Redridge Salt-Worn {weapon}
1832	Ranger-Issue Combat Trousers
1835	Northshire Toughened Utility Belt
1836	Toughened Wrist Guards
1839	Northshire Service Utility Belt
1840	Service Wrist Guards
1843	Northshire Reserve-Issue Utility Belt
1844	Garrison-Issue Wrist Guards
1845	Northshire Drill Utility Belt
1846	Weatherproof Wrist Guards
1849	Northshire Insulated Utility Belt
1850	Reserve-Issue Wrist Guards
1852	Drill Wrist Guards
1853	Northshire Training Utility Belt
1854	Discarded Field Device
1893	Redridge Frontline {weapon}
1895	Redridge Discarded {weapon}
1896	Redridge Tattered {weapon}
1897	Redridge Battle-Worn {weapon}
1899	Redridge Sun-Faded {weapon}
1900	Duskwood Salvaged {weapon}
1901	Duskwood Salt-Worn {weapon}
1902	Duskwood Battle-Worn {weapon}
1903	Duskwood Sun-Faded {weapon}
1904	Duskwood Scuffed {weapon}
1905	Duskwood Patched {weapon}
1906	Duskwood Worn {weapon}
1907	Duskwood Tattered {weapon}
1908	Duskwood Weathered {weapon}
1909	Duskwood Frayed {weapon}
1910	Duskwood Mud-Stained {weapon}
1911	Duskwood Discarded {weapon}
1912	Tattered Field Device
1913	Westfall Rugged {weapon}
1914	Weathered Field Device
1917	Duskwood Outrider {weapon}
1925	Duskwood Campaign {weapon}
1926	Duskwood Pathfinder {weapon}
1927	Duskwood Mountain-Infantry {weapon}
1928	Duskwood Shock-Trooper {weapon}
1929	Stormproof Combat Trousers
1930	Pathfinder Camouflage Cape
1933	Duskwood Field-Reinforced {weapon}
1934	Campaign Combat Trousers
1935	Northshire Combat-Rescue {weapon}
1936	Duskwood Veteran {weapon}
1937	Duskwood Trailblazer {weapon}
1938	Duskwood Sapper {weapon}
1943	Frontline Combat Trousers
1944	Field-Reinforced Combat Gloves
1945	Trailblazer Combat Gloves
1948	Stormwind Patched {weapon}
1951	Duskwood Sentinel {weapon}
1955	Sentinel Patrol Boots
1957	Worn Riot Shield
1958	Duskwood Forward-Observer {weapon}
1959	Duskwood Ranger-Issue {weapon}
1960	Northshire Battle-Worn Shoulder Harness
1961	Discarded Riot Shield
1965	Wolfpack Combat Gloves
1969	Weathered Utility Belt
1973	Assault-Team Field Device
1974	Siege-Engineer Wrist Guards
1975	Northshire Night-Operations {weapon}
1976	Northshire Special-Recon {weapon}
1978	Tunnel-Raider Combat Gloves
1979	Kingsguard Riot Shield
1980	Obsidian Guard Service Signet
1981	Praetorian Armored Vest
1982	Storm Guard {weapon}
1983	Stormwind Worn {weapon}
1984	Tattered Riot Shield
1985	Weathered Riot Shield
1986	Duskwood Stormproof {weapon}
1988	Sapper Combat Gloves
1990	Duskwood Hardened {weapon}
1991	Duskwood Frontline {weapon}
1992	Marine Command Manual
1993	Forward-Observer Service Signet
1994	Duskwood Expedition {weapon}
1996	Expedition Service Signet
1997	Pathfinder Field Jacket
1998	Stormwind Field-Reinforced {weapon}
1999	Patched Recon Vest
2000	Stormwind Trailblazer {weapon}
2011	Northshire Marine {weapon}
2012	Scuffed Field Device
2013	Stormwind Stormproof {weapon}
2014	Stormwind Forward-Observer {weapon}
2015	Stormwind Sapper {weapon}
2016	Sentinel Armored Vest
2017	Sentinel Wrist Guards
2018	Stormwind Ranger-Issue {weapon}
2020	Stormwind Veteran {weapon}
2021	Field-Reinforced Riot Shield
2023	Stormwind Sun-Faded {weapon}
2024	Westfall Standard {weapon}
2025	Westfall Reserve-Issue {weapon}
2026	Westfall Reinforced {weapon}
2027	Westfall Garrison-Issue {weapon}
2028	Redridge Drill {weapon}
2029	Redridge Weatherproof {weapon}
2030	Redridge Rugged {weapon}
2032	Forward-Observer Wrist Guards
2033	Field-Reinforced Patrol Boots
2034	Shock-Trooper Field Jacket
2035	Stormwind Mountain-Infantry {weapon}
2036	Sentinel Combat Gloves
2037	Forward-Observer Patrol Boots
2038	Patched Combat Helmet
2039	Counter-Sniper Service Signet
2040	Marine Riot Shield
2041	Rapid-Response Recon Vest
2042	Northshire Counter-Sniper {weapon}
2043	Pathfinder Service Signet
2044	Stormwind Pathfinder {weapon}
2045	Sun-Faded Combat Helmet
2046	Stormwind Hardened {weapon}
2047	Redridge Double-Stitched {weapon}
2048	Redridge Padded {weapon}
2051	Scuffed Riot Shield
2052	Patched Riot Shield
2053	Frayed Riot Shield
2054	Redridge Field-Ready {weapon}
2055	Redridge Reserve-Issue {weapon}
2056	Stormwind Frayed {weapon}
2057	Redridge Insulated {weapon}
2058	Stormwind Expedition {weapon}
2059	Border-Guard Camouflage Cape
2064	Redridge Militia-Issue {weapon}
2065	Redridge Standard {weapon}
2066	Redridge Service {weapon}
2067	Redridge Toughened {weapon}
2069	Rugged Recon Vest
2072	Stormwind Campaign {weapon}
2073	Stormwind Frontline {weapon}
2074	Stormwind Outrider {weapon}
2075	Stormwind Shock-Trooper {weapon}
2077	Stormwind Sentinel {weapon}
2078	Ironforge Outrider {weapon}
2079	Ironforge Forward-Observer {weapon}
2080	Ironforge Ranger-Issue {weapon}
2081	Scuffed Command Manual
2084	Ironforge Expedition {weapon}
2087	Hardened Recon Vest
2088	Ironforge Sentinel {weapon}
2089	Ironforge Veteran {weapon}
2092	Redridge Strengthened {weapon}
2098	Northshire Vanguard {weapon}
2099	Nightfall {weapon}
2100	Northshire Siegebreaker {weapon}
2105	Northshire Reinforced Field Shirt
2106	Westfall Sun-Faded Combat Trousers
2107	Northshire Scuffed Patrol Boots
2108	Field-Ready Recon Vest
2109	Reserve-Issue Armored Vest
2110	Reserve-Issue Field Jacket
2112	Insulated Recon Vest
2114	Drill Field Jacket
2117	Northshire Standard Patrol Boots
2119	Reinforced Combat Gloves
2120	Militia-Issue Combat Trousers
2121	Padded Field Jacket
2122	Northshire Rugged Utility Belt
2123	Westfall Toughened Patrol Boots
2124	Padded Wrist Guards
2125	Double-Stitched Combat Gloves
2126	Standard Combat Trousers
2127	Training Recon Vest
2128	Redridge Training {weapon}
2129	Training Riot Shield
2130	Redridge Reinforced {weapon}
2131	Redridge Garrison-Issue {weapon}
2132	Duskwood Rugged {weapon}
2133	Rugged Riot Shield
2134	Duskwood Weatherproof {weapon}
2137	Duskwood Double-Stitched {weapon}
2138	Stormwind Discarded {weapon}
2139	Duskwood Reinforced {weapon}
2140	Ironforge Shock-Trooper {weapon}
2141	Militia-Issue Recon Vest
2142	Northshire Militia-Issue Utility Belt
2143	Westfall Training Patrol Boots
2144	Reinforced Wrist Guards
2145	Northshire Training Combat Gloves
2146	Reinforced Combat Trousers
2147	Stormwind Salvaged {weapon}
2148	Northshire Standard Utility Belt
2149	Westfall Rugged Patrol Boots
2150	Double-Stitched Wrist Guards
2151	Northshire Rugged Combat Gloves
2152	Double-Stitched Combat Trousers
2153	Rugged Armored Vest
2156	Westfall Service Patrol Boots
2158	Northshire Service Combat Gloves
2159	Northshire Service Combat Trousers
2160	Training Field Jacket
2163	Northshire Dreadnought {weapon}
2164	Northshire War Council {weapon}
2165	Insulated Camouflage Cape
2166	Outrider Combat Trousers
2167	Mountain-Infantry Combat Gloves
2168	Frontline Patrol Boots
2169	Duskwood Field-Ready {weapon}
2170	Mud-Stained Riot Shield
2172	Westfall Reserve-Issue Utility Belt
2173	Westfall Toughened Utility Belt
2175	Ironforge Frontline {weapon}
2176	Stormwind Tattered {weapon}
2177	Stormwind Weathered {weapon}
2178	Stormwind Scuffed {weapon}
2179	Stormwind Mud-Stained {weapon}
2180	Stormwind Salt-Worn {weapon}
2181	Stormwind Battle-Worn {weapon}
2182	Ironforge Salt-Worn {weapon}
2183	Ironforge Scuffed {weapon}
2184	Ironforge Mud-Stained {weapon}
2186	Westfall Drill Utility Belt
2189	Eternal Watch {weapon}
2194	Westfall Counter-Sniper {weapon}
2195	Duskwood Toughened {weapon}
2196	Ironforge Battle-Worn {weapon}
2197	Ironforge Sun-Faded {weapon}
2198	Ironforge Frayed {weapon}
2199	Ironforge Salvaged {weapon}
2200	Ironforge Worn {weapon}
2201	Ironforge Discarded {weapon}
2202	Ironforge Tattered {weapon}
2203	Ironforge Stormproof {weapon}
2204	Ironforge Field-Reinforced {weapon}
2205	Westfall Airborne {weapon}
2206	Ironforge Patched {weapon}
2207	Duskwood Militia-Issue {weapon}
2208	Duskwood Garrison-Issue {weapon}
2209	Duskwood Reserve-Issue {weapon}
2210	Salt-Worn Riot Shield
2211	Battle-Worn Riot Shield
2212	Northshire Weathered Riot Shield
2213	Battered Riot Shield
2214	Northshire Worn Riot Shield
2215	Northshire Salt-Worn Riot Shield
2216	Northshire Discarded Riot Shield
2217	Northshire Tattered Riot Shield
2218	Ironforge Trailblazer {weapon}
2219	Northshire Mud-Stained Riot Shield
2220	Northshire Battle-Worn Riot Shield
2221	Northshire Scuffed Riot Shield
2222	Northshire Patched Riot Shield
2224	Duskwood Drill {weapon}
2225	Duskwood Padded {weapon}
2226	Ironforge Campaign {weapon}
2227	Ironforge Sapper {weapon}
2230	Hardened Combat Gloves
2231	Outrider Field Jacket
2232	Night-Operations Patrol Boots
2233	Night-Operations Combat Trousers
2234	Mountain-Infantry Field Jacket
2235	Ironforge Pathfinder {weapon}
2236	Westfall Deep-Patrol {weapon}
2237	Northshire Training Combat Trousers
2238	Northshire Insulated Combat Trousers
2240	Standard Camouflage Cape
2241	Expedition Camouflage Cape
2243	Northshire Ghost Division {weapon}
2244	Northshire Praetorian {weapon}
2245	Shadow Regiment Combat Helmet
2246	Iron Covenant Service Signet
2248	Northshire Drill Field Shirt
2249	Reinforced Riot Shield
2254	Ironforge Mountain-Infantry {weapon}
2255	Northshire Weathered Combat Gloves
2256	Westfall Combat-Rescue {weapon}
2257	Duskwood Insulated {weapon}
2258	Duskwood Standard {weapon}
2259	Duskwood Service {weapon}
2260	Duskwood Training {weapon}
2262	Special-Recon Service Signet
2263	Ironforge Hardened {weapon}
2264	Commando Shoulder Harness
2265	Elwynn Sapper {weapon}
2266	Elwynn Trailblazer {weapon}
2267	Elwynn Pathfinder {weapon}
2268	Duskwood Strengthened {weapon}
2271	Westfall Long-Range {weapon}
2273	Pathfinder Armored Vest
2274	Veteran Combat Gloves
2275	Siege-Engineer Combat Helmet
2276	Siege-Engineer Patrol Boots
2277	Special-Recon Combat Trousers
2278	Airborne Shoulder Harness
2280	Elwynn Forward-Observer {weapon}
2281	Elwynn Field-Reinforced {weapon}
2282	Stormwind Strengthened {weapon}
2283	Hardened Utility Belt
2284	Ranger-Issue Camouflage Cape
2291	Northshire Storm Guard {weapon}
2292	Assault-Team Field Jacket
2299	Westfall Breach-Team {weapon}
2300	Sentinel Recon Vest
2301	Westfall Field-Ready Patrol Boots
2302	Westfall Padded Patrol Boots
2303	Northshire Rugged Combat Trousers
2305	Northshire Sun-Faded Camouflage Cape
2306	Northshire Salvaged Patrol Boots
2307	Westfall Weatherproof Patrol Boots
2308	Stormproof Camouflage Cape
2309	Veteran Patrol Boots
2310	Rugged Camouflage Cape
2311	Standard Recon Vest
2312	Ranger-Issue Combat Gloves
2314	Reinforced Recon Vest
2315	Westfall Reserve-Issue Patrol Boots
2316	Night-Operations Camouflage Cape
2317	Expedition Recon Vest
2326	Field-Ready Wrist Guards
2327	Northshire Service Wrist Guards
2361	Stormwind Toughened {weapon}
2362	Northshire Sun-Faded Riot Shield
2364	Rugged Field Jacket
2366	Northshire Militia-Issue Combat Trousers
2367	Westfall Insulated Patrol Boots
2369	Northshire Insulated Combat Gloves
2370	Weatherproof Recon Vest
2371	Westfall Service Utility Belt
2372	Northshire Standard Combat Trousers
2373	Westfall Militia-Issue Patrol Boots
2374	Northshire Training Wrist Guards
2375	Northshire Militia-Issue Combat Gloves
2376	Garrison-Issue Riot Shield
2377	Weatherproof Riot Shield
2379	Padded Armored Vest
2380	Westfall Padded Utility Belt
2381	Northshire Reserve-Issue Combat Trousers
2383	Westfall Drill Patrol Boots
2384	Northshire Reserve-Issue Wrist Guards
2385	Northshire Reserve-Issue Combat Gloves
2386	Insulated Armored Vest
2387	Westfall Insulated Utility Belt
2388	Northshire Drill Combat Trousers
2389	Westfall Standard Patrol Boots
2390	Northshire Drill Wrist Guards
2391	Northshire Drill Combat Gloves
2392	Light Infantry Vest
2393	Light Infantry Webbing
2394	Light Infantry Trousers
2395	Strengthened Patrol Boots
2396	Light Infantry Bracers
2397	Northshire Standard Combat Gloves
2398	Training Armored Vest
2399	Westfall Training Utility Belt
2400	Northshire Strengthened Combat Trousers
2401	Westfall Strengthened Patrol Boots
2402	Northshire Rugged Wrist Guards
2403	Northshire Strengthened Combat Gloves
2410	Strengthened Command Manual
2417	Service Armored Vest
2418	Northshire Padded Combat Trousers
2419	Westfall Rugged Utility Belt
2420	Westfall Reinforced Patrol Boots
2421	Northshire Padded Wrist Guards
2422	Northshire Padded Combat Gloves
2423	Double-Stitched Armored Vest
2424	Westfall Double-Stitched Utility Belt
2425	Northshire Double-Stitched Combat Trousers
2426	Westfall Double-Stitched Patrol Boots
2427	Northshire Double-Stitched Wrist Guards
2428	Northshire Double-Stitched Combat Gloves
2429	Militia-Issue Field Jacket
2431	Northshire Field-Ready Combat Trousers
2432	Westfall Garrison-Issue Patrol Boots
2434	Northshire Field-Ready Combat Gloves
2435	Garrison-Issue Field Jacket
2437	Northshire Garrison-Issue Combat Trousers
2438	Redridge Garrison-Issue Patrol Boots
2440	Northshire Garrison-Issue Combat Gloves
2441	Double-Stitched Riot Shield
2442	Field-Ready Riot Shield
2443	Drill Riot Shield
2444	Padded Riot Shield
2445	Northshire Service Riot Shield
2446	Northshire Strengthened Riot Shield
2448	Heavy-Duty Riot Shield
2451	Northshire Reserve-Issue Riot Shield
2463	Double-Stitched Recon Vest
2464	Westfall Militia-Issue Utility Belt
2465	Northshire Toughened Combat Trousers
2467	Redridge Toughened Patrol Boots
2468	Northshire Toughened Wrist Guards
2469	Northshire Toughened Combat Gloves
2470	Northshire Weatherproof Recon Vest
2471	Westfall Weatherproof Utility Belt
2472	Northshire Weatherproof Combat Trousers
2473	Redridge Weatherproof Patrol Boots
2474	Northshire Weatherproof Wrist Guards
2475	Northshire Weatherproof Combat Gloves
2478	Insulated Field Device
2479	Stormwind Double-Stitched {weapon}
2480	Stormwind Reserve-Issue {weapon}
2481	Stormwind Insulated {weapon}
2482	Stormwind Garrison-Issue {weapon}
2483	Stormwind Weatherproof {weapon}
2484	Stormwind Field-Ready {weapon}
2485	Stormwind Drill {weapon}
2486	Stormwind Padded {weapon}
2487	Stormwind Rugged {weapon}
2488	Stormwind Standard {weapon}
2489	Stormwind Militia-Issue {weapon}
2490	Stormwind Service {weapon}
2491	Stormwind Training {weapon}
2492	Stormwind Reinforced {weapon}
2493	Ironforge Rugged {weapon}
2494	Ironforge Toughened {weapon}
2495	Ironforge Reinforced {weapon}
2496	Ironforge Militia-Issue {weapon}
2497	Ironforge Strengthened {weapon}
2498	Ironforge Reserve-Issue {weapon}
2499	Ironforge Padded {weapon}
2500	Ironforge Insulated {weapon}
2501	Ironforge Standard {weapon}
2502	Ironforge Field-Ready {weapon}
2503	Ironforge Garrison-Issue {weapon}
2504	Ironforge Weatherproof {weapon}
2505	Ironforge Drill {weapon}
2506	Ironforge Service {weapon}
2507	Ironforge Double-Stitched {weapon}
2508	Ironforge Training {weapon}
2509	Elwynn Service {weapon}
2510	Elwynn Field-Ready {weapon}
2511	Elwynn Strengthened {weapon}
2520	Elwynn Insulated {weapon}
2521	Elwynn Training {weapon}
2522	Elwynn Garrison-Issue {weapon}
2523	Elwynn Weatherproof {weapon}
2524	Elwynn Toughened {weapon}
2525	Elwynn Reserve-Issue {weapon}
2526	Elwynn Reinforced {weapon}
2527	Elwynn Rugged {weapon}
2528	Elwynn Double-Stitched {weapon}
2529	Elwynn Drill {weapon}
2530	Elwynn Militia-Issue {weapon}
2531	Elwynn Standard {weapon}
2532	Elwynn Padded {weapon}
2533	Lakeshire Reinforced {weapon}
2534	Lakeshire Insulated {weapon}
2535	Lakeshire Toughened {weapon}
2543	Shock-Trooper Combat Trousers
2545	Sapper Combat Trousers
2546	Westfall Standard Utility Belt
2547	Northshire Reinforced Combat Gloves
2549	Westfall Special-Recon {weapon}
2550	Ironforge Weathered {weapon}
2551	Elwynn Sun-Faded {weapon}
2552	Elwynn Mud-Stained {weapon}
2557	Elwynn Battle-Worn {weapon}
2558	Elwynn Salt-Worn {weapon}
2559	Elwynn Tattered {weapon}
2562	Toughened Command Manual
2564	Night-Operations Combat Gloves
2565	Breach-Team Command Manual
2566	Trailblazer Field Jacket
2567	Westfall Marine {weapon}
2568	Standard Field Jacket
2569	Redridge Rugged Patrol Boots
2570	Toughened Camouflage Cape
2571	Redridge Reserve-Issue Patrol Boots
2572	Field-Reinforced Field Jacket
2573	Northshire Discarded Combat Gloves
2574	Worn Field Jacket
2575	Northshire Padded Field Shirt
2576	Northshire Toughened Field Shirt
2577	Northshire Insulated Field Shirt
2578	Veteran Field Jacket
2579	Northshire Rugged Field Shirt
2580	Training Camouflage Cape
2582	Reinforced Field Jacket
2583	Stormproof Patrol Boots
2584	Reinforced Camouflage Cape
2585	Expedition Field Jacket
2586	Weatherproof Field Jacket
2587	Northshire Weatherproof Field Shirt
2588	Training Combat Helmet
2612	Strengthened Field Jacket
2613	Northshire Rugged Field Jacket
2614	Northshire Reinforced Field Jacket
2615	Northshire Militia-Issue Field Jacket
2616	Northshire Reserve-Issue Field Jacket
2617	Northshire Field-Ready Field Jacket
2618	Northshire Garrison-Issue Field Jacket
2620	Outrider Combat Helmet
2621	Forward-Observer Combat Helmet
2622	Expedition Combat Helmet
2623	Shock-Trooper Combat Helmet
2624	Field-Reinforced Combat Helmet
2632	Elwynn Sentinel {weapon}
2635	Scuffed Utility Belt
2642	Northshire Weathered Patrol Boots
2643	Mud-Stained Wrist Guards
2644	Northshire Salvaged Camouflage Cape
2645	Northshire Tattered Combat Gloves
2646	Redridge Tattered Combat Trousers
2647	Northshire Weathered Shoulder Harness
2648	Patched Armored Vest
2649	Northshire Salt-Worn Utility Belt
2650	Northshire Sun-Faded Patrol Boots
2651	Northshire Sun-Faded Wrist Guards
2652	Northshire Worn Camouflage Cape
2653	Northshire Worn Combat Gloves
2654	Redridge Salt-Worn Combat Trousers
2655	Northshire Sun-Faded Shoulder Harness
2656	Salvaged Armored Vest
2664	Elwynn Veteran {weapon}
2690	Westfall Strengthened Utility Belt
2691	Redridge Drill Patrol Boots
2694	Forward-Observer Combat Trousers
2695	Elwynn Salvaged {weapon}
2703	Elwynn Frayed {weapon}
2704	Elwynn Worn {weapon}
2705	Elwynn Discarded {weapon}
2706	Elwynn Weathered {weapon}
2707	Elwynn Scuffed {weapon}
2708	Elwynn Patched {weapon}
2709	Lakeshire Frayed {weapon}
2710	Lakeshire Mud-Stained {weapon}
2711	Lakeshire Salt-Worn {weapon}
2714	Lakeshire Battle-Worn {weapon}
2715	Lakeshire Sun-Faded {weapon}
2716	Lakeshire Salvaged {weapon}
2717	Lakeshire Worn {weapon}
2718	Lakeshire Discarded {weapon}
2721	Airborne Combat Helmet
2754	Lakeshire Service {weapon}
2763	Lakeshire Tattered {weapon}
2764	Lakeshire Weathered {weapon}
2765	Lakeshire Patched {weapon}
2766	Lakeshire Scuffed {weapon}
2773	Sentinel Hill Discarded {weapon}
2774	Sentinel Hill Tattered {weapon}
2777	Sentinel Hill Frayed {weapon}
2778	Sentinel Hill Mud-Stained {weapon}
2780	Sentinel Hill Worn {weapon}
2781	Sentinel Hill Weathered {weapon}
2782	Sentinel Hill Patched {weapon}
2783	Sentinel Hill Scuffed {weapon}
2785	Sentinel Hill Battle-Worn {weapon}
2786	Sentinel Hill Salvaged {weapon}
2787	Lakeshire Garrison-Issue {weapon}
2800	Combat-Rescue Field Jacket
2801	Northshire Kingsguard {weapon}
2802	Combat-Rescue Field Device
2803	Patched Field Device
2804	Service Field Device
2805	Campaign Camouflage Cape
2807	Westfall Siege-Engineer {weapon}
2808	Lakeshire Training {weapon}
2809	Sentinel Hill Salt-Worn {weapon}
2810	Sentinel Hill Sun-Faded {weapon}
2811	Lakeshire Reserve-Issue {weapon}
2812	Lakeshire Rugged {weapon}
2813	Stonewatch Salt-Worn {weapon}
2814	Lakeshire Weatherproof {weapon}
2815	Westfall Vanguard {weapon}
2816	Westfall Border-Guard {weapon}
2817	Ranger-Issue Recon Vest
2818	Veteran Combat Trousers
2819	Elwynn Mountain-Infantry {weapon}
2820	Pathfinder Field Device
2821	Elwynn Expedition {weapon}
2822	Elwynn Shock-Trooper {weapon}
2823	Elwynn Stormproof {weapon}
2824	Northshire Last Bastion {weapon}
2825	Northshire Dawn Brigade {weapon}
2826	Frayed Field Device
2827	Stonewatch Scuffed {weapon}
2844	Lakeshire Militia-Issue {weapon}
2845	Lakeshire Drill {weapon}
2847	Lakeshire Standard {weapon}
2848	Lakeshire Padded {weapon}
2849	Lakeshire Strengthened {weapon}
2850	Lakeshire Double-Stitched {weapon}
2851	Westfall Reinforced Utility Belt
2852	Northshire Reinforced Combat Trousers
2853	Northshire Insulated Wrist Guards
2854	Northshire Field-Ready Wrist Guards
2857	Westfall Field-Ready Utility Belt
2864	Forward-Observer Armored Vest
2865	Field-Reinforced Combat Trousers
2866	Militia-Issue Armored Vest
2867	Shock-Trooper Wrist Guards
2868	Trailblazer Wrist Guards
2869	Mountain-Infantry Armored Vest
2870	Commando Armored Vest
2877	Westfall Rapid-Response {weapon}
2878	Westfall Tunnel-Raider {weapon}
2879	Siege-Engineer Command Manual
2884	Stonewatch Battle-Worn {weapon}
2898	Standard Armored Vest
2899	Veteran Utility Belt
2900	Northshire Standard Riot Shield
2901	Lakeshire Field-Ready {weapon}
2902	Mountain-Infantry Camouflage Cape
2903	Elwynn Ranger-Issue {weapon}
2904	Elwynn Campaign {weapon}
2905	Service Camouflage Cape
2906	Sentinel Combat Trousers
2907	Elwynn Frontline {weapon}
2908	Elwynn Outrider {weapon}
2910	Trailblazer Patrol Boots
2911	Deep-Patrol Utility Belt
2912	Westfall Commando {weapon}
2913	Sapper Shoulder Harness
2915	Northshire Wolfpack {weapon}
2916	Frontline Riot Shield
2917	Veteran Service Signet
2918	Salt-Worn Combat Helmet
2919	Rugged Field Device
2920	Training Field Device
2921	Militia-Issue Field Device
2922	Weatherproof Field Device
2923	Standard Field Device
2933	Tunnel-Raider Service Signet
2941	Westfall Assault-Team {weapon}
2942	Westfall Night-Operations {weapon}
2943	Mountain-Infantry Command Manual
2944	Hardened Command Manual
2945	Garrison-Issue Combat Knife
2946	Reserve-Issue Combat Knife
2947	Weatherproof Combat Knife
2948	Northshire Mud-Stained Field Device
2949	Sapper Patrol Boots
2950	Elwynn Hardened {weapon}
2951	Siege-Engineer Service Signet
2952	Pathfinder Recon Vest
2953	Frontline Camouflage Cape
2954	Trailblazer Combat Trousers
2955	Trailblazer Combat Helmet
2957	Sapper Field Jacket
2958	Mountain-Infantry Combat Trousers
2959	Redridge Padded Patrol Boots
2960	Westfall Padded Combat Gloves
2961	Scorched Recon Vest
2962	Scorched Recon Trousers
2963	Scorched Patrol Boots
2964	Scorched Combat Gloves
2965	Hardened Armored Vest
2966	Hardened Combat Trousers
2967	Redridge Training Patrol Boots
2968	Line Infantry Gloves
2969	Ranger-Issue Field Jacket
2970	Northshire Veteran Combat Trousers
2971	Redridge Militia-Issue Patrol Boots
2972	Westfall Militia-Issue Combat Gloves
2973	Stormproof Recon Vest
2974	Northshire Ranger-Issue Combat Trousers
2975	Redridge Standard Patrol Boots
2976	Pathfinder Combat Gloves
2977	Stormproof Armored Vest
2978	Northshire Pathfinder Combat Trousers
2979	Redridge Strengthened Patrol Boots
2980	Northshire Ranger-Issue Combat Gloves
2981	Campaign Field Jacket
2982	Northshire Forward-Observer Combat Trousers
2983	Ranger-Issue Patrol Boots
2984	Northshire Pathfinder Combat Gloves
2985	Campaign Recon Vest
2986	Northshire Expedition Combat Trousers
2987	Outrider Patrol Boots
2988	Northshire Forward-Observer Combat Gloves
2989	Frontline Armored Vest
2990	Northshire Frontline Combat Trousers
2991	Shock-Trooper Patrol Boots
2992	Northshire Campaign Combat Gloves
2993	Scuffed Combat Helmet
2994	Frayed Combat Helmet
2995	Battle-Worn Combat Helmet
3000	Trailblazer Recon Vest
3001	Double-Stitched Field Device
3002	Strengthened Field Device
3003	Reinforced Field Device
3004	Garrison-Issue Field Device
3005	Field-Ready Field Device
3006	Toughened Field Device
3007	Night-Operations Shoulder Harness
3008	Padded Camouflage Cape
3011	Campaign Combat Helmet
3015	Northshire Reserve-Issue Field Device
3018	Outrider Camouflage Cape
3019	Stormproof Field Jacket
3020	Breach-Team Combat Helmet
3021	Redridge Assault-Team {weapon}
3022	Northshire Outrider Combat Trousers
3023	Sentinel Hill Reserve-Issue {weapon}
3024	Sentinel Hill Training {weapon}
3025	Sentinel Hill Toughened {weapon}
3026	Sentinel Hill Drill {weapon}
3027	Sentinel Hill Insulated {weapon}
3028	Sentinel Hill Weatherproof {weapon}
3036	Lakeshire Veteran {weapon}
3037	Lakeshire Stormproof {weapon}
3038	Lakeshire Field-Reinforced {weapon}
3039	Lakeshire Outrider {weapon}
3040	Lakeshire Expedition {weapon}
3041	Lakeshire Ranger-Issue {weapon}
3042	Lakeshire Forward-Observer {weapon}
3044	Stonewatch Sun-Faded {weapon}
3045	Mountain-Infantry Patrol Boots
3046	Salvaged Combat Helmet
3047	Northshire Sentinel Combat Gloves
3048	Northshire Sapper Combat Trousers
3049	Expedition Armored Vest
3050	Redridge Sun-Faded Combat Trousers
3051	Northshire Mud-Stained Combat Gloves
3052	Northshire Salt-Worn Combat Helmet
3053	Campaign Armored Vest
3054	Northshire Salt-Worn Patrol Boots
3055	Sapper Recon Vest
3056	Northshire Trailblazer Combat Trousers
3057	Hardened Patrol Boots
3058	Northshire Field-Reinforced Combat Gloves
3059	Northshire Mud-Stained Combat Helmet
3060	Northshire Discarded Patrol Boots
3061	Battle-Worn Recon Vest
3062	Northshire Frayed Combat Gloves
3063	Northshire Battle-Worn Combat Helmet
3064	Redridge Frayed Combat Trousers
3065	Pathfinder Patrol Boots
3066	Northshire Outrider Combat Gloves
3067	Northshire Field-Reinforced Combat Trousers
3068	Veteran Combat Helmet
3069	Sentinel Field Jacket
3070	Field-Ready Camouflage Cape
3071	Sentinel Hill Service {weapon}
3072	Forward-Observer Field Jacket
3073	Northshire Sentinel Combat Trousers
3074	Northshire Shock-Trooper Combat Gloves
3075	Kingsguard Combat Helmet
3076	Northshire Frontline Patrol Boots
3077	Northshire Frayed Combat Helmet
3078	Lakeshire Trailblazer {weapon}
3079	Lakeshire Mountain-Infantry {weapon}
3103	Lakeshire Pathfinder {weapon}
3104	Militia-Issue Combat Knife
3105	Double-Stitched Combat Knife
3106	Drill Combat Knife
3107	Standard Combat Knife
3108	Heavy-Duty Combat Knife
3109	Padded Combat Knife
3111	Field-Ready Combat Knife
3128	Toughened Combat Knife
3131	Insulated Combat Knife
3135	Strengthened Combat Knife
3136	Service Combat Knife
3137	Training Combat Knife
3145	Sentinel Hill Standard {weapon}
3147	Northshire Garrison-Issue Field Shirt
3148	Northshire Double-Stitched Field Shirt
3149	Northshire Field-Ready Field Shirt
3150	Redridge Patched Combat Trousers
3151	Reinforced Armored Vest
3152	Westfall Insulated Combat Gloves
3153	Militia-Issue Camouflage Cape
3154	Lakeshire Campaign {weapon}
3158	Scorched Wrist Guards
3159	Northshire Salvaged Shoulder Harness
3160	Forward-Observer Riot Shield
3161	Frontline Field Jacket
3166	Outrider Armored Vest
3184	Lakeshire Frontline {weapon}
3185	Lakeshire Sapper {weapon}
3186	Lakeshire Shock-Trooper {weapon}
3187	Lakeshire Sentinel {weapon}
3188	Lakeshire Hardened {weapon}
3189	Sentinel Hill Padded {weapon}
3190	Sentinel Hill Rugged {weapon}
3191	Sentinel Hill Field-Reinforced {weapon}
3192	Sentinel Hill Stormproof {weapon}
3193	Sentinel Hill Shock-Trooper {weapon}
3194	Redridge Rapid-Response {weapon}
3195	Sentinel Hill Pathfinder {weapon}
3196	Sentinel Hill Trailblazer {weapon}
3197	Sentinel Hill Sapper {weapon}
3198	Sentinel Hill Sentinel {weapon}
3199	Sentinel Hill Campaign {weapon}
3200	Northshire Militia-Issue Wrist Guards
3201	Sentinel Hill Mountain-Infantry {weapon}
3202	Field-Reinforced Wrist Guards
3203	Redridge Airborne {weapon}
3204	Mountain-Infantry Wrist Guards
3205	Pathfinder Wrist Guards
3206	Sentinel Hill Forward-Observer {weapon}
3207	Northshire Standard Wrist Guards
3208	Sentinel Hill Expedition {weapon}
3209	Sentinel Hill Frontline {weapon}
3210	Sentinel Hill Hardened {weapon}
3211	Campaign Wrist Guards
3212	Hardened Wrist Guards
3213	Northshire Strengthened Wrist Guards
3214	Northshire Reinforced Wrist Guards
3215	Northshire Mud-Stained Wrist Guards
3216	Northshire Insulated Field Jacket
3217	Pathfinder Utility Belt
3219	Northshire Scuffed Shoulder Harness
3221	Northshire Patched Shoulder Harness
3222	Sentinel Hill Ranger-Issue {weapon}
3223	Sentinel Hill Veteran {weapon}
3224	Northshire Garrison-Issue Wrist Guards
3225	Sentinel Hill Militia-Issue {weapon}
3226	Westfall Frayed Shoulder Harness
3227	Sentinel Hill Outrider {weapon}
3228	Counter-Sniper Wrist Guards
3229	Outrider Utility Belt
3230	Veteran Wrist Guards
3231	Trailblazer Shoulder Harness
3232	Redridge Weathered Combat Trousers
3235	Campaign Service Signet
3242	Salt-Worn Assault Vest
3243	Redridge Battle-Worn Combat Trousers
3244	Northshire Tattered Patrol Boots
3245	Northshire Salt-Worn Combat Gloves
3246	Westfall Salt-Worn Shoulder Harness
3247	Northshire Mud-Stained Utility Belt
3260	Northshire Double-Stitched Field Jacket
3261	Reserve-Issue Camouflage Cape
3262	Sentinel Hill Strengthened {weapon}
3263	Westfall Weatherproof Combat Trousers
3267	Sentinel Hill Reinforced {weapon}
3268	Sentinel Hill Double-Stitched {weapon}
3269	Sentinel Hill Garrison-Issue {weapon}
3270	Northshire Toughened Field Jacket
3271	Toughened Shoulder Harness
3272	Westfall Toughened Combat Trousers
3273	Garrison-Issue Armored Vest
3274	Redridge Field-Ready Patrol Boots
3275	Westfall Field-Ready Combat Gloves
3276	Northshire Insulated Riot Shield
3277	Sentinel Hill Field-Ready {weapon}
3278	Stonewatch Patched {weapon}
3279	Redridge Reinforced Patrol Boots
3280	Westfall Service Wrist Guards
3281	Westfall Rugged Combat Gloves
3282	Northshire Mountain-Infantry Combat Trousers
3283	Shock-Trooper Armored Vest
3284	Redridge Double-Stitched Patrol Boots
3285	Westfall Training Wrist Guards
3286	Westfall Standard Combat Gloves
3287	Northshire Hardened Combat Trousers
3288	Forward-Observer Recon Vest
3289	Redridge Service Patrol Boots
3290	Westfall Training Combat Gloves
3291	Northshire Stormproof Combat Trousers
3292	Northshire Sentinel Field Jacket
3293	Stonewatch Garrison-Issue {weapon}
3294	Stonewatch Toughened {weapon}
3295	Stonewatch Padded {weapon}
3296	Stonewatch Reinforced {weapon}
3302	Northshire Ranger-Issue Patrol Boots
3303	Westfall Militia-Issue Wrist Guards
3304	Westfall Strengthened Combat Gloves
3305	Northshire Campaign Combat Trousers
3306	Field-Reinforced Armored Vest
3307	Northshire Hardened Patrol Boots
3308	Northshire Hardened Combat Gloves
3309	Northshire Shock-Trooper Combat Trousers
3310	Northshire Pathfinder Field Jacket
3311	Redridge Insulated Patrol Boots
3312	Westfall Standard Wrist Guards
3313	Outrider Recon Vest
3314	Northshire Veteran Combat Gloves
3315	Westfall Pathfinder Combat Trousers
3319	Stonewatch Standard {weapon}
3320	Westfall Garrison-Issue Utility Belt
3321	Duskwood Insulated Patrol Boots
3322	Garrison-Issue Camouflage Cape
3323	Westfall Drill Wrist Guards
3324	Sentinel Shoulder Harness
3325	Stonewatch Insulated {weapon}
3326	Stonewatch Salvaged {weapon}
3327	Stonewatch Weatherproof {weapon}
3328	Northshire Padded Field Jacket
3329	Stonewatch Militia-Issue {weapon}
3330	Northshire Hardened Armored Vest
3331	Weatherproof Camouflage Cape
3332	Duskwood Service Patrol Boots
3333	Rugged Shoulder Harness
3334	Stonewatch Service {weapon}
3335	Stonewatch Strengthened {weapon}
3336	Stonewatch Trailblazer {weapon}
3341	Northshire Stormproof Combat Gloves
3342	Northshire Militia-Issue Field Shirt
3344	Stormproof Utility Belt
3345	Sapper Combat Helmet
3346	Stonewatch Worn {weapon}
3350	Stonewatch Discarded {weapon}
3351	Stonewatch Frayed {weapon}
3359	Stonewatch Reserve-Issue {weapon}
3360	Rugged Command Manual
3361	Stonewatch Tattered {weapon}
3362	Stonewatch Mud-Stained {weapon}
3363	Northshire Battle-Worn Utility Belt
3364	Stonewatch Weathered {weapon}
3365	Northshire Battle-Worn Wrist Guards
3366	Lordaeron Worn {weapon}
3367	Lordaeron Sun-Faded {weapon}
3368	Lordaeron Frayed {weapon}
3370	Northshire Worn Utility Belt
3373	Northshire Discarded Wrist Guards
3374	Northshire Frayed Utility Belt
3375	Northshire Scuffed Wrist Guards
3376	Northshire Sun-Faded Utility Belt
3377	Northshire Salvaged Wrist Guards
3378	Northshire Discarded Utility Belt
3379	Northshire Tattered Wrist Guards
3380	Northshire Salvaged Utility Belt
3381	Northshire Salt-Worn Wrist Guards
3392	Hardened Combat Helmet
3398	Stonewatch Double-Stitched {weapon}
3400	Stonewatch Hardened {weapon}
3413	Redridge Deep-Patrol {weapon}
3414	Redridge Tunnel-Raider {weapon}
3415	Redridge Long-Range {weapon}
3416	Counter-Sniper Armored Vest
3417	Redridge Breach-Team {weapon}
3419	Weatherproof Command Manual
3420	Reserve-Issue Command Manual
3421	Padded Command Manual
3422	Militia-Issue Command Manual
3423	Reinforced Command Manual
3424	Training Command Manual
3426	Northshire Standard Field Shirt
3427	Northshire Service Field Shirt
3428	Northshire Training Field Shirt
3429	Shock-Trooper Utility Belt
3430	Stonewatch Mountain-Infantry {weapon}
3431	Field-Reinforced Recon Vest
3432	Lordaeron Salvaged {weapon}
3433	Lordaeron Discarded {weapon}
3435	Westfall Padded Wrist Guards
3436	Drill Shoulder Harness
3437	Redridge Insulated Utility Belt
3439	Duskwood Padded Patrol Boots
3440	Stonewatch Ranger-Issue {weapon}
3442	Redridge Training Utility Belt
3443	Stonewatch Training {weapon}
3444	Northshire Training Recon Vest
3445	Stonewatch Rugged {weapon}
3446	Stonewatch Campaign {weapon}
3447	Duskwood Training Patrol Boots
3449	Shock-Trooper Camouflage Cape
3450	Expedition Riot Shield
3451	Ranger-Issue Command Manual
3452	Stonewatch Veteran {weapon}
3453	Westfall Rugged Wrist Guards
3454	Duskwood Militia-Issue Patrol Boots
3455	Stonewatch Field-Ready {weapon}
3457	Westfall Stormproof Combat Trousers
3458	Northshire Expedition Combat Gloves
3459	Westfall Patched Shoulder Harness
3461	Northshire Outrider Field Jacket
3462	Stonewatch Pathfinder {weapon}
3463	Forward-Observer Combat Knife
3469	Duskwood Rugged Patrol Boots
3471	Northshire Sapper Armored Vest
3472	Westfall Reinforced Combat Gloves
3473	Westfall Hardened Combat Trousers
3474	Northshire Frontline Combat Gloves
3475	Ghost Division Camouflage Cape
3479	Field-Ready Armored Vest
3480	Insulated Shoulder Harness
3481	Mountain-Infantry Shoulder Harness
3482	Northshire Sapper Patrol Boots
3483	Northshire Mountain-Infantry Combat Gloves
3484	Northshire Veteran Patrol Boots
3485	Northshire Trailblazer Combat Gloves
3487	Stonewatch Field-Reinforced {weapon}
3488	Stonewatch Sentinel {weapon}
3489	Stonewatch Stormproof {weapon}
3490	Stonewatch Frontline {weapon}
3491	Stonewatch Sapper {weapon}
3492	Stonewatch Forward-Observer {weapon}
3493	Stonewatch Expedition {weapon}
3494	Lordaeron Patched {weapon}
3511	Field-Reinforced Camouflage Cape
3522	Toughened Armored Vest
3523	Westfall Double-Stitched Combat Trousers
3524	Duskwood Weatherproof Patrol Boots
3525	Westfall Weatherproof Wrist Guards
3526	Westfall Weatherproof Combat Gloves
3527	Northshire Weatherproof Armored Vest
3528	Northshire Garrison-Issue Recon Vest
3529	Rugged Combat Helmet
3532	Westfall Garrison-Issue Combat Trousers
3533	Duskwood Garrison-Issue Patrol Boots
3534	Westfall Garrison-Issue Combat Gloves
3535	Westfall Garrison-Issue Wrist Guards
3536	Militia-Issue Combat Helmet
3537	Northshire Double-Stitched Recon Vest
3538	Northshire Field-Ready Recon Vest
3539	Westfall Field-Ready Combat Trousers
3540	Westfall Reserve-Issue Combat Trousers
3541	Duskwood Double-Stitched Patrol Boots
3542	Duskwood Field-Ready Patrol Boots
3543	Westfall Double-Stitched Combat Gloves
3544	Westfall Toughened Combat Gloves
3545	Westfall Double-Stitched Wrist Guards
3546	Westfall Field-Ready Wrist Guards
3547	Northshire Toughened Recon Vest
3548	Westfall Drill Combat Trousers
3549	Westfall Reserve-Issue Combat Gloves
3555	Northshire Shock-Trooper Field Jacket
3556	Mountain-Infantry Combat Helmet
3557	Reinforced Unit Tabard
3558	Northshire Field-Reinforced Field Jacket
3559	Northshire Sapper Combat Gloves
3560	Stormproof Shoulder Harness
3561	Trailblazer Camouflage Cape
3562	Sapper Utility Belt
3563	Westfall Forward-Observer Combat Trousers
3565	Westfall Forward-Observer Combat Gloves
3566	Shock-Trooper Recon Vest
3567	Stonewatch Outrider {weapon}
3569	Northshire Trailblazer Field Jacket
3570	Stonewatch Shock-Trooper {weapon}
3571	Lordaeron Shock-Trooper {weapon}
3572	Lordaeron Frontline {weapon}
3578	Westfall Veteran Combat Trousers
3579	Shock-Trooper Shoulder Harness
3581	Lordaeron Veteran {weapon}
3582	Sapper Camouflage Cape
3583	Redridge Rugged Utility Belt
3585	Northshire Frontline Recon Vest
3586	Lordaeron Ranger-Issue {weapon}
3587	Redridge Garrison-Issue Utility Belt
3588	Westfall Toughened Wrist Guards
3589	Heavy-Duty Utility Belt
3590	Heavy-Duty Wrist Guards
3591	Redridge Service Utility Belt
3592	Westfall Strengthened Wrist Guards
3593	Redridge Field-Ready Utility Belt
3594	Westfall Reserve-Issue Wrist Guards
3595	Redridge Toughened Utility Belt
3596	Westfall Insulated Wrist Guards
3597	Redridge Reserve-Issue Utility Belt
3598	Westfall Reinforced Wrist Guards
3599	Redridge Drill Utility Belt
3600	Redridge Field-Ready Wrist Guards
3602	Redridge Militia-Issue Utility Belt
3603	Redridge Insulated Wrist Guards
3606	Redridge Standard Utility Belt
3607	Redridge Service Wrist Guards
3641	Redridge Drill Wrist Guards
3642	Redridge Padded Wrist Guards
3643	Redridge Militia-Issue Wrist Guards
3644	Redridge Training Wrist Guards
3645	Stormproof Wrist Guards
3646	Northshire Frayed Wrist Guards
3647	Frontline Wrist Guards
3648	Northshire Militia-Issue Riot Shield
3649	Northshire Reinforced Riot Shield
3650	Northshire Garrison-Issue Riot Shield
3651	Campaign Riot Shield
3652	Outrider Riot Shield
3653	Trailblazer Riot Shield
3654	Sapper Riot Shield
3655	Sentinel Riot Shield
3656	Ranger-Issue Riot Shield
3661	Stonewatch Drill {weapon}
3687	Last Stand {weapon}
3694	Patched Command Manual
3695	Frayed Command Manual
3696	Lordaeron Mud-Stained {weapon}
3697	Mud-Stained Command Manual
3698	Salt-Worn Command Manual
3699	Lordaeron Salt-Worn {weapon}
3719	Double-Stitched Camouflage Cape
3732	Standard Combat Helmet
3733	Northshire Shock-Trooper Armored Vest
3738	Lordaeron Pathfinder {weapon}
3739	Trailblazer Service Signet
3740	Lordaeron Mountain-Infantry {weapon}
3741	Northshire Shock-Trooper Patrol Boots
3742	Lordaeron Sentinel {weapon}
3743	Pathfinder Riot Shield
3747	Forward-Observer Utility Belt
3748	Counter-Sniper Shoulder Harness
3749	Sentinel Camouflage Cape
3750	Northshire Hardened Recon Vest
3751	Westfall Ranger-Issue Combat Trousers
3752	Northshire Campaign Field Jacket
3753	Expedition Utility Belt
3754	Westfall Pathfinder Combat Gloves
3755	Lordaeron Hardened {weapon}
3756	Battle-Worn Command Manual
3757	Sun-Faded Command Manual
3758	Field-Reinforced Utility Belt
3759	Westfall Ranger-Issue Combat Gloves
3760	Hardened Service Signet
3761	Mountain-Infantry Riot Shield
3763	Hardened Riot Shield
3764	Northshire Outrider Patrol Boots
3765	Field-Reinforced Shoulder Harness
3774	Lordaeron Battle-Worn {weapon}
3778	Lordaeron Tattered {weapon}
3779	Lordaeron Weathered {weapon}
3780	Lordaeron Scuffed {weapon}
3781	Stromgarde Battle-Worn {weapon}
3782	Stromgarde Mud-Stained {weapon}
3783	Stromgarde Sun-Faded {weapon}
3784	Stromgarde Tattered {weapon}
3785	Stromgarde Patched {weapon}
3786	Stromgarde Salvaged {weapon}
3787	Stromgarde Worn {weapon}
3788	Northshire Drill Field Device
3789	Northshire Garrison-Issue Field Device
3790	Northshire Weatherproof Field Device
3791	Northshire Padded Field Device
3792	Northshire Tattered Utility Belt
3793	Northshire Patched Patrol Boots
3794	Northshire Worn Wrist Guards
3795	Northshire Scuffed Camouflage Cape
3796	Northshire Patched Combat Gloves
3797	Redridge Mud-Stained Combat Trousers
3798	Westfall Weathered Shoulder Harness
3799	Discarded Field Jacket
3800	Northshire Weathered Utility Belt
3801	Westfall Scuffed Patrol Boots
3802	Northshire Weathered Wrist Guards
3803	Northshire Frayed Camouflage Cape
3804	Northshire Battle-Worn Combat Gloves
3805	Redridge Discarded Combat Trousers
3806	Westfall Mud-Stained Shoulder Harness
3807	Frayed Recon Vest
3808	Northshire Scuffed Utility Belt
3809	Westfall Tattered Patrol Boots
3810	Northshire Patched Wrist Guards
3811	Northshire Patched Camouflage Cape
3812	Westfall Frayed Combat Gloves
3813	Redridge Salvaged Combat Trousers
3814	Westfall Battle-Worn Shoulder Harness
3815	Weathered Armored Vest
3816	Northshire Salvaged Riot Shield
3817	Northshire Frayed Riot Shield
3822	Lordaeron Outrider {weapon}
3833	Northshire Drill Camouflage Cape
3834	Westfall Padded Combat Trousers
3835	Redridge Weatherproof Wrist Guards
3836	Ranger-Issue Combat Helmet
3837	Pathfinder Combat Helmet
3840	Pathfinder Shoulder Harness
3841	Expedition Shoulder Harness
3842	Westfall Expedition Combat Trousers
3843	Westfall Campaign Combat Trousers
3844	Siege-Engineer Armored Vest
3845	Northshire Field-Reinforced Armored Vest
3846	Northshire Field-Reinforced Patrol Boots
3847	Northshire Trailblazer Patrol Boots
3848	Lordaeron Stormproof {weapon}
3849	Lordaeron Campaign {weapon}
3850	Lordaeron Field-Reinforced {weapon}
3851	Lordaeron Forward-Observer {weapon}
3852	Lordaeron Trailblazer {weapon}
3853	Lordaeron Sapper {weapon}
3854	Lordaeron Expedition {weapon}
3855	Stromgarde Expedition {weapon}
3856	Stromgarde Outrider {weapon}
3865	Lordaeron Strengthened {weapon}
3883	Strengthened Combat Helmet
3884	Reinforced Combat Helmet
3885	Northshire Drill Combat Helmet
3886	Northshire Service Combat Helmet
3887	Northshire Training Combat Helmet
3888	Northshire Rugged Combat Helmet
3889	Northshire Field-Ready Combat Helmet
3890	Northshire Toughened Combat Helmet
3891	Northshire Reserve-Issue Combat Helmet
3892	Northshire Garrison-Issue Combat Helmet
3893	Northshire Weatherproof Combat Helmet
3894	Northshire Double-Stitched Combat Helmet
3895	Ashen Victory {weapon}
3896	Northshire Pathfinder Patrol Boots
3902	Stromgarde Trailblazer {weapon}
3933	Redridge Vanguard {weapon}
3934	Redridge Commando {weapon}
3935	Lordaeron Standard {weapon}
3936	Northshire Patched Utility Belt
3937	Westfall Weathered Patrol Boots
3938	Westfall Worn Wrist Guards
3939	Northshire Weathered Camouflage Cape
3940	Westfall Scuffed Combat Gloves
3941	Redridge Scuffed Combat Trousers
3942	Westfall Sun-Faded Shoulder Harness
3943	Tattered Field Jacket
3944	Westfall Battle-Worn Utility Belt
3945	Westfall Salvaged Patrol Boots
3946	Westfall Sun-Faded Wrist Guards
3947	Northshire Discarded Camouflage Cape
3948	Westfall Tattered Combat Gloves
3949	Redridge Worn Combat Trousers
3950	Westfall Worn Shoulder Harness
3951	Scuffed Field Jacket
3952	Westfall Worn Utility Belt
3953	Westfall Salt-Worn Patrol Boots
3954	Westfall Battle-Worn Wrist Guards
3955	Northshire Mud-Stained Camouflage Cape
3956	Westfall Mud-Stained Combat Gloves
3957	Duskwood Salvaged Combat Trousers
3958	Westfall Discarded Shoulder Harness
3959	Northshire Sun-Faded Field Jacket
3961	Westfall Discarded Utility Belt
3962	Westfall Patched Patrol Boots
3963	Westfall Discarded Wrist Guards
3964	Westfall Tattered Camouflage Cape
3965	Westfall Salt-Worn Combat Gloves
3966	Duskwood Worn Combat Trousers
3967	Westfall Scuffed Shoulder Harness
3968	Mud-Stained Recon Vest
3969	Westfall Tattered Utility Belt
3970	Westfall Worn Patrol Boots
3971	Westfall Scuffed Wrist Guards
3972	Westfall Worn Camouflage Cape
3973	Westfall Weathered Combat Gloves
3974	Duskwood Sun-Faded Combat Trousers
3975	Westfall Salvaged Shoulder Harness
3976	Salt-Worn Recon Vest
3977	Westfall Salt-Worn Utility Belt
3978	Westfall Frayed Patrol Boots
3979	Westfall Tattered Wrist Guards
3980	Westfall Frayed Camouflage Cape
3981	Westfall Discarded Combat Gloves
3982	Duskwood Discarded Combat Trousers
3983	Westfall Tattered Shoulder Harness
3984	Salvaged Recon Vest
3985	Trailblazer Utility Belt
3986	Westfall Battle-Worn Riot Shield
3987	Westfall Tattered Riot Shield
3988	Westfall Weathered Riot Shield
3989	Westfall Scuffed Riot Shield
3990	Westfall Patched Riot Shield
3991	Westfall Frayed Riot Shield
3992	Westfall Sun-Faded Utility Belt
3993	Westfall Discarded Patrol Boots
3994	Westfall Patched Wrist Guards
3995	Westfall Discarded Camouflage Cape
3996	Westfall Patched Combat Gloves
3997	Duskwood Tattered Combat Trousers
3998	Redridge Discarded Shoulder Harness
3999	Worn Armored Vest
4000	Westfall Weathered Utility Belt
4001	Westfall Mud-Stained Patrol Boots
4002	Westfall Frayed Wrist Guards
4003	Westfall Patched Camouflage Cape
4004	Westfall Battle-Worn Combat Gloves
4005	Duskwood Weathered Combat Trousers
4006	Redridge Worn Shoulder Harness
4007	Frayed Armored Vest
4008	Westfall Salvaged Utility Belt
4009	Westfall Battle-Worn Patrol Boots
4010	Westfall Weathered Wrist Guards
4011	Westfall Weathered Camouflage Cape
4012	Westfall Sun-Faded Combat Gloves
4013	Duskwood Scuffed Combat Trousers
4014	Redridge Weathered Shoulder Harness
4015	Battle-Worn Armored Vest
4017	Stromgarde Salt-Worn {weapon}
4018	Stromgarde Frayed {weapon}
4019	Stromgarde Weathered {weapon}
4020	Stromgarde Discarded {weapon}
4021	Stromgarde Scuffed {weapon}
4022	Alterac Sun-Faded {weapon}
4023	Alterac Tattered {weapon}
4024	Alterac Worn {weapon}
4025	Alterac Weathered {weapon}
4026	Alterac Discarded {weapon}
4030	Northshire Training Field Device
4031	Northshire Rugged Field Device
4032	Northshire Reinforced Field Device
4033	Northshire Double-Stitched Field Device
4035	Northshire Hardened Field Jacket
4036	Outrider Wrist Guards
4037	Westfall Mountain-Infantry Combat Trousers
4038	Northshire Expedition Field Jacket
4039	Northshire Stormproof Combat Helmet
4040	Westfall Stormproof Combat Gloves
4041	Northshire Frontline Combat Helmet
4042	Westfall Frontline Combat Gloves
4043	Northshire Campaign Wrist Guards
4044	Westfall Outrider Combat Trousers
4045	Northshire Field-Reinforced Wrist Guards
4046	Westfall Sentinel Combat Trousers
4047	Northshire Sentinel Patrol Boots
4048	Northshire Veteran Combat Helmet
4049	Northshire Sentinel Wrist Guards
4050	Westfall Frontline Combat Trousers
4051	Northshire Stormproof Patrol Boots
4052	Northshire Forward-Observer Combat Helmet
4054	Westfall Shock-Trooper Combat Trousers
4055	Northshire Forward-Observer Patrol Boots
4057	Northshire Expedition Recon Vest
4058	Northshire Field-Reinforced Recon Vest
4059	Northshire Frontline Wrist Guards
4060	Westfall Field-Reinforced Combat Trousers
4061	Northshire Trailblazer Wrist Guards
4062	Westfall Trailblazer Combat Trousers
4063	Westfall Sapper Combat Gloves
4064	Northshire Stormproof Riot Shield
4065	Northshire Shock-Trooper Riot Shield
4066	Northshire Outrider Riot Shield
4067	Northshire Sapper Riot Shield
4068	Northshire Sentinel Riot Shield
4069	Northshire Forward-Observer Riot Shield
4070	Northshire Mountain-Infantry Riot Shield
4071	Northshire Ranger-Issue Armored Vest
4072	Westfall Veteran Combat Gloves
4073	Northshire Expedition Patrol Boots
4074	Northshire Campaign Armored Vest
4075	Westfall Expedition Combat Gloves
4076	Northshire Campaign Patrol Boots
4077	Northshire Expedition Combat Helmet
4078	Northshire Shock-Trooper Combat Helmet
4079	Westfall Sapper Combat Trousers
4080	Northshire Hardened Combat Helmet
4081	Redridge Hardened Combat Trousers
4082	Northshire Pathfinder Armored Vest
4083	Westfall Mountain-Infantry Combat Gloves
4084	Redridge Veteran Combat Trousers
4086	Stromgarde Frontline {weapon}
4087	Stromgarde Field-Reinforced {weapon}
4088	Stromgarde Sentinel {weapon}
4089	Stromgarde Pathfinder {weapon}
4090	Redridge Night-Operations {weapon}
4091	Redridge Special-Recon {weapon}
4107	Westfall Campaign Combat Gloves
4108	Redridge Shock-Trooper Combat Trousers
4109	Northshire Mountain-Infantry Patrol Boots
4110	Stromgarde Mountain-Infantry {weapon}
4111	Stromgarde Hardened {weapon}
4112	Trailblazer Service Pendant
4113	Northshire Sentinel Camouflage Cape
4114	Northshire Field-Reinforced Camouflage Cape
4115	Northshire Field-Reinforced Riot Shield
4116	Stromgarde Veteran {weapon}
4117	Sentinel Utility Belt
4118	Northshire Forward-Observer Wrist Guards
4119	Northshire Sapper Recon Vest
4120	Northshire Sapper Field Jacket
4121	Westfall Outrider Combat Gloves
4122	Stromgarde Shock-Trooper {weapon}
4123	Frontline Shoulder Harness
4124	Northshire Field-Reinforced Combat Helmet
4125	Field-Reinforced Command Manual
4126	Stromgarde Ranger-Issue {weapon}
4127	Stromgarde Sapper {weapon}
4128	Stromgarde Stormproof {weapon}
4129	Northshire Ranger-Issue Riot Shield
4130	Stormproof Field Device
4131	Mountain-Infantry Utility Belt
4132	Night-Operations Wrist Guards
4133	Northshire Expedition Wrist Guards
4134	Stromgarde Forward-Observer {weapon}
4135	Sapper Service Signet
4136	Westfall Sapper Patrol Boots
4137	Westfall Field-Reinforced Patrol Boots
4138	Northshire Veteran Armored Vest
4139	Westfall Expedition Patrol Boots
4140	Forward-Observer Shoulder Harness
4190	Northshire Rugged Recon Vest
4191	Westfall Training Combat Trousers
4192	Westfall Drill Combat Gloves
4193	Northshire Militia-Issue Combat Helmet
4194	Redridge Rugged Wrist Guards
4195	Duskwood Standard Patrol Boots
4196	Long-Range Shoulder Harness
4197	Special-Recon Shoulder Harness
4237	Redridge Strengthened Utility Belt
4239	Westfall Service Combat Gloves
4242	Redridge Ranger-Issue Combat Trousers
4243	Northshire Pathfinder Recon Vest
4244	Northshire Campaign Recon Vest
4246	Redridge Reinforced Utility Belt
4247	Westfall Hardened Combat Gloves
4248	Westfall Trailblazer Combat Gloves
4249	Night-Operations Utility Belt
4250	Northshire Field-Reinforced Utility Belt
4251	Hardened Shoulder Harness
4252	Veteran Shoulder Harness
4253	Commando Combat Gloves
4254	Westfall Shock-Trooper Combat Gloves
4255	Northshire Veteran Recon Vest
4256	Northshire Forward-Observer Recon Vest
4257	Northshire Ranger-Issue Utility Belt
4258	Northshire Stormproof Utility Belt
4259	Northshire Outrider Wrist Guards
4260	Northshire Shock-Trooper Wrist Guards
4261	Westfall Insulated Combat Trousers
4262	Siege-Engineer Utility Belt
4263	Northshire Weatherproof Riot Shield
4264	Northshire Shock-Trooper Utility Belt
4290	Northshire Frontline Riot Shield
4302	Lordaeron Drill {weapon}
4303	Stromgarde Campaign {weapon}
4307	Redridge Insulated Combat Gloves
4308	Redridge Standard Wrist Guards
4309	Redridge Mountain-Infantry Combat Trousers
4310	Westfall Field-Reinforced Combat Gloves
4311	Heavy-Duty Camouflage Cape
4312	Westfall Veteran Patrol Boots
4313	Westfall Forward-Observer Patrol Boots
4314	Reserve-Issue Shoulder Harness
4315	Service Shoulder Harness
4316	Redridge Campaign Combat Trousers
4317	Redridge Field-Reinforced Combat Trousers
4318	Westfall Sentinel Combat Gloves
4319	Redridge Sentinel Combat Gloves
4320	Assault-Team Patrol Boots
4321	Westfall Sentinel Patrol Boots
4322	Northshire Ranger-Issue Combat Helmet
4323	Night-Operations Combat Helmet
4324	Northshire Mountain-Infantry Field Jacket
4325	Westfall Stormproof Patrol Boots
4326	Northshire Expedition Camouflage Cape
4327	Rapid-Response Camouflage Cape
4328	Northshire Forward-Observer Utility Belt
4329	Northshire Outrider Utility Belt
4330	Westfall Field-Ready Field Shirt
4331	Redridge Shock-Trooper Combat Gloves
4332	Westfall Insulated Field Shirt
4333	Night-Operations Field Shirt
4334	Westfall Reinforced Field Shirt
4335	Westfall Double-Stitched Field Shirt
4336	Westfall Reserve-Issue Field Shirt
4343	Westfall Service Combat Trousers
4344	Westfall Toughened Field Shirt
4362	Alterac Sapper {weapon}
4368	Northshire Campaign Combat Helmet
4369	Alterac Frontline {weapon}
4372	Alterac Field-Reinforced {weapon}
4373	Northshire Outrider Combat Helmet
4379	Alterac Sentinel {weapon}
4383	Alterac Hardened {weapon}
4385	Northshire Mountain-Infantry Combat Helmet
4393	Northshire Trailblazer Combat Helmet
4430	Field-Reinforced Service Pendant
4434	Redridge Forward-Observer Combat Trousers
4436	Northshire Expedition Utility Belt
4437	Alterac Mountain-Infantry {weapon}
4438	Airborne Wrist Guards
4439	Alterac Shock-Trooper {weapon}
4442	Redridge Scuffed Shoulder Harness
4443	Campaign Shoulder Harness
4444	Northshire Hardened Riot Shield
4445	Alterac Campaign {weapon}
4446	Redridge Border-Guard {weapon}
4447	Northshire Trailblazer Camouflage Cape
4448	Northshire Sentinel Armored Vest
4449	Alterac Trailblazer {weapon}
4454	Redridge Combat-Rescue {weapon}
4455	Northshire Stormproof Recon Vest
4456	Northshire Pathfinder Utility Belt
4462	Northshire Hardened Camouflage Cape
4463	Northshire Hardened Utility Belt
4464	Westfall Pathfinder Patrol Boots
4465	Redridge Pathfinder Combat Gloves
4474	Alterac Ranger-Issue {weapon}
4476	Northshire Stormproof Field Jacket
4477	Northshire Trailblazer Riot Shield
4478	Redridge Pathfinder Combat Trousers
4504	Northshire Veteran Camouflage Cape
4505	Redridge Stormproof Combat Trousers
4507	Northshire Veteran Riot Shield
4508	Northshire Mountain-Infantry Armored Vest
4509	Redridge Field-Reinforced Combat Gloves
4511	Alterac Veteran {weapon}
4534	Northshire Hardened Wrist Guards
4535	Ranger-Issue Service Signet
4543	Northshire Sapper Combat Helmet
4545	Northshire Sapper Wrist Guards
4547	Alterac Pathfinder {weapon}
4548	Alterac Stormproof {weapon}
4549	Sentinel Service Signet
4550	Northshire Sentinel Service Signet
4560	Lordaeron Training {weapon}
4561	Alterac Forward-Observer {weapon}
4562	Alterac Expedition {weapon}
4563	Lordaeron Rugged {weapon}
4564	Alterac Outrider {weapon}
4565	Lordaeron Double-Stitched {weapon}
4566	Southshore Campaign {weapon}
4567	Southshore Frontline {weapon}
4568	Southshore Forward-Observer {weapon}
4569	Southshore Ranger-Issue {weapon}
4570	Southshore Stormproof {weapon}
4571	Southshore Hardened {weapon}
4574	Westfall Rugged Combat Trousers
4575	Southshore Sapper {weapon}
4576	Southshore Outrider {weapon}
4577	Southshore Veteran {weapon}
4614	Pathfinder Service Pendant
4616	Lordaeron Militia-Issue {weapon}
4642	Veteran Command Manual
4643	Northshire Ranger-Issue Camouflage Cape
4652	Northshire Pathfinder Riot Shield
4653	Westfall Hardened Patrol Boots
4657	Militia-Issue Shoulder Harness
4658	Northshire Padded Camouflage Cape
4659	Redridge Weatherproof Utility Belt
4660	Westfall Campaign Patrol Boots
4661	Ranger-Issue Shoulder Harness
4662	Northshire Insulated Camouflage Cape
4663	Redridge Padded Utility Belt
4664	Scorched Shoulder Harness
4665	Scorched Camouflage Cape
4666	Scorched Utility Belt
4667	Standard Shoulder Harness
4668	Northshire Service Camouflage Cape
4669	Redridge Double-Stitched Utility Belt
4670	Training Shoulder Harness
4671	Northshire Training Camouflage Cape
4672	Duskwood Insulated Utility Belt
4673	Northshire Rugged Shoulder Harness
4674	Northshire Rugged Camouflage Cape
4675	Duskwood Service Utility Belt
4676	Redridge Stormproof Combat Gloves
4677	Northshire Militia-Issue Camouflage Cape
4678	Duskwood Strengthened Utility Belt
4679	Redridge Battle-Worn Shoulder Harness
4680	Northshire Standard Camouflage Cape
4681	Duskwood Reinforced Utility Belt
4682	Redridge Sun-Faded Shoulder Harness
4683	Northshire Strengthened Camouflage Cape
4684	Duskwood Rugged Utility Belt
4685	Redridge Salvaged Shoulder Harness
4686	Northshire Reinforced Camouflage Cape
4687	Duskwood Militia-Issue Utility Belt
4688	Redridge Salt-Worn Shoulder Harness
4689	Northshire Garrison-Issue Camouflage Cape
4690	Duskwood Standard Utility Belt
4691	Redridge Tattered Shoulder Harness
4692	Northshire Weatherproof Camouflage Cape
4693	Duskwood Garrison-Issue Utility Belt
4694	Northshire Drill Shoulder Harness
4695	Northshire Pathfinder Camouflage Cape
4696	Assault-Team Command Manual
4697	Northshire Campaign Utility Belt
4698	Northshire Field-Ready Shoulder Harness
4699	Northshire Frontline Utility Belt
4700	Northshire Toughened Shoulder Harness
4701	Northshire Stormproof Camouflage Cape
4704	Lordaeron Reinforced {weapon}
4705	Outrider Shoulder Harness
4706	Northshire Outrider Camouflage Cape
4707	Northshire Sapper Utility Belt
4708	Northshire Trailblazer Utility Belt
4709	Northshire Field-Reinforced Shoulder Harness
4710	Northshire Campaign Camouflage Cape
4711	Northshire Sapper Camouflage Cape
4712	Northshire Veteran Utility Belt
4713	Northshire Mountain-Infantry Camouflage Cape
4714	Northshire Sentinel Utility Belt
4715	Northshire Forward-Observer Camouflage Cape
4716	Northshire Frontline Camouflage Cape
4717	Northshire Mountain-Infantry Utility Belt
4718	Northshire Stormproof Shoulder Harness
4719	Northshire Shock-Trooper Camouflage Cape
4720	Westfall Ranger-Issue Utility Belt
4721	Northshire Forward-Observer Shoulder Harness
4722	Westfall Veteran Camouflage Cape
4723	Redridge Sentinel Combat Trousers
4724	Northshire Pathfinder Combat Helmet
4725	Northshire Trailblazer Shoulder Harness
4726	Westfall Forward-Observer Camouflage Cape
4727	Westfall Outrider Utility Belt
4728	Northshire Garrison-Issue Shoulder Harness
4729	Northshire Frontline Shoulder Harness
4730	Alterac Salvaged {weapon}
4731	Northshire Outrider Shoulder Harness
4732	Westfall Expedition Camouflage Cape
4733	Northshire Veteran Shoulder Harness
4734	Northshire Sapper Shoulder Harness
4735	Westfall Shock-Trooper Camouflage Cape
4736	Westfall Field-Reinforced Utility Belt
4737	Northshire Sentinel Shoulder Harness
4738	Westfall Trailblazer Utility Belt
4741	Redridge Frontline Combat Trousers
4743	Ranger-Issue Service Pendant
4744	Northshire Mountain-Infantry Wrist Guards
4745	Northshire Veteran Wrist Guards
4746	Northshire Veteran Field Jacket
4750	Strengthened Field Kit
4760	Reinforced Field Kit
4761	Duskwood Patched Combat Trousers
4762	Garrison-Issue Field Kit
4763	Southshore Field-Reinforced {weapon}
4764	Redridge Patched Shoulder Harness
4765	Southshore Expedition {weapon}
4766	Southshore Shock-Trooper {weapon}
4767	Redridge Hardened Combat Gloves
4768	Redridge Veteran Combat Gloves
4771	Westfall Hardened Camouflage Cape
4772	Northshire Double-Stitched Camouflage Cape
4773	Westfall Mud-Stained Wrist Guards
4774	Westfall Salvaged Wrist Guards
4777	Southshore Trailblazer {weapon}
4778	Southshore Sentinel {weapon}
4781	Northshire Forward-Observer Field Jacket
4782	Northshire Frontline Field Jacket
4785	Westfall Shock-Trooper Utility Belt
4786	Westfall Forward-Observer Utility Belt
4788	Westfall Frontline Patrol Boots
4789	Westfall Outrider Patrol Boots
4790	Westfall Field-Reinforced Camouflage Cape
4792	Westfall Frontline Camouflage Cape
4793	Westfall Outrider Camouflage Cape
4794	Northshire Ranger-Issue Wrist Guards
4795	Northshire Pathfinder Wrist Guards
4796	Northshire Stormproof Wrist Guards
4797	Westfall Trailblazer Camouflage Cape
4798	Westfall Sapper Camouflage Cape
4799	Westfall Sentinel Camouflage Cape
4800	Redridge Trailblazer Combat Trousers
4810	Northshire Campaign Shoulder Harness
4811	Redridge Frayed Shoulder Harness
4812	Redridge Mud-Stained Shoulder Harness
4815	Heavy-Duty Shoulder Harness
4816	Redridge Sapper Combat Trousers
4817	Southshore Mountain-Infantry {weapon}
4818	Southshore Pathfinder {weapon}
4820	Northshire Expedition Riot Shield
4821	Northshire Campaign Riot Shield
4822	Westfall Sapper Riot Shield
4824	Hillsbrad Field-Reinforced {weapon}
4825	Hillsbrad Sapper {weapon}
4826	Hillsbrad Shock-Trooper {weapon}
4827	Westfall Sapper Utility Belt
4828	Westfall Sentinel Utility Belt
4829	Westfall Mountain-Infantry Utility Belt
4830	Redridge Expedition Combat Trousers
4831	Redridge Outrider Combat Trousers
4832	Duskwood Mountain-Infantry Combat Trousers
4833	Northshire Mountain-Infantry Shoulder Harness
4835	Northshire Ranger-Issue Shoulder Harness
4836	Trailblazer Command Manual
4837	Sentinel Command Manual
4838	Shock-Trooper Command Manual
4840	Lordaeron Padded {weapon}
4853	Northshire Padded Combat Helmet
4854	Northshire Field-Ready Camouflage Cape
4855	Duskwood Weathered Shoulder Harness
4856	Duskwood Scuffed Shoulder Harness
4857	Duskwood Patched Shoulder Harness
4858	Duskwood Frayed Shoulder Harness
4861	Northshire Trailblazer Recon Vest
4899	Alterac Scuffed {weapon}
4900	Alterac Battle-Worn {weapon}
4901	Alterac Patched {weapon}
4902	Lordaeron Weatherproof {weapon}
4906	Duskwood Drill Patrol Boots
4907	Northshire Reserve-Issue Recon Vest
4908	Redridge Toughened Wrist Guards
4909	Duskwood Veteran Combat Trousers
4910	Redridge Reserve-Issue Combat Gloves
4911	Northshire Training Riot Shield
4912	Alterac Frayed {weapon}
4913	Duskwood Reserve-Issue Utility Belt
4914	Redridge Toughened Combat Gloves
4915	Duskwood Toughened Patrol Boots
4916	Northshire Drill Field Jacket
4917	Westfall Militia-Issue Combat Trousers
4919	Duskwood Field-Ready Utility Belt
4920	Northshire Toughened Camouflage Cape
4921	Westfall Standard Combat Trousers
4922	Northshire Reserve-Issue Armored Vest
4923	Lordaeron Field-Ready {weapon}
4924	Lordaeron Insulated {weapon}
4925	Lordaeron Toughened {weapon}
4928	Redridge Strengthened Wrist Guards
4929	Northshire Insulated Recon Vest
4931	Lordaeron Garrison-Issue {weapon}
4932	Lordaeron Reserve-Issue {weapon}
4933	Northshire Reserve-Issue Camouflage Cape
4934	Northshire Padded Shoulder Harness
4935	Duskwood Training Utility Belt
4936	Duskwood Strengthened Patrol Boots
4937	Northshire Double-Stitched Riot Shield
4938	Lordaeron Service {weapon}
4939	Hillsbrad Pathfinder {weapon}
4940	Redridge Service Combat Gloves
4942	Duskwood Reinforced Patrol Boots
4943	Stromgarde Training {weapon}
4944	Westfall Training Camouflage Cape
4946	Duskwood Reserve-Issue Patrol Boots
4947	Hillsbrad Trailblazer {weapon}
4948	Hillsbrad Mountain-Infantry {weapon}
4949	Hillsbrad Forward-Observer {weapon}
4950	Northshire Field-Ready Riot Shield
4951	Duskwood Drill Utility Belt
4954	Duskwood Toughened Utility Belt
4955	Northshire Reserve-Issue Shoulder Harness
4956	Stromgarde Garrison-Issue {weapon}
4958	Westfall Drill Camouflage Cape
4959	Rugged Combat Knife
4961	Stromgarde Weatherproof {weapon}
4962	Redridge Padded Combat Gloves
4963	Westfall Padded Camouflage Cape
4964	Hillsbrad Veteran {weapon}
4965	Stromgarde Padded {weapon}
4967	Northshire Toughened Riot Shield
4968	Northshire Militia-Issue Recon Vest
4969	Redridge Reinforced Wrist Guards
4970	Westfall Strengthened Combat Trousers
4971	Hillsbrad Hardened {weapon}
4972	Stormwind Training Patrol Boots
4973	Redridge Garrison-Issue Wrist Guards
4974	Hillsbrad Sentinel {weapon}
4975	Westfall Sentinel Riot Shield
4976	Duskwood Shock-Trooper Combat Trousers
4977	Hillsbrad Ranger-Issue {weapon}
4978	Hillsbrad Frontline {weapon}
4979	Westfall Field-Reinforced Wrist Guards
4980	Redridge Campaign Combat Gloves
4982	Westfall Mud-Stained Utility Belt
4983	Hillsbrad Stormproof {weapon}
4984	Sapper Command Manual
4985	Alterac Mud-Stained {weapon}
4987	Hillsbrad Expedition {weapon}
4988	Northshire Ranger-Issue Service Signet
4989	Northshire Ranger-Issue Field Jacket
4990	Westfall Pathfinder Wrist Guards
4991	Alterac Salt-Worn {weapon}
4993	Southshore Salt-Worn {weapon}
4994	Southshore Frayed {weapon}
4996	Southshore Patched {weapon}
4998	Northshire Frontline Service Signet
4999	Northshire Field-Reinforced Service Signet
5000	Northshire Shock-Trooper Service Signet
5001	Northshire Trailblazer Service Signet
5002	Sentinel Service Pendant
5003	Mountain-Infantry Service Pendant
5004	Stormproof Service Pendant
5005	Forward-Observer Service Pendant
5007	Northshire Mountain-Infantry Service Signet
5008	Northshire Stormproof Service Signet
5009	Northshire Forward-Observer Service Signet
5010	Northshire Outrider Service Signet
5011	Northshire Sapper Service Signet
5016	Duskwood Stormproof Combat Trousers
5028	Pathfinder Command Manual
5029	Hardened Service Pendant
5031	Redridge Counter-Sniper {weapon}
5032	Hillsbrad Campaign {weapon}
5033	Hillsbrad Outrider {weapon}
5034	Silverpine Forward-Observer {weapon}
5035	Silverpine Expedition {weapon}
5036	Redridge Marine {weapon}
5037	Silverpine Campaign {weapon}
5039	Silverpine Frontline {weapon}
5040	Stromgarde Militia-Issue {weapon}
5053	Northshire Patched Field Jacket
5069	Silverpine Mountain-Infantry {weapon}
5070	Stromgarde Double-Stitched {weapon}
5071	Silverpine Veteran {weapon}
5079	Frontline Field Device
5090	Westfall Strengthened Field Shirt
5091	Westfall Garrison-Issue Field Shirt
5092	Stromgarde Insulated {weapon}
5093	Stromgarde Field-Ready {weapon}
5094	Northshire Rugged Riot Shield
5106	Northshire Sun-Faded Combat Helmet
5107	Westfall Rugged Field Shirt
5108	Northshire Reinforced Recon Vest
5109	Northshire Weatherproof Field Jacket
5110	Northshire Service Field Jacket
5111	Westfall Ranger-Issue Camouflage Cape
5112	Silverpine Sentinel {weapon}
5180	Expedition Service Pendant
5181	Westfall Pathfinder Camouflage Cape
5182	Silverpine Trailblazer {weapon}
5183	Night-Operations Command Manual
5187	Stromgarde Drill {weapon}
5191	Redridge Siege-Engineer {weapon}
5192	Silverpine Sapper {weapon}
5193	Assault-Team Camouflage Cape
5194	Duskwood Deep-Patrol {weapon}
5195	Redridge Frontline Combat Gloves
5196	Silverpine Outrider {weapon}
5197	Silverpine Shock-Trooper {weapon}
5198	Duskwood Border-Guard {weapon}
5199	Duskwood Campaign Combat Trousers
5200	Silverpine Hardened {weapon}
5201	Duskwood Airborne {weapon}
5202	Counter-Sniper Field Jacket
5207	Silverpine Field-Reinforced {weapon}
5208	Stromgarde Toughened {weapon}
5209	Stromgarde Reserve-Issue {weapon}
5210	Stromgarde Service {weapon}
5211	Stromgarde Rugged {weapon}
5212	Silverpine Stormproof {weapon}
5213	Silverpine Ranger-Issue {weapon}
5214	Silverpine Pathfinder {weapon}
5215	Arathi Trailblazer {weapon}
5216	Arathi Hardened {weapon}
5222	Northshire Service Field Device
5226	Northshire Field-Ready Field Device
5230	Frontline Command Manual
5231	Field-Ready Command Manual
5235	Stromgarde Standard {weapon}
5236	Stromgarde Strengthened {weapon}
5238	Stromgarde Reinforced {weapon}
5239	Alterac Strengthened {weapon}
5240	Arathi Frontline {weapon}
5241	Arathi Forward-Observer {weapon}
5242	Arathi Pathfinder {weapon}
5243	Duskwood Siege-Engineer {weapon}
5244	Arathi Veteran {weapon}
5245	Arathi Expedition {weapon}
5246	Arathi Ranger-Issue {weapon}
5247	Arathi Shock-Trooper {weapon}
5248	Arathi Outrider {weapon}
5249	Arathi Field-Reinforced {weapon}
5250	Arathi Mountain-Infantry {weapon}
5252	Arathi Sapper {weapon}
5253	Arathi Sentinel {weapon}
5254	Northshire Insulated Shoulder Harness
5255	Arathi Stormproof {weapon}
5256	Arathi Campaign {weapon}
5257	Marine Camouflage Cape
5258	Southshore Mud-Stained {weapon}
5259	Southshore Battle-Worn {weapon}
5260	Southshore Sun-Faded {weapon}
5261	Southshore Salvaged {weapon}
5262	Southshore Worn {weapon}
5266	Deep-Patrol Service Signet
5267	Duskwood Vanguard {weapon}
5274	Northshire Hardened Shoulder Harness
5275	Westfall Veteran Utility Belt
5276	Southshore Tattered {weapon}
5277	Southshore Weathered {weapon}
5278	Southshore Discarded {weapon}
5279	Dun Morogh Pathfinder {weapon}
5280	Southshore Scuffed {weapon}
5281	Hillsbrad Mud-Stained {weapon}
5282	Hillsbrad Salt-Worn {weapon}
5283	Hillsbrad Battle-Worn {weapon}
5284	Hillsbrad Sun-Faded {weapon}
5285	Hillsbrad Salvaged {weapon}
5286	Hillsbrad Scuffed {weapon}
5287	Hillsbrad Patched {weapon}
5288	Hillsbrad Frayed {weapon}
5289	Hillsbrad Worn {weapon}
5290	Hillsbrad Discarded {weapon}
5291	Hillsbrad Tattered {weapon}
5292	Hillsbrad Weathered {weapon}
5293	Silverpine Battle-Worn {weapon}
5294	Redridge Rugged Combat Gloves
5295	Redridge Militia-Issue Combat Gloves
5296	Redridge Strengthened Combat Gloves
5297	Redridge Garrison-Issue Combat Gloves
5298	Redridge Weatherproof Combat Gloves
5299	Redridge Expedition Combat Gloves
5300	Silverpine Sun-Faded {weapon}
5301	Silverpine Salvaged {weapon}
5302	Westfall Shock-Trooper Riot Shield
5303	Silverpine Tattered {weapon}
5304	Silverpine Weathered {weapon}
5305	Silverpine Worn {weapon}
5306	Dun Morogh Sentinel {weapon}
5307	Northshire Discarded Combat Helmet
5308	Westfall Salvaged Combat Gloves
5309	Dun Morogh Campaign {weapon}
5310	Duskwood Forward-Observer Combat Trousers
5311	Westfall Shock-Trooper Patrol Boots
5312	Redridge Outrider Combat Gloves
5313	Northshire Hardened Service Signet
5314	Westfall Campaign Camouflage Cape
5315	Westfall Stormproof Wrist Guards
5316	Northshire Sentinel Recon Vest
5317	Northshire Mountain-Infantry Recon Vest
5318	Dun Morogh Forward-Observer {weapon}
5319	Northshire Service Shoulder Harness
5320	Westfall Trailblazer Patrol Boots
5321	Dun Morogh Field-Reinforced {weapon}
5322	Dun Morogh Mountain-Infantry {weapon}
5323	Stormproof Command Manual
5324	Dun Morogh Stormproof {weapon}
5325	Westfall Expedition Riot Shield
5326	Dun Morogh Expedition {weapon}
5327	Duskwood Expedition Combat Trousers
5328	Westfall Pathfinder Utility Belt
5337	Redridge Ranger-Issue Combat Gloves
5340	Dun Morogh Outrider {weapon}
5341	Northshire Ranger-Issue Recon Vest
5343	Westfall Stormproof Camouflage Cape
5344	Dun Morogh Hardened {weapon}
5345	Dun Morogh Frontline {weapon}
5346	Dun Morogh Veteran {weapon}
5347	Alterac Field-Ready {weapon}
5351	Northshire Expedition Service Signet
5355	Westfall Hardened Utility Belt
5356	Dun Morogh Ranger-Issue {weapon}
5357	Westfall Veteran Riot Shield
5358	Northshire Salvaged Combat Helmet
5379	Weathered Combat Knife
5387	Westfall Mountain-Infantry Camouflage Cape
5392	Alterac Weatherproof {weapon}
5393	Alterac Militia-Issue {weapon}
5394	Redridge Drill Combat Gloves
5395	Northshire Drill Riot Shield
5398	Westfall Reinforced Combat Trousers
5399	Stormwind Reserve-Issue Patrol Boots
5404	Northshire Training Shoulder Harness
5405	Westfall Field-Ready Camouflage Cape
5408	Garrison-Issue Command Manual
5409	Standard Command Manual
5419	Redridge Double-Stitched Wrist Guards
5420	Westfall Mountain-Infantry Field Jacket
5422	Duskwood Frontline Combat Trousers
5423	Duskwood Special-Recon {weapon}
5425	Westfall Campaign Utility Belt
5426	Duskwood Night-Operations {weapon}
5443	Rapid-Response Riot Shield
5444	Redridge Stormproof Camouflage Cape
5458	Duskwood Weatherproof Utility Belt
5459	Dun Morogh Sapper {weapon}
5491	Silverpine Discarded {weapon}
5495	Silverpine Salt-Worn {weapon}
5502	Silverpine Scuffed {weapon}
5516	Silverpine Patched {weapon}
5522	Double-Stitched Command Manual
5532	Silverpine Frayed {weapon}
5540	Dun Morogh Shock-Trooper {weapon}
5541	Dun Morogh Trailblazer {weapon}
5542	Redridge Forward-Observer Camouflage Cape
5545	Silverpine Mud-Stained {weapon}
5546	Arathi Mud-Stained {weapon}
5548	Arathi Weathered {weapon}
5549	Arathi Frayed {weapon}
5550	Arathi Scuffed {weapon}
5551	Arathi Patched {weapon}
5552	Arathi Discarded {weapon}
5553	Arathi Salt-Worn {weapon}
5554	Arathi Battle-Worn {weapon}
5555	Arathi Sun-Faded {weapon}
5556	Arathi Salvaged {weapon}
5557	Arathi Worn {weapon}
5558	Arathi Tattered {weapon}
5559	Reinforced Combat Knife
5560	Dun Morogh Mud-Stained {weapon}
5561	Dun Morogh Frayed {weapon}
5579	Alterac Padded {weapon}
5580	Alterac Drill {weapon}
5581	Alterac Standard {weapon}
5586	Alterac Service {weapon}
5587	Menethil Veteran {weapon}
5589	Redridge Training Combat Gloves
5590	Redridge Reserve-Issue Wrist Guards
5591	Westfall Service Camouflage Cape
5592	Duskwood Double-Stitched Utility Belt
5593	Northshire Padded Riot Shield
5595	Alterac Reinforced {weapon}
5596	Alterac Training {weapon}
5597	Dun Morogh Sun-Faded {weapon}
5598	Dun Morogh Scuffed {weapon}
5599	Dun Morogh Patched {weapon}
5600	Dun Morogh Salt-Worn {weapon}
5604	Menethil Hardened {weapon}
5605	Alterac Insulated {weapon}
5606	Redridge Standard Combat Gloves
5607	Northshire Militia-Issue Shoulder Harness
5608	Northshire Sentinel Combat Helmet
5609	Westfall Frontline Utility Belt
5610	Redridge Hardened Camouflage Cape
5611	Expedition Command Manual
5612	Duskwood Militia-Issue Wrist Guards
5613	Menethil Ranger-Issue {weapon}
5614	Menethil Campaign {weapon}
5615	Menethil Trailblazer {weapon}
5616	Duskwood Tunnel-Raider {weapon}
5617	Duskwood Hardened Combat Trousers
5618	Westfall Rugged Camouflage Cape
5622	Northshire Campaign Service Signet
5624	Westfall Campaign Combat Helmet
5625	Northshire Scuffed Combat Helmet
5626	Menethil Forward-Observer {weapon}
5627	Menethil Pathfinder {weapon}
5629	Redridge Trailblazer Combat Gloves
5630	Redridge Sapper Combat Gloves
5739	Northshire Drill Recon Vest
5742	Menethil Frontline {weapon}
5743	Northshire Veteran Service Signet
5744	Menethil Stormproof {weapon}
5745	Dun Morogh Salvaged {weapon}
5746	Dun Morogh Worn {weapon}
5747	Dun Morogh Discarded {weapon}
5748	Menethil Expedition {weapon}
5749	Menethil Outrider {weapon}
5750	Westfall Stormproof Utility Belt
5751	Redridge Shock-Trooper Camouflage Cape
5752	Menethil Shock-Trooper {weapon}
5753	Westfall Veteran Combat Helmet
5754	Wolfpack Service Pendant
5755	Northshire Expedition Armored Vest
5756	Duskwood Marine {weapon}
5757	Menethil Field-Reinforced {weapon}
5761	Alterac Rugged {weapon}
5766	Westfall Trailblazer Field Jacket
5767	Northshire Training Field Jacket
5770	Westfall Hardened Field Jacket
5776	Alterac Garrison-Issue {weapon}
5777	Alterac Toughened {weapon}
5778	Alterac Double-Stitched {weapon}
5779	Alterac Reserve-Issue {weapon}
5780	Westfall Expedition Utility Belt
5781	Northshire Outrider Recon Vest
5782	Northshire Shock-Trooper Recon Vest
5783	Westfall Frontline Wrist Guards
5812	Westfall Shock-Trooper Field Jacket
5813	Menethil Sapper {weapon}
5814	Westfall Hardened Recon Vest
5815	Menethil Sentinel {weapon}
5817	Menethil Mountain-Infantry {weapon}
5818	Theramore Veteran {weapon}
5819	Special-Recon Combat Helmet
5820	Northshire Pathfinder Shoulder Harness
5821	Westfall Mountain-Infantry Patrol Boots
5822	Redridge Mountain-Infantry Combat Gloves
5828	Oathkeeper Service Signet
5856	Salt-Worn Combat Knife
5870	Battle-Worn Combat Knife
5936	Duskwood Padded Utility Belt
5939	Redridge Reinforced Combat Gloves
5940	Westfall Reinforced Riot Shield
5941	Redridge Rugged Combat Trousers
5943	Westfall Trailblazer Wrist Guards
5944	Westfall Ranger-Issue Patrol Boots
5953	Southshore Garrison-Issue {weapon}
5954	Southshore Weatherproof {weapon}
5956	Southshore Militia-Issue {weapon}
5957	Northshire Padded Recon Vest
5958	Duskwood Outrider Combat Trousers
5961	Duskwood Field-Reinforced Combat Trousers
5962	Duskwood Ranger-Issue Combat Trousers
5963	Duskwood Trailblazer Combat Trousers
5964	Northshire Expedition Shoulder Harness
5965	Redridge Expedition Camouflage Cape
5966	Redridge Double-Stitched Combat Gloves
5967	Redridge Pathfinder Utility Belt
5968	Redridge Veteran Patrol Boots
5969	Redridge Frontline Camouflage Cape
5970	Redridge Forward-Observer Combat Gloves
5971	Redridge Field-Reinforced Camouflage Cape
5975	Redridge Outrider Utility Belt
5976	Garrison-Issue Unit Tabard
6036	Dun Morogh Battle-Worn {weapon}
6040	Duskwood Reserve-Issue Wrist Guards
6058	Stormwind Toughened Utility Belt
6059	Northshire Service Recon Vest
6060	Duskwood Field-Ready Wrist Guards
6061	Duskwood Insulated Wrist Guards
6062	Duskwood Service Wrist Guards
6063	Redridge Field-Ready Combat Gloves
6070	Duskwood Toughened Wrist Guards
6076	Redridge Field-Ready Combat Trousers
6078	Westfall Insulated Riot Shield
6084	Duskwood Pathfinder Combat Trousers
6085	Westfall Mountain-Infantry Recon Vest
6087	Assault-Team Combat Trousers
6088	Sun-Faded Combat Knife
6092	Redridge Stormproof Patrol Boots
6093	Theramore Hardened {weapon}
6094	Theramore Pathfinder {weapon}
6095	Redridge Outrider Patrol Boots
6096	Westfall Weatherproof Field Shirt
6097	Westfall Drill Field Shirt
6098	Northshire Frayed Field Jacket
6116	Northshire Mud-Stained Field Jacket
6117	Westfall Padded Field Shirt
6118	Duskwood Frayed Combat Trousers
6119	Northshire Salt-Worn Field Jacket
6120	Reserve Recruit's Field Shirt
6121	Reserve Training Trousers
6122	Reserve Patrol Boots
6123	Northshire Battle-Worn Field Jacket
6124	Duskwood Mud-Stained Combat Trousers
6125	Westfall Service Field Shirt
6126	Duskwood Salt-Worn Combat Trousers
6127	Stormwind Strengthened Patrol Boots
6128	Northshire Salvaged Field Jacket
6129	Northshire Worn Field Jacket
6130	Westfall Training Field Shirt
6131	Duskwood Battle-Worn Combat Trousers
6134	Westfall Militia-Issue Field Shirt
6135	Stormwind Frayed Combat Trousers
6136	Westfall Standard Field Shirt
6137	Stormwind Patched Combat Trousers
6138	Stormwind Reinforced Patrol Boots
6139	Northshire Discarded Field Jacket
6140	Northshire Tattered Field Jacket
6141	Stormwind Mud-Stained Combat Trousers
6142	Redridge Strengthened Field Shirt
6143	Stormwind Garrison-Issue Patrol Boots
6144	Northshire Weathered Field Jacket
6147	Stormwind Service Utility Belt
6148	Stormwind Insulated Patrol Boots
6171	Duskwood Toughened Combat Gloves
6173	Stormwind Field-Ready Patrol Boots
6174	Dun Morogh Tattered {weapon}
6176	Westfall Service Riot Shield
6177	Duskwood Standard Wrist Guards
6179	Redridge Campaign Camouflage Cape
6180	Northshire Stormproof Armored Vest
6182	Insulated Command Manual
6185	Westfall Toughened Camouflage Cape
6186	Theramore Shock-Trooper {weapon}
6187	Westfall Campaign Riot Shield
6188	Redridge Ranger-Issue Patrol Boots
6189	Northshire Standard Shoulder Harness
6191	Redridge Frontline Patrol Boots
6194	Theramore Ranger-Issue {weapon}
6195	Northshire Forward-Observer Armored Vest
6196	Dun Morogh Weathered {weapon}
6197	Westfall Frontline Recon Vest
6198	Westfall Hardened Wrist Guards
6199	Northshire Pathfinder Service Signet
6200	Redridge Hardened Utility Belt
6201	Stormwind Service Patrol Boots
6202	Duskwood Service Combat Gloves
6203	Westfall Strengthened Riot Shield
6204	Westfall Ranger-Issue Combat Helmet
6205	Theramore Stormproof {weapon}
6206	Southshore Standard {weapon}
6214	Southshore Double-Stitched {weapon}
6215	Theramore Campaign {weapon}
6219	Southshore Reserve-Issue {weapon}
6220	Duskwood Combat-Rescue {weapon}
6223	Night-Operations Riot Shield
6224	Menethil Worn {weapon}
6225	Menethil Frayed {weapon}
6226	Westfall Frontline Field Jacket
6227	Menethil Mud-Stained {weapon}
6228	Menethil Salt-Worn {weapon}
6229	Menethil Battle-Worn {weapon}
6230	Menethil Salvaged {weapon}
6231	Menethil Discarded {weapon}
6232	Menethil Sun-Faded {weapon}
6233	Menethil Tattered {weapon}
6234	Menethil Weathered {weapon}
6235	Menethil Scuffed {weapon}
6236	Menethil Patched {weapon}
6237	Theramore Frayed {weapon}
6238	Westfall Field-Reinforced Field Jacket
6239	Westfall Sapper Field Jacket
6240	Westfall Sentinel Field Jacket
6241	Westfall Veteran Field Jacket
6242	Westfall Ranger-Issue Field Jacket
6243	Westfall Pathfinder Field Jacket
6254	Westfall Sun-Faded Riot Shield
6255	Theramore Expedition {weapon}
6256	Southshore Field-Ready {weapon}
6263	Westfall Forward-Observer Field Jacket
6264	Westfall Outrider Field Jacket
6266	Westfall Stormproof Field Jacket
6267	Duskwood Sapper Combat Trousers
6268	Westfall Veteran Recon Vest
6269	Duskwood Sentinel Combat Trousers
6282	Stormwind Veteran Combat Trousers
6314	Wolfpack Camouflage Cape
6315	Theramore Sapper {weapon}
6318	Duskwood Rapid-Response {weapon}
6319	Redridge Trailblazer Utility Belt
6320	Long-Range Riot Shield
6321	Rapid-Response Service Signet
6322	Theramore Tattered {weapon}
6323	Theramore Sentinel {weapon}
6324	Vanguard Field Jacket
6327	Duskwood Assault-Team {weapon}
6331	Duskwood Breach-Team {weapon}
6332	Assault-Team Service Signet
6333	Theramore Forward-Observer {weapon}
6334	Theramore Salt-Worn {weapon}
6335	Redridge Mountain-Infantry Patrol Boots
6336	Northshire Frontline Armored Vest
6337	Stormwind Mountain-Infantry Combat Trousers
6340	Redridge Trailblazer Camouflage Cape
6341	Campaign Command Manual
6350	Stormwind Double-Stitched Patrol Boots
6360	Theramore Mountain-Infantry {weapon}
6365	Southshore Rugged {weapon}
6366	Southshore Drill {weapon}
6367	Southshore Reinforced {weapon}
6378	Redridge Ranger-Issue Camouflage Cape
6379	Redridge Stormproof Utility Belt
6380	Westfall Frontline Riot Shield
6381	Redridge Outrider Camouflage Cape
6382	Redridge Shock-Trooper Utility Belt
6383	Westfall Mountain-Infantry Riot Shield
6384	Redridge Drill Field Shirt
6385	Redridge Padded Field Shirt
6386	Stormwind Ranger-Issue Combat Trousers
6387	Westfall Veteran Wrist Guards
6388	Northshire Shock-Trooper Shoulder Harness
6389	Westfall Pathfinder Combat Helmet
6392	Vanguard Utility Belt
6393	Duskwood Sapper Combat Gloves
6394	Redridge Trailblazer Patrol Boots
6395	Westfall Sentinel Shoulder Harness
6396	Westfall Ranger-Issue Recon Vest
6397	Duskwood Mountain-Infantry Combat Gloves
6398	Redridge Mountain-Infantry Utility Belt
6399	Westfall Hardened Shoulder Harness
6400	Westfall Forward-Observer Riot Shield
6402	Stormwind Campaign Combat Trousers
6403	Westfall Forward-Observer Wrist Guards
6404	Westfall Expedition Shoulder Harness
6405	Stormwind Forward-Observer Combat Trousers
6406	Redridge Pathfinder Patrol Boots
6407	Westfall Ranger-Issue Wrist Guards
6408	Duskwood Stormproof Combat Gloves
6409	Redridge Forward-Observer Utility Belt
6410	Westfall Expedition Wrist Guards
6411	Northshire Trailblazer Armored Vest
6412	Redridge Shock-Trooper Patrol Boots
6413	Westfall Outrider Wrist Guards
6414	Vanguard Service Signet
6415	Westfall Expedition Field Jacket
6416	Redridge Campaign Patrol Boots
6417	Redridge Sapper Camouflage Cape
6418	Redridge Expedition Utility Belt
6419	Duskwood Frontline Combat Gloves
6420	Redridge Field-Reinforced Patrol Boots
6421	Redridge Frontline Utility Belt
6422	Westfall Outrider Combat Helmet
6423	Redridge Hardened Patrol Boots
6424	Redridge Sentinel Camouflage Cape
6425	Redridge Veteran Utility Belt
6426	Westfall Sentinel Wrist Guards
6427	Westfall Campaign Field Jacket
6428	Duskwood Trailblazer Combat Gloves
6429	Westfall Sapper Combat Helmet
6430	Westfall Pathfinder Recon Vest
6431	Redridge Sapper Patrol Boots
6432	Redridge Mountain-Infantry Camouflage Cape
6433	Westfall Sentinel Combat Helmet
6434	Westfall Salvaged Riot Shield
6440	Commando Service Signet
6447	Westfall Padded Riot Shield
6448	Theramore Frontline {weapon}
6449	Siege-Engineer Camouflage Cape
6459	Redridge Sentinel Patrol Boots
6460	Assault-Team Utility Belt
6461	Combat-Rescue Shoulder Harness
6463	Combat-Rescue Service Signet
6465	Redridge Campaign Field Jacket
6466	Redridge Pathfinder Camouflage Cape
6467	Duskwood Campaign Combat Gloves
6468	Border-Guard Utility Belt
6469	Duskwood Counter-Sniper {weapon}
6472	Duskwood Commando {weapon}
6473	Wolfpack Recon Vest
6477	Redridge Campaign Utility Belt
6478	Redridge Forward-Observer Patrol Boots
6480	Stormwind Expedition Combat Trousers
6481	Duskwood Shock-Trooper Combat Gloves
6482	Redridge Expedition Patrol Boots
6502	Northshire Outrider Armored Vest
6503	Redridge Frontline Field Jacket
6504	Duskwood Long-Range {weapon}
6505	Stormwind Long-Range {weapon}
6506	Stormwind Rugged Patrol Boots
6507	Duskwood Training Wrist Guards
6508	Westfall Insulated Camouflage Cape
6509	Stormwind Training Utility Belt
6510	Duskwood Rugged Combat Gloves
6511	Redridge Trailblazer Field Jacket
6512	Redridge Sentinel Field Jacket
6513	Stormwind Insulated Utility Belt
6514	Westfall Militia-Issue Camouflage Cape
6515	Duskwood Training Combat Gloves
6517	Stormwind Rugged Utility Belt
6518	Stormwind Militia-Issue Patrol Boots
6519	Duskwood Rugged Wrist Guards
6520	Westfall Standard Camouflage Cape
6521	Duskwood Militia-Issue Combat Gloves
6523	Northshire Standard Recon Vest
6524	Northshire Strengthened Recon Vest
6525	Westfall Training Recon Vest
6526	Westfall Toughened Recon Vest
6527	Redridge Mountain-Infantry Field Jacket
6528	Redridge Ranger-Issue Field Jacket
6531	Redridge Pathfinder Field Jacket
6536	Redridge Stormproof Field Jacket
6537	Duskwood Hardened Patrol Boots
6538	Redridge Forward-Observer Field Jacket
6539	Redridge Ranger-Issue Utility Belt
6540	Stormwind Pathfinder Combat Trousers
6541	Duskwood Veteran Combat Gloves
6542	Redridge Veteran Camouflage Cape
6543	Westfall Campaign Wrist Guards
6545	Westfall Forward-Observer Armored Vest
6546	Stormwind Stormproof Combat Trousers
6547	Duskwood Forward-Observer Combat Gloves
6548	Redridge Field-Reinforced Utility Belt
6549	Westfall Strengthened Camouflage Cape
6550	Westfall Shock-Trooper Wrist Guards
6551	Duskwood Stormproof Patrol Boots
6552	Westfall Forward-Observer Recon Vest
6553	Stormwind Frontline Combat Trousers
6554	Duskwood Pathfinder Combat Gloves
6555	Westfall Reinforced Camouflage Cape
6556	Westfall Sapper Wrist Guards
6557	Duskwood Ranger-Issue Patrol Boots
6558	Redridge Sapper Utility Belt
6559	Westfall Outrider Riot Shield
6560	Westfall Field-Reinforced Riot Shield
6561	Redridge Expedition Field Jacket
6562	Duskwood Expedition Patrol Boots
6563	Westfall Mountain-Infantry Wrist Guards
6564	Duskwood Expedition Camouflage Cape
6565	Duskwood Outrider Combat Gloves
6566	Northshire Strengthened Shoulder Harness
6567	Redridge Shock-Trooper Field Jacket
6568	Stormwind Outrider Combat Trousers
6569	Redridge Field-Reinforced Field Jacket
6570	Redridge Sentinel Utility Belt
6571	Westfall Trailblazer Riot Shield
6572	Westfall Hardened Riot Shield
6573	Duskwood Shock-Trooper Patrol Boots
6574	Redridge Outrider Wrist Guards
6575	Duskwood Forward-Observer Camouflage Cape
6576	Duskwood Outrider Utility Belt
6577	Duskwood Field-Reinforced Combat Gloves
6578	Stormwind Shock-Trooper Combat Trousers
6579	Northshire Reinforced Shoulder Harness
6580	Westfall Shock-Trooper Armored Vest
6581	Duskwood Campaign Utility Belt
6582	Duskwood Frontline Patrol Boots
6583	Redridge Campaign Wrist Guards
6584	Westfall Field-Reinforced Recon Vest
6585	Duskwood Campaign Camouflage Cape
6586	Duskwood Sentinel Combat Gloves
6587	Stormwind Field-Reinforced Combat Trousers
6588	Northshire Weatherproof Shoulder Harness
6589	Westfall Shock-Trooper Service Signet
6590	Duskwood Veteran Patrol Boots
6591	Redridge Sentinel Wrist Guards
6592	Westfall Hardened Armored Vest
6593	Duskwood Field-Reinforced Camouflage Cape
6594	Duskwood Mountain-Infantry Utility Belt
6595	Duskwood Hardened Combat Gloves
6596	Stormwind Hardened Combat Trousers
6597	Westfall Mountain-Infantry Shoulder Harness
6598	Westfall Ranger-Issue Riot Shield
6599	Westfall Pathfinder Riot Shield
6600	Duskwood Sapper Utility Belt
6601	Duskwood Sentinel Patrol Boots
6602	Redridge Sapper Wrist Guards
6603	Westfall Stormproof Recon Vest
6604	Duskwood Trailblazer Camouflage Cape
6605	Duskwood Ranger-Issue Combat Gloves
6606	Northshire Double-Stitched Shoulder Harness
6607	Stormwind Trailblazer Combat Trousers
6608	Redridge Sapper Field Jacket
6609	Redridge Veteran Field Jacket
6610	Redridge Outrider Field Jacket
6611	Duskwood Sentinel Utility Belt
6612	Duskwood Sapper Patrol Boots
6613	Redridge Mountain-Infantry Wrist Guards
6614	Duskwood Sapper Camouflage Cape
6615	Duskwood Expedition Combat Gloves
6616	Stormwind Sapper Combat Trousers
6617	Westfall Veteran Shoulder Harness
6618	Theramore Battle-Worn {weapon}
6622	Stormwind Marine {weapon}
6627	Breach-Team Armored Vest
6628	Stormwind Campaign Combat Gloves
6629	Duskwood Frontline Camouflage Cape
6630	Tunnel-Raider Riot Shield
6631	Stormwind Breach-Team {weapon}
6632	Duskwood Outrider Camouflage Cape
6633	Theramore Outrider {weapon}
6641	Theramore Field-Reinforced {weapon}
6642	Combat-Rescue Armored Vest
6651	Southshore Strengthened {weapon}
6659	Stormwind Sentinel Combat Trousers
6660	Stormwind Siege-Engineer {weapon}
6664	Westfall Field-Reinforced Shoulder Harness
6665	Redridge Hardened Wrist Guards
6666	Duskwood Outrider Patrol Boots
6667	Duskwood Sentinel Camouflage Cape
6668	Duskwood Mountain-Infantry Patrol Boots
6669	Westfall Outrider Service Signet
6670	Westfall Sapper Recon Vest
6671	Ironforge Sentinel Combat Trousers
6673	Scuffed Service Signet
6674	Patched Service Signet
6675	Redridge Veteran Wrist Guards
6676	Westfall Stormproof Riot Shield
6677	Theramore Trailblazer {weapon}
6678	Westfall Trailblazer Service Signet
6679	Barrens Pathfinder {weapon}
6680	Theramore Sun-Faded {weapon}
6681	Southshore Toughened {weapon}
6682	Redridge Hardened Field Jacket
6685	Westfall Ranger-Issue Shoulder Harness
6686	Westfall Stormproof Combat Helmet
6687	Stormwind Night-Operations {weapon}
6688	Westfall Forward-Observer Combat Helmet
6689	Stormwind Rapid-Response {weapon}
6690	Ironforge Stormproof Combat Trousers
6691	Stormwind Special-Recon {weapon}
6692	Stormwind Deep-Patrol {weapon}
6693	Airborne Service Signet
6694	Assault-Team Riot Shield
6695	Commando Service Pendant
6696	Stormwind Border-Guard {weapon}
6697	Breach-Team Shoulder Harness
6698	Silent Thunder Service Signet
6707	Final Redoubt Service Signet
6708	Unbroken Line Service Signet
6709	Westfall Expedition Recon Vest
6711	Warbringer Service Signet
6713	Redridge Toughened Combat Trousers
6719	Duskwood Hardened Utility Belt
6720	Westfall Frontline Combat Helmet
6721	Westfall Field-Reinforced Armored Vest
6722	Redridge Ranger-Issue Wrist Guards
6723	Sapper Service Pendant
6724	Ashen Victory Service Signet
6725	Counter-Sniper Riot Shield
6726	Duskwood Shock-Trooper Utility Belt
6727	Stormwind Field-Reinforced Combat Gloves
6728	Sovereign Guard Service Signet
6729	Barrens Outrider {weapon}
6730	Westfall Pathfinder Armored Vest
6731	Westfall Campaign Armored Vest
6732	Stormwind Frontline Combat Gloves
6733	Stormwind Mountain-Infantry Combat Gloves
6737	Ironforge Forward-Observer Combat Trousers
6738	Barrens Stormproof {weapon}
6739	Barrens Mountain-Infantry {weapon}
6740	Duskwood Veteran Utility Belt
6741	Southshore Padded {weapon}
6742	Rapid-Response Utility Belt
6743	Westfall Field-Reinforced Service Signet
6744	Stormwind Ranger-Issue Combat Gloves
6745	Duskwood Ranger-Issue Camouflage Cape
6746	Redridge Sentinel Riot Shield
6747	Westfall Trailblazer Shoulder Harness
6748	Westfall Mountain-Infantry Service Signet
6749	Westfall Hardened Service Signet
6750	Westfall Veteran Service Signet
6751	Duskwood Mountain-Infantry Camouflage Cape
6752	Duskwood Pathfinder Patrol Boots
6757	Westfall Expedition Service Signet
6773	Westfall Sapper Armored Vest
6774	Northshire Shock-Trooper Command Manual
6780	Duskwood Forward-Observer Utility Belt
6784	Stormwind Expedition Combat Gloves
6786	Padded Tactical Vest
6787	Northshire Standard Field Jacket
6788	Duskwood Trailblazer Utility Belt
6789	Duskwood Hardened Camouflage Cape
6790	Westfall Ranger-Issue Service Signet
6791	Duskwood Field-Reinforced Patrol Boots
6792	Westfall Sapper Shoulder Harness
6793	Redridge Field-Reinforced Wrist Guards
6794	Stormwind Shock-Trooper Combat Gloves
6795	Redridge Standard Field Shirt
6796	Redridge Garrison-Issue Field Shirt
6797	Barrens Frontline {weapon}
6798	Barrens Shock-Trooper {weapon}
6801	Duskwood Outrider Field Jacket
6802	Stormwind Assault-Team {weapon}
6803	Combat-Rescue Command Manual
6804	Barrens Trailblazer {weapon}
6806	Barrens Field-Reinforced {weapon}
6828	Redridge Trailblazer Riot Shield
6829	Stormwind Combat-Rescue {weapon}
6830	Stormwind Counter-Sniper {weapon}
6831	Stormwind Vanguard {weapon}
6832	Duskwood Veteran Camouflage Cape
6833	Redridge Insulated Field Shirt
6834	Strengthened Tactical Vest
6835	Redridge Reserve-Issue Combat Trousers
6836	Stormwind Weatherproof Patrol Boots
6837	Reinforced Tactical Vest
6886	Salvaged Combat Knife
6896	Theramore Discarded {weapon}
6898	Northshire Outrider Command Manual
6899	Tattered Command Manual
6900	Siege-Engineer Field Jacket
6901	Vanguard Camouflage Cape
6902	Redridge Pathfinder Wrist Guards
6903	Ironforge Sapper Combat Trousers
6904	Stormwind Tunnel-Raider {weapon}
6905	Barrens Sapper {weapon}
6906	Airborne Combat Gloves
6907	Vanguard Armored Vest
6908	Duskwood Field-Reinforced Utility Belt
6909	Stormwind Commando {weapon}
6910	Commando Combat Trousers
6911	Airborne Utility Belt
6946	Theramore Salvaged {weapon}
6953	Stormwind Airborne {weapon}
6966	Barrens Hardened {weapon}
6967	Barrens Expedition {weapon}
6968	Barrens Forward-Observer {weapon}
6969	Barrens Sentinel {weapon}
6970	Redridge Shock-Trooper Riot Shield
6971	Westfall Expedition Combat Helmet
6972	Night-Operations Armored Vest
6973	Ironforge Hardened Combat Trousers
6974	Stormwind Pathfinder Combat Gloves
6975	Ironforge Border-Guard {weapon}
6976	Ironforge Counter-Sniper {weapon}
6977	Ironforge Commando {weapon}
6978	Barrens Veteran {weapon}
6979	Barrens Ranger-Issue {weapon}
6980	Barrens Campaign {weapon}
6981	Durotar Sentinel {weapon}
6982	Durotar Pathfinder {weapon}
6983	Durotar Stormproof {weapon}
6984	Durotar Expedition {weapon}
6985	Durotar Campaign {weapon}
6998	Duskwood Trailblazer Patrol Boots
7000	Duskwood Ranger-Issue Utility Belt
7001	Ironforge Airborne {weapon}
7002	Breach-Team Riot Shield
7003	Redridge Stormproof Wrist Guards
7004	Duskwood Pathfinder Camouflage Cape
7005	Southshore Insulated {weapon}
7026	Stormwind Padded Utility Belt
7027	Duskwood Forward-Observer Patrol Boots
7046	Ironforge Mountain-Infantry Combat Trousers
7047	Stormwind Sentinel Combat Gloves
7048	Northshire Standard Combat Helmet
7049	Stormwind Hardened Combat Gloves
7050	Northshire Strengthened Combat Helmet
7051	Duskwood Pathfinder Field Jacket
7052	Duskwood Stormproof Utility Belt
7053	Duskwood Stormproof Camouflage Cape
7054	Deep-Patrol Field Jacket
7055	Duskwood Expedition Utility Belt
7056	Duskwood Shock-Trooper Camouflage Cape
7057	Westfall Forward-Observer Shoulder Harness
7058	Northshire Strengthened Field Jacket
7059	Westfall Campaign Shoulder Harness
7060	Westfall Frontline Shoulder Harness
7061	Duskwood Frontline Utility Belt
7062	Redridge Drill Combat Trousers
7063	Duskwood Shock-Trooper Field Jacket
7064	Stormwind Trailblazer Combat Gloves
7065	Duskwood Ranger-Issue Field Jacket
7066	Westfall Service Field Jacket
7094	Southshore Service {weapon}
7095	Stormwind Padded Patrol Boots
7106	Stormwind Stormproof Combat Gloves
7107	Duskwood Pathfinder Utility Belt
7108	Redridge Veteran Riot Shield
7109	Westfall Militia-Issue Riot Shield
7110	Duskwood Hardened Field Jacket
7111	Duskwood Expedition Field Jacket
7112	Duskwood Field-Reinforced Field Jacket
7113	Duskwood Mountain-Infantry Field Jacket
7115	Durotar Mountain-Infantry {weapon}
7116	Durotar Hardened {weapon}
7117	Durotar Forward-Observer {weapon}
7118	Durotar Frontline {weapon}
7120	Redridge Field-Reinforced Riot Shield
7129	Stormwind Forward-Observer Combat Gloves
7130	Westfall Shock-Trooper Combat Helmet
7132	Ironforge Veteran Combat Trousers
7133	Special-Recon Armored Vest
7166	Southshore Training {weapon}
7167	Hillsbrad Padded {weapon}
7169	Hillsbrad Insulated {weapon}
7170	Theramore Weathered {weapon}
7171	Hillsbrad Reserve-Issue {weapon}
7187	Duskwood Campaign Patrol Boots
7188	Redridge Mountain-Infantry Riot Shield
7189	Stormwind Sentinel Patrol Boots
7229	Westfall Veteran Armored Vest
7230	Ironforge Combat-Rescue {weapon}
7248	Westfall Garrison-Issue Camouflage Cape
7276	Westfall Weatherproof Camouflage Cape
7277	Duskwood Strengthened Wrist Guards
7280	Ironforge Ranger-Issue Combat Trousers
7281	Duskwood Reinforced Wrist Guards
7282	Ironforge Expedition Combat Trousers
7283	Stormwind Forward-Observer Camouflage Cape
7284	Stormwind Sapper Combat Gloves
7285	Rapid-Response Combat Gloves
7297	Drill Command Manual
7298	Durotar Trailblazer {weapon}
7299	Northshire Worn Combat Helmet
7326	Durotar Veteran {weapon}
7327	Durotar Ranger-Issue {weapon}
7328	Durotar Outrider {weapon}
7329	Durotar Shock-Trooper {weapon}
7330	Redridge Campaign Riot Shield
7331	Redridge Frontline Riot Shield
7332	Duskwood Sentinel Field Jacket
7334	Duskwood Sapper Field Jacket
7335	Westfall Sentinel Recon Vest
7336	Westfall Trailblazer Armored Vest
7337	Service Service Signet
7338	Padded Service Signet
7339	Reserve-Issue Service Signet
7340	Garrison-Issue Service Signet
7341	Weatherproof Service Signet
7342	Rugged Service Signet
7344	Northshire Veteran Command Manual
7348	Stormwind Veteran Combat Gloves
7349	Stormwind Outrider Combat Gloves
7350	Duskwood Garrison-Issue Wrist Guards
7351	Stormwind Standard Patrol Boots
7352	Westfall Pathfinder Shoulder Harness
7353	Duskwood Stormproof Field Jacket
7354	Stormwind Ranger-Issue Patrol Boots
7355	Redridge Forward-Observer Wrist Guards
7356	Stormwind Mountain-Infantry Camouflage Cape
7357	Westfall Field-Reinforced Combat Helmet
7358	Ironforge Sentinel Combat Gloves
7359	Ironforge Mountain-Infantry Combat Gloves
7366	Ironforge Veteran Combat Gloves
7367	Westfall Stormproof Shoulder Harness
7368	Ironforge Pathfinder Combat Trousers
7369	Duskwood Forward-Observer Field Jacket
7370	Stormwind Hardened Utility Belt
7373	Ironforge Campaign Combat Trousers
7374	Westfall Campaign Recon Vest
7375	Westfall Outrider Recon Vest
7377	Stormwind Expedition Camouflage Cape
7378	Redridge Frontline Wrist Guards
7386	Redridge Shock-Trooper Wrist Guards
7387	Stormwind Outrider Utility Belt
7390	Stormwind Shock-Trooper Patrol Boots
7391	Stormwind Field-Reinforced Patrol Boots
7406	Stormwind Ranger-Issue Utility Belt
7407	Westfall Shock-Trooper Recon Vest
7408	Westfall Outrider Shoulder Harness
7409	Stormwind Pathfinder Patrol Boots
7410	Redridge Expedition Wrist Guards
7411	Stormwind Hardened Camouflage Cape
7412	Ironforge Ranger-Issue Combat Gloves
7413	Westfall Trailblazer Combat Helmet
7414	Ironforge Frontline Combat Trousers
7415	Westfall Shock-Trooper Shoulder Harness
7416	Redridge Trailblazer Wrist Guards
7417	Stormwind Forward-Observer Patrol Boots
7418	Westfall Expedition Armored Vest
7419	Stormwind Veteran Camouflage Cape
7420	Westfall Mountain-Infantry Combat Helmet
7421	Ironforge Stormproof Combat Gloves
7422	Stormwind Pathfinder Utility Belt
7423	Ironforge Outrider Combat Trousers
7424	Redridge Stormproof Shoulder Harness
7426	Westfall Sentinel Service Signet
7427	Veteran Service Pendant
7429	Duskwood Trailblazer Field Jacket
7430	Duskwood Veteran Field Jacket
7431	Ironforge Shock-Trooper Combat Trousers
7432	Westfall Hardened Combat Helmet
7433	Ironforge Expedition Combat Gloves
7434	Stormwind Expedition Patrol Boots
7435	Redridge Campaign Shoulder Harness
7436	Stormwind Stormproof Camouflage Cape
7437	Duskwood Forward-Observer Wrist Guards
7438	Stormwind Forward-Observer Utility Belt
7439	Westfall Trailblazer Recon Vest
7440	Ironforge Field-Reinforced Combat Trousers
7441	Redridge Frontline Combat Helmet
7443	Ironforge Campaign Combat Gloves
7444	Stormwind Campaign Patrol Boots
7445	Redridge Frontline Shoulder Harness
7446	Stormwind Campaign Camouflage Cape
7447	Duskwood Expedition Wrist Guards
7448	Stormwind Expedition Utility Belt
7454	Westfall Sentinel Armored Vest
7455	Ironforge Trailblazer Combat Trousers
7456	Redridge Outrider Combat Helmet
7457	Ironforge Frontline Combat Gloves
7458	Stormwind Frontline Patrol Boots
7459	Redridge Outrider Shoulder Harness
7460	Stormwind Pathfinder Camouflage Cape
7461	Duskwood Campaign Wrist Guards
7462	Stormwind Frontline Utility Belt
7463	Redridge Sapper Riot Shield
7465	Redridge Hardened Riot Shield
7466	Westfall Forward-Observer Service Signet
7467	Campaign Service Pendant
7468	Duskwood Campaign Field Jacket
7469	Elwynn Sapper Combat Trousers
7470	Redridge Field-Reinforced Combat Helmet
7471	Ironforge Field-Reinforced Combat Gloves
7472	Stormwind Trailblazer Patrol Boots
7473	Redridge Field-Reinforced Shoulder Harness
7474	Stormwind Outrider Camouflage Cape
7475	Duskwood Shock-Trooper Wrist Guards
7476	Stormwind Shock-Trooper Utility Belt
7477	Redridge Mountain-Infantry Recon Vest
7478	Elwynn Sentinel Combat Trousers
7479	Redridge Trailblazer Combat Helmet
7480	Ironforge Trailblazer Combat Gloves
7481	Stormwind Sapper Patrol Boots
7482	Redridge Trailblazer Shoulder Harness
7483	Stormwind Shock-Trooper Camouflage Cape
7484	Duskwood Field-Reinforced Wrist Guards
7485	Stormwind Field-Reinforced Utility Belt
7486	Westfall Mountain-Infantry Armored Vest
7487	Elwynn Mountain-Infantry Combat Trousers
7488	Redridge Sapper Combat Helmet
7489	Ironforge Sapper Combat Gloves
7490	Stormwind Mountain-Infantry Patrol Boots
7491	Redridge Sentinel Shoulder Harness
7492	Stormwind Frontline Camouflage Cape
7493	Duskwood Trailblazer Wrist Guards
7494	Stormwind Trailblazer Utility Belt
7495	Redridge Ranger-Issue Riot Shield
7496	Redridge Pathfinder Riot Shield
7497	Westfall Frontline Service Signet
7507	Northshire Field-Reinforced Command Manual
7508	Northshire Trailblazer Command Manual
7509	Duskwood Frontline Field Jacket
7510	Stormwind Forward-Observer Field Jacket
7511	Stormwind Hardened Field Jacket
7512	Stormwind Veteran Field Jacket
7513	Ironforge Assault-Team {weapon}
7514	Ironforge Vanguard {weapon}
7515	Deep-Patrol Command Manual
7517	Stormwind Pathfinder Field Jacket
7518	Stormwind Stormproof Field Jacket
7519	Elwynn Hardened Combat Trousers
7520	Redridge Hardened Combat Helmet
7521	Ironforge Hardened Combat Gloves
7522	Stormwind Hardened Patrol Boots
7523	Redridge Mountain-Infantry Shoulder Harness
7524	Stormwind Sapper Camouflage Cape
7525	Duskwood Sentinel Wrist Guards
7526	Stormwind Mountain-Infantry Utility Belt
7527	Redridge Stormproof Recon Vest
7528	Elwynn Ranger-Issue Combat Trousers
7529	Redridge Veteran Combat Helmet
7530	Ironforge Pathfinder Combat Gloves
7531	Stormwind Veteran Patrol Boots
7532	Redridge Veteran Shoulder Harness
7533	Stormwind Sentinel Camouflage Cape
7534	Duskwood Mountain-Infantry Wrist Guards
7535	Stormwind Veteran Utility Belt
7536	Redridge Expedition Riot Shield
7537	Redridge Outrider Riot Shield
7538	Westfall Stormproof Armored Vest
7539	Elwynn Pathfinder Combat Trousers
7540	Redridge Ranger-Issue Combat Helmet
7541	Ironforge Forward-Observer Combat Gloves
7542	Stormwind Stormproof Patrol Boots
7543	Redridge Ranger-Issue Shoulder Harness
7544	Stormwind Ranger-Issue Camouflage Cape
7545	Duskwood Hardened Wrist Guards
7546	Stormwind Stormproof Utility Belt
7547	Westfall Pathfinder Service Signet
7548	Frontline Service Pendant
7549	Outrider Service Pendant
7550	Shock-Trooper Service Pendant
7551	Northshire Mountain-Infantry Service Pendant
7552	Westfall Sapper Service Signet
7553	Westfall Stormproof Service Signet
7554	Northshire Pathfinder Command Manual
7555	Northshire Sapper Command Manual
7556	Northshire Frontline Command Manual
7557	Northshire Ranger-Issue Command Manual
7558	Northshire Sentinel Command Manual
7559	Northshire Stormproof Command Manual
7606	Ironforge Outrider Combat Gloves
7607	Durotar Field-Reinforced {weapon}
7608	Northshire Forward-Observer Command Manual
7609	Northshire Expedition Command Manual
7610	Northshire Mountain-Infantry Command Manual
7611	Northshire Hardened Command Manual
7612	Theramore Patched {weapon}
7673	Tunnel-Raider Service Pendant
7677	Durotar Sapper {weapon}
7682	Ironforge Long-Range {weapon}
7683	Hillsbrad Militia-Issue {weapon}
7684	Redridge Forward-Observer Shoulder Harness
7685	Border-Guard Command Manual
7686	Breach-Team Service Signet
7687	Ironforge Siege-Engineer {weapon}
7688	Marine Armored Vest
7689	Ironforge Tunnel-Raider {weapon}
7690	Special-Recon Combat Gloves
7691	Marine Combat Helmet
7706	Theramore Worn {weapon}
7707	Theramore Scuffed {weapon}
7708	Ironforge Marine {weapon}
7709	Marine Combat Trousers
7710	Ironforge Breach-Team {weapon}
7711	Stormwind Campaign Field Jacket
7712	Redridge Shock-Trooper Shoulder Harness
7713	Ironforge Night-Operations {weapon}
7714	Ironforge Deep-Patrol {weapon}
7717	Ironforge Special-Recon {weapon}
7718	Vanguard Shoulder Harness
7719	Counter-Sniper Combat Helmet
7720	Vanguard Combat Helmet
7721	Ironforge Rapid-Response {weapon}
7722	Combat-Rescue Service Pendant
7723	Elwynn Airborne {weapon}
7724	Long-Range Combat Gloves
7725	Weatherproof Unit Tabard
7726	Special-Recon Riot Shield
7727	Marine Shoulder Harness
7728	Breach-Team Field Jacket
7729	Elwynn Night-Operations {weapon}
7730	Elwynn Siege-Engineer {weapon}
7731	Breach-Team Service Pendant
7734	Breach-Team Field Device
7736	Elwynn Assault-Team {weapon}
7738	Ironforge Shock-Trooper Combat Gloves
7739	Stormwind Field-Reinforced Camouflage Cape
7746	Northshire Outrider Service Pendant
7747	Redridge Stormproof Riot Shield
7748	Redridge Forward-Observer Riot Shield
7749	Northshire Campaign Command Manual
7750	Redridge Pathfinder Shoulder Harness
7751	Stormwind Outrider Patrol Boots
7752	Elwynn Special-Recon {weapon}
7753	Elwynn Long-Range {weapon}
7754	Commando Patrol Boots
7755	Deep-Patrol Shoulder Harness
7756	Elwynn Stormproof Combat Gloves
7757	Elwynn Tunnel-Raider {weapon}
7758	Elwynn Counter-Sniper {weapon}
7759	Border-Guard Armored Vest
7760	Border-Guard Combat Trousers
7761	Elwynn Marine {weapon}
7786	Elwynn Vanguard {weapon}
7787	Siege-Engineer Riot Shield
7809	Rugged Tactical Vest
7826	Theramore Mud-Stained {weapon}
7888	Airborne Service Pendant
7913	Redridge Expedition Shoulder Harness
7914	Westfall Frontline Armored Vest
7915	Redridge Expedition Combat Helmet
7916	Ironforge Campaign Patrol Boots
7917	Elwynn Frontline Combat Gloves
7918	Redridge Sapper Shoulder Harness
7919	Elwynn Sapper Combat Gloves
7920	Elwynn Veteran Combat Trousers
7921	Elwynn Stormproof Combat Trousers
7922	Northshire Reinforced Combat Helmet
7924	Duskwood Veteran Wrist Guards
7925	Elwynn Mountain-Infantry Combat Gloves
7926	Elwynn Forward-Observer Combat Trousers
7927	Elwynn Hardened Combat Gloves
7928	Redridge Hardened Shoulder Harness
7929	Elwynn Expedition Combat Trousers
7930	Heavy-Duty Assault Vest
7931	Redridge Pathfinder Combat Helmet
7932	Duskwood Ranger-Issue Shoulder Harness
7933	Ironforge Pathfinder Patrol Boots
7934	Heavy-Duty Combat Helmet
7935	Stormproof Assault Vest
7936	Ironforge Forward-Observer Patrol Boots
7937	Redridge Forward-Observer Combat Helmet
7938	Breach-Team Combat Gloves
7939	Special-Recon Assault Vest
7940	Orgrimmar Outrider {weapon}
7941	Orgrimmar Shock-Trooper {weapon}
7942	Orgrimmar Trailblazer {weapon}
7943	Orgrimmar Stormproof {weapon}
7944	Orgrimmar Campaign {weapon}
7945	Orgrimmar Ranger-Issue {weapon}
7946	Orgrimmar Forward-Observer {weapon}
7947	Orgrimmar Pathfinder {weapon}
7948	Stormwind Campaign Utility Belt
7949	Elwynn Campaign Combat Trousers
7950	Redridge Trailblazer Recon Vest
7951	Elwynn Ranger-Issue Combat Gloves
7952	Ironforge Expedition Patrol Boots
7953	Redridge Sentinel Combat Helmet
7954	Elwynn Breach-Team {weapon}
7955	Hillsbrad Garrison-Issue {weapon}
7956	Hillsbrad Rugged {weapon}
7957	Hillsbrad Reinforced {weapon}
7958	Hillsbrad Service {weapon}
7959	Elwynn Deep-Patrol {weapon}
7960	Elwynn Combat-Rescue {weapon}
7961	Elwynn Border-Guard {weapon}
7963	Westfall Ranger-Issue Armored Vest
7996	Northshire Insulated Combat Helmet
7997	Northshire Tattered Combat Helmet
8006	Elwynn Rapid-Response {weapon}
8071	Orgrimmar Field-Reinforced {weapon}
8080	Patched Assault Vest
8081	Westfall Scuffed Utility Belt
8082	Westfall Sun-Faded Patrol Boots
8083	Westfall Salt-Worn Wrist Guards
8084	Westfall Worn Combat Gloves
8085	Stormwind Tattered Combat Trousers
8086	Duskwood Discarded Shoulder Harness
8088	Stormwind Field-Ready Utility Belt
8089	Stormwind Toughened Patrol Boots
8090	Duskwood Drill Wrist Guards
8091	Duskwood Field-Ready Combat Gloves
8092	Westfall Field-Ready Combat Helmet
8093	Redridge Padded Combat Trousers
8094	Field-Ready Assault Vest
8106	Stormwind Expedition Field Jacket
8107	Ironforge Hardened Patrol Boots
8108	Duskwood Ranger-Issue Wrist Guards
8109	Stormwind Trailblazer Camouflage Cape
8110	Elwynn Veteran Combat Gloves
8111	Duskwood Veteran Shoulder Harness
8112	Elwynn Frontline Combat Trousers
8113	Stormwind Frontline Field Jacket
8114	Stormwind Sapper Utility Belt
8115	Redridge Stormproof Combat Helmet
8116	Stormwind Sentinel Utility Belt
8117	Ironforge Veteran Patrol Boots
8118	Duskwood Pathfinder Wrist Guards
8119	Redridge Forward-Observer Recon Vest
8120	Ironforge Sentinel Camouflage Cape
8121	Elwynn Pathfinder Combat Gloves
8122	Redridge Campaign Combat Helmet
8123	Elwynn Outrider Combat Trousers
8124	Duskwood Pathfinder Shoulder Harness
8125	Duskwood Stormproof Wrist Guards
8126	Westfall Outrider Armored Vest
8127	Ironforge Hardened Camouflage Cape
8128	Elwynn Forward-Observer Combat Gloves
8129	Ironforge Stormproof Utility Belt
8130	Ironforge Stormproof Patrol Boots
8131	Redridge Shock-Trooper Combat Helmet
8132	Elwynn Shock-Trooper Combat Trousers
8133	Duskwood Forward-Observer Shoulder Harness
8134	Duskwood Outrider Riot Shield
8135	Duskwood Stormproof Riot Shield
8137	Duskwood Frontline Wrist Guards
8138	Pathfinder Assault Vest
8139	Elwynn Expedition Combat Gloves
8140	Ironforge Mountain-Infantry Utility Belt
8141	Ironforge Ranger-Issue Patrol Boots
8142	Redridge Mountain-Infantry Combat Helmet
8143	Elwynn Field-Reinforced Combat Trousers
8144	Duskwood Stormproof Shoulder Harness
8156	Duskwood Sapper Wrist Guards
8157	Sentinel Assault Vest
8158	Elwynn Trailblazer Combat Gloves
8159	Ironforge Trailblazer Utility Belt
8160	Ironforge Trailblazer Patrol Boots
8161	Duskwood Trailblazer Combat Helmet
8162	Elwynn Trailblazer Combat Trousers
8163	Duskwood Sapper Shoulder Harness
8174	Duskwood Shock-Trooper Combat Helmet
8175	Redridge Field-Reinforced Recon Vest
8176	Duskwood Field-Reinforced Combat Helmet
8177	Hillsbrad Standard {weapon}
8178	Orgrimmar Expedition {weapon}
8179	Hillsbrad Drill {weapon}
8180	Orgrimmar Sapper {weapon}
8181	Hillsbrad Training {weapon}
8182	Hillsbrad Strengthened {weapon}
8183	Orgrimmar Sentinel {weapon}
8184	Orgrimmar Hardened {weapon}
8185	Lakeshire Ranger-Issue Combat Trousers
8186	Orgrimmar Mountain-Infantry {weapon}
8187	Elwynn Sentinel Combat Gloves
8188	Orgrimmar Frontline {weapon}
8189	Redridge Sapper Armored Vest
8190	Elwynn Commando {weapon}
8191	Duskwood Veteran Combat Helmet
8192	Duskwood Trailblazer Shoulder Harness
8193	Lakeshire Hardened Combat Trousers
8194	Orgrimmar Veteran {weapon}
8195	Ironforge Mountain-Infantry Camouflage Cape
8196	Thunder Bluff Ranger-Issue {weapon}
8197	Ironforge Frontline Patrol Boots
8198	Duskwood Outrider Wrist Guards
8199	Thunder Bluff Campaign {weapon}
8200	Redridge Sapper Recon Vest
8201	Duskwood Sentinel Combat Helmet
8202	Lakeshire Veteran Combat Trousers
8203	Redridge Mountain-Infantry Armored Vest
8204	Elwynn Campaign Combat Gloves
8205	Stormwind Mountain-Infantry Wrist Guards
8206	Lakeshire Stormproof Combat Trousers
8207	Duskwood Expedition Shoulder Harness
8208	Duskwood Forward-Observer Combat Helmet
8209	Ironforge Outrider Patrol Boots
8210	Duskwood Sentinel Shoulder Harness
8211	Redridge Hardened Recon Vest
8212	Lakeshire Forward-Observer Combat Trousers
8213	Ironforge Shock-Trooper Patrol Boots
8214	Duskwood Mountain-Infantry Combat Helmet
8215	Ironforge Pathfinder Camouflage Cape
8216	Ironforge Veteran Camouflage Cape
8223	Lakeshire Combat-Rescue {weapon}
8224	Thunder Bluff Field-Reinforced {weapon}
8225	Lakeshire Assault-Team {weapon}
8226	Lakeshire Marine {weapon}
8245	Stormwind Outrider Field Jacket
8246	Ironforge Field-Reinforced Patrol Boots
8247	Stormwind Stormproof Wrist Guards
8248	Ironforge Stormproof Camouflage Cape
8249	Elwynn Outrider Combat Gloves
8250	Duskwood Campaign Shoulder Harness
8251	Lakeshire Campaign Combat Trousers
8252	Stormwind Shock-Trooper Field Jacket
8253	Ironforge Forward-Observer Utility Belt
8254	Duskwood Expedition Combat Helmet
8255	Ironforge Expedition Utility Belt
8256	Ironforge Sapper Patrol Boots
8257	Stormwind Forward-Observer Wrist Guards
8258	Redridge Shock-Trooper Recon Vest
8259	Ironforge Forward-Observer Camouflage Cape
8260	Elwynn Shock-Trooper Combat Gloves
8261	Duskwood Frontline Combat Helmet
8262	Lakeshire Frontline Combat Trousers
8263	Duskwood Frontline Shoulder Harness
8264	Stormwind Campaign Wrist Guards
8265	Redridge Field-Reinforced Armored Vest
8266	Ironforge Expedition Camouflage Cape
8267	Elwynn Field-Reinforced Combat Gloves
8268	Ironforge Outrider Utility Belt
8269	Ironforge Sentinel Patrol Boots
8270	Duskwood Sapper Combat Helmet
8271	Lakeshire Field-Reinforced Combat Trousers
8272	Duskwood Outrider Shoulder Harness
8273	Stormwind Ranger-Issue Wrist Guards
8274	Campaign Assault Vest
8275	Duskwood Sentinel Riot Shield
8276	Lakeshire Pathfinder Combat Gloves
8277	Ironforge Ranger-Issue Utility Belt
8278	Ironforge Mountain-Infantry Patrol Boots
8279	Duskwood Stormproof Combat Helmet
8280	Lakeshire Expedition Combat Trousers
8281	Duskwood Shock-Trooper Shoulder Harness
8282	Duskwood Shock-Trooper Riot Shield
8283	Stormwind Sentinel Field Jacket
8284	Elwynn Shock-Trooper Patrol Boots
8285	Stormwind Outrider Wrist Guards
8286	Ironforge Frontline Camouflage Cape
8287	Lakeshire Shock-Trooper Combat Gloves
8288	Duskwood Mountain-Infantry Shoulder Harness
8289	Lakeshire Sapper Combat Trousers
8290	Stormwind Mountain-Infantry Field Jacket
8291	Ironforge Shock-Trooper Utility Belt
8292	Duskwood Hardened Combat Helmet
8293	Ironforge Field-Reinforced Utility Belt
8294	Elwynn Field-Reinforced Patrol Boots
8295	Stormwind Shock-Trooper Wrist Guards
8296	Redridge Veteran Recon Vest
8297	Ironforge Outrider Camouflage Cape
8298	Lakeshire Field-Reinforced Combat Gloves
8299	Duskwood Ranger-Issue Combat Helmet
8300	Lakeshire Sentinel Combat Trousers
8301	Duskwood Hardened Shoulder Harness
8302	Stormwind Sapper Wrist Guards
8303	Redridge Veteran Armored Vest
8304	Ironforge Shock-Trooper Camouflage Cape
8305	Lakeshire Sentinel Combat Gloves
8306	Ironforge Sentinel Utility Belt
8307	Elwynn Mountain-Infantry Patrol Boots
8308	Duskwood Pathfinder Combat Helmet
8309	Lakeshire Pathfinder Combat Trousers
8310	Duskwood Field-Reinforced Shoulder Harness
8311	Stormwind Field-Reinforced Wrist Guards
8312	Sapper Assault Vest
8313	Duskwood Forward-Observer Riot Shield
8314	Lakeshire Outrider Combat Gloves
8315	Ironforge Frontline Utility Belt
8316	Elwynn Outrider Patrol Boots
8317	Duskwood Campaign Combat Helmet
8318	Lakeshire Trailblazer Combat Trousers
8319	Stormwind Field-Reinforced Shoulder Harness
8320	Duskwood Mountain-Infantry Riot Shield
8345	Wolfpack Combat Helmet
8346	Marine Combat Gloves
8347	Siege-Engineer Combat Gloves
8348	Deep-Patrol Combat Helmet
8349	Special-Recon Recon Vest
8350	Westfall Campaign Service Signet
8367	Deep-Patrol Armored Vest
8624	Northshire Padded Command Manual
8625	Northshire Insulated Command Manual
8626	Northshire Service Command Manual
8688	Northshire Salt-Worn Field Device
8708	Northshire Nightfall {weapon}
8746	Northshire Weathered Combat Helmet
8747	Northshire Patched Combat Helmet
8748	Westfall Worn Combat Helmet
8749	Westfall Salvaged Combat Helmet
8750	Westfall Discarded Combat Helmet
8751	Westfall Tattered Combat Helmet
8752	Westfall Weathered Combat Helmet
8753	Westfall Scuffed Combat Helmet
8754	Westfall Patched Combat Helmet
8755	Westfall Frayed Combat Helmet
9042	Barrens Mud-Stained {weapon}
9239	Hillsbrad Weatherproof {weapon}
9243	Northshire Sapper Service Pendant
9285	Stormwind Sentinel Wrist Guards
9286	Hardened Assault Vest
9287	Lakeshire Sapper Combat Gloves
9288	Ironforge Sapper Utility Belt
9289	Elwynn Sapper Patrol Boots
9290	Duskwood Outrider Combat Helmet
9291	Lakeshire Mountain-Infantry Combat Trousers
9292	Stormwind Sentinel Shoulder Harness
9333	Scuffed Service Pendant
9359	Lakeshire Airborne {weapon}
9362	Redridge Mountain-Infantry Service Signet
9366	Lakeshire Trailblazer Combat Gloves
9372	Northshire Blackwatch {weapon}
9375	Border-Guard Combat Helmet
9376	Northshire Iron Covenant {weapon}
9377	Northshire Obsidian Guard {weapon}
9378	Lakeshire Siege-Engineer {weapon}
9379	Lakeshire Deep-Patrol {weapon}
9380	Lakeshire Border-Guard {weapon}
9381	Lakeshire Rapid-Response {weapon}
9382	Elwynn Frontline Patrol Boots
9383	Lakeshire Counter-Sniper {weapon}
9384	Lakeshire Breach-Team {weapon}
9385	Lakeshire Vanguard {weapon}
9386	Lakeshire Tunnel-Raider {weapon}
9387	Elwynn Sentinel Patrol Boots
9388	Stormwind Trailblazer Wrist Guards
9389	Stormwind Trailblazer Shoulder Harness
9390	Lakeshire Mountain-Infantry Combat Gloves
9391	Lakeshire Commando {weapon}
9392	Lakeshire Long-Range {weapon}
9393	Rapid-Response Command Manual
9394	Tunnel-Raider Combat Helmet
9395	Deep-Patrol Combat Gloves
9396	Rapid-Response Combat Trousers
9397	Deep-Patrol Camouflage Cape
9398	Elwynn Trailblazer Patrol Boots
9400	Hillsbrad Double-Stitched {weapon}
9401	Lakeshire Night-Operations {weapon}
9402	Vanguard Combat Trousers
9403	Westfall Rugged Riot Shield
9404	Commando Riot Shield
9405	Special-Recon Utility Belt
9406	Marine Recon Vest
9407	Combat-Rescue Combat Trousers
9408	Lakeshire Special-Recon {weapon}
9409	Vanguard Wrist Guards
9410	Border-Guard Combat Gloves
9411	Stormwind Hardened Shoulder Harness
9412	Sentinel Hill Long-Range {weapon}
9413	Sentinel Hill Marine {weapon}
9414	Lakeshire Outrider Combat Trousers
9415	Commando Field Jacket
9416	Sentinel Hill Special-Recon {weapon}
9417	Long-Range Service Pendant
9418	Sentinel Hill Border-Guard {weapon}
9419	Thunder Bluff Pathfinder {weapon}
9420	Rapid-Response Combat Helmet
9422	Sentinel Hill Vanguard {weapon}
9423	Sentinel Hill Breach-Team {weapon}
9424	Sentinel Hill Commando {weapon}
9425	Sentinel Hill Counter-Sniper {weapon}
9426	Sentinel Hill Assault-Team {weapon}
9427	Sentinel Hill Tunnel-Raider {weapon}
9428	Special-Recon Wrist Guards
9429	Commando Combat Helmet
9430	Siege-Engineer Shoulder Harness
9431	Combat-Rescue Combat Helmet
9432	Tunnel-Raider Wrist Guards
9433	Commando Wrist Guards
9434	Tunnel-Raider Field Jacket
9435	Assault-Team Combat Gloves
9444	Westfall Standard Riot Shield
9445	Combat-Rescue Combat Gloves
9446	Sentinel Hill Rapid-Response {weapon}
9447	Northshire Long-Range Service Signet
9448	Stormwind Pathfinder Wrist Guards
9449	Sentinel Hill Siege-Engineer {weapon}
9450	Elwynn Pathfinder Patrol Boots
9452	Sentinel Hill Combat-Rescue {weapon}
9453	Sentinel Hill Airborne {weapon}
9454	Airborne Patrol Boots
9455	Breach-Team Wrist Guards
9456	Sentinel Hill Deep-Patrol {weapon}
9457	Sentinel Hill Night-Operations {weapon}
9458	Vanguard Riot Shield
9459	Stonewatch Marine {weapon}
9461	Northshire Special-Recon Service Signet
9465	Stonewatch Counter-Sniper {weapon}
9467	Thunder Bluff Sentinel {weapon}
9469	Rapid-Response Armored Vest
9470	Long-Range Combat Helmet
9473	Breach-Team Recon Vest
9474	Breach-Team Combat Trousers
9475	Stonewatch Siege-Engineer {weapon}
9476	Border-Guard Shoulder Harness
9477	Stonewatch Combat-Rescue {weapon}
9478	Stonewatch Long-Range {weapon}
9479	Assault-Team Combat Helmet
9480	Stonewatch Deep-Patrol {weapon}
9481	Stonewatch Breach-Team {weapon}
9482	Stonewatch Border-Guard {weapon}
9483	Stonewatch Night-Operations {weapon}
9484	Siege-Engineer Combat Trousers
9485	Stonewatch Vanguard {weapon}
9486	Stonewatch Tunnel-Raider {weapon}
9487	Stonewatch Commando {weapon}
9488	Stonewatch Airborne {weapon}
9489	Thunder Bluff Stormproof {weapon}
9490	Stonewatch Special-Recon {weapon}
9491	Northshire Airborne Combat Gloves
9492	Northshire Marine Combat Helmet
9508	Airborne Field Jacket
9509	Airborne Combat Trousers
9510	Breach-Team Patrol Boots
9511	Stonewatch Rapid-Response {weapon}
9512	Tunnel-Raider Camouflage Cape
9513	Thunder Bluff Forward-Observer {weapon}
9514	Thunder Bluff Expedition {weapon}
9515	Stormwind Ranger-Issue Field Jacket
9516	Stormwind Field-Reinforced Field Jacket
9517	Stonewatch Assault-Team {weapon}
9518	Lakeshire Expedition Combat Gloves
9519	Elwynn Forward-Observer Patrol Boots
9520	Thunder Bluff Frontline {weapon}
9521	Thunder Bluff Shock-Trooper {weapon}
9522	Duskwood Field-Reinforced Riot Shield
9527	Thunder Bluff Outrider {weapon}
9531	Stormwind Ranger-Issue Shoulder Harness
9533	Northshire Tunnel-Raider Service Signet
9534	Northshire Airborne Combat Helmet
9535	Stormwind Veteran Wrist Guards
9536	Stormwind Mountain-Infantry Shoulder Harness
9538	Northshire Breach-Team Service Signet
9588	Northshire Night-Operations Service Signet
9598	Stormwind Trailblazer Field Jacket
9599	Lakeshire Shock-Trooper Combat Trousers
9600	Redridge Training Combat Trousers
9601	Stormwind Drill Patrol Boots
9602	Thunder Bluff Trailblazer {weapon}
9603	Thunder Bluff Sapper {weapon}
9604	Thunder Bluff Mountain-Infantry {weapon}
9605	Ironforge Ranger-Issue Camouflage Cape
9607	Duskwood Hardened Riot Shield
9608	Thunder Bluff Hardened {weapon}
9609	Lakeshire Hardened Combat Gloves
9622	Redridge Pathfinder Service Signet
9623	Marine Field Jacket
9624	Deep-Patrol Combat Trousers
9625	Tunnel-Raider Combat Trousers
9626	Thunder Bluff Veteran {weapon}
9627	Westfall Shock-Trooper Command Manual
9630	Elwynn Hardened Patrol Boots
9631	Lakeshire Veteran Combat Gloves
9632	Lakeshire Ranger-Issue Combat Gloves
9633	Elwynn Veteran Patrol Boots
9634	Lakeshire Stormproof Combat Gloves
9635	Ironforge Campaign Camouflage Cape
9636	Ironforge Hardened Utility Belt
9637	Elwynn Ranger-Issue Patrol Boots
9638	Stormwind Expedition Wrist Guards
9639	Lordaeron Night-Operations {weapon}
9640	Northshire Night-Operations Combat Gloves
9641	Night-Operations Service Pendant
9642	Redridge Ranger-Issue Service Signet
9643	Duskwood Trailblazer Riot Shield
9644	Westfall Pathfinder Command Manual
9645	Elwynn Stormproof Patrol Boots
9646	Elwynn Expedition Patrol Boots
9647	Stormwind Pathfinder Shoulder Harness
9648	Ironforge Field-Reinforced Camouflage Cape
9649	Stormwind Sapper Field Jacket
9650	Redridge Shock-Trooper Armored Vest
9651	Stonetalon Outrider {weapon}
9652	Sentinel Hill Campaign Combat Trousers
9653	Stormwind Pathfinder Combat Helmet
9654	Stonetalon Forward-Observer {weapon}
9655	Redridge Stormproof Service Signet
9656	Lakeshire Forward-Observer Combat Gloves
9657	Ironforge Pathfinder Utility Belt
9658	Elwynn Campaign Patrol Boots
9659	Barrens Salt-Worn {weapon}
9660	Ironforge Trailblazer Camouflage Cape
9661	Duskwood Veteran Riot Shield
9662	Lakeshire Mountain-Infantry Patrol Boots
9663	Redridge Hardened Armored Vest
9664	Stormwind Veteran Combat Helmet
9665	Lakeshire Campaign Combat Gloves
9666	Ironforge Campaign Utility Belt
9678	Stonetalon Hardened {weapon}
9679	Stonetalon Trailblazer {weapon}
9680	Stonetalon Shock-Trooper {weapon}
9682	Ironforge Veteran Utility Belt
9683	Stonetalon Sapper {weapon}
9684	Stonetalon Pathfinder {weapon}
9685	Stonetalon Stormproof {weapon}
9686	Stonetalon Campaign {weapon}
9687	Elwynn Pathfinder Utility Belt
9698	Lakeshire Frontline Combat Gloves
9699	Ironforge Sapper Camouflage Cape
9700	Barrens Frayed {weapon}
9701	Barrens Battle-Worn {weapon}
9702	Barrens Sun-Faded {weapon}
9703	Elwynn Trailblazer Camouflage Cape
9704	Sentinel Hill Sapper Combat Gloves
9705	Elwynn Sapper Utility Belt
9706	Duskwood Ranger-Issue Riot Shield
9718	Lordaeron Counter-Sniper {weapon}
9742	Stormwind Militia-Issue Utility Belt
9743	Ironforge Training Patrol Boots
9744	Duskwood Weatherproof Wrist Guards
9745	Westfall Double-Stitched Camouflage Cape
9746	Duskwood Standard Combat Gloves
9747	Sentinel Hill Mountain-Infantry Combat Trousers
9748	Ironforge Hardened Field Jacket
9749	Ironforge Veteran Field Jacket
9750	Stormwind Standard Utility Belt
9751	Ironforge Rugged Patrol Boots
9752	Duskwood Double-Stitched Wrist Guards
9753	Duskwood Pathfinder Riot Shield
9754	Westfall Reserve-Issue Camouflage Cape
9755	Duskwood Strengthened Combat Gloves
9756	Sentinel Hill Hardened Combat Trousers
9757	Redridge Ranger-Issue Recon Vest
9758	Stormwind Strengthened Utility Belt
9759	Ironforge Standard Patrol Boots
9760	Duskwood Padded Wrist Guards
9761	Redridge Service Camouflage Cape
9762	Duskwood Reinforced Combat Gloves
9763	Sentinel Hill Veteran Combat Trousers
9764	Duskwood Expedition Riot Shield
9765	Redridge Ranger-Issue Armored Vest
9766	Elwynn Campaign Utility Belt
9767	Lakeshire Frontline Patrol Boots
9768	Stormwind Frontline Wrist Guards
9769	Westfall Field-Reinforced Command Manual
9770	Elwynn Forward-Observer Camouflage Cape
9771	Sentinel Hill Shock-Trooper Combat Gloves
9772	Sentinel Hill Trailblazer Combat Trousers
9773	Ironforge Trailblazer Field Jacket
9774	Ironforge Sapper Field Jacket
9775	Elwynn Forward-Observer Utility Belt
9776	Lakeshire Expedition Patrol Boots
9777	Stormwind Hardened Wrist Guards
9778	Duskwood Sapper Riot Shield
9779	Elwynn Pathfinder Camouflage Cape
9780	Sentinel Hill Expedition Combat Gloves
9781	Sentinel Hill Frontline Combat Trousers
9782	Redridge Outrider Recon Vest
9783	Redridge Campaign Armored Vest
9784	Lakeshire Campaign Patrol Boots
9785	Ironforge Stormproof Wrist Guards
9786	Elwynn Veteran Camouflage Cape
9787	Sentinel Hill Campaign Combat Gloves
9788	Elwynn Expedition Utility Belt
9789	Sentinel Hill Expedition Combat Trousers
9790	Duskwood Campaign Riot Shield
9791	Ironforge Sentinel Field Jacket
9792	Lakeshire Shock-Trooper Patrol Boots
9793	Ironforge Shock-Trooper Wrist Guards
9794	Elwynn Shock-Trooper Camouflage Cape
9795	Sentinel Hill Field-Reinforced Combat Gloves
9796	Stormwind Sapper Shoulder Harness
9797	Sentinel Hill Sapper Combat Trousers
9798	Ironforge Mountain-Infantry Field Jacket
9799	Elwynn Field-Reinforced Utility Belt
9800	Westfall Sapper Command Manual
9801	Elwynn Trailblazer Utility Belt
9802	Lakeshire Trailblazer Patrol Boots
9803	Ironforge Trailblazer Wrist Guards
9804	Duskwood Frontline Riot Shield
9805	Elwynn Outrider Camouflage Cape
9806	Sentinel Hill Sentinel Combat Gloves
9807	Stormwind Veteran Shoulder Harness
9808	Sentinel Hill Sentinel Combat Trousers
9809	Redridge Sentinel Recon Vest
9810	Lakeshire Sapper Patrol Boots
9811	Ironforge Field-Reinforced Wrist Guards
9812	Elwynn Campaign Camouflage Cape
9813	Sentinel Hill Trailblazer Combat Gloves
9814	Elwynn Sentinel Utility Belt
9815	Sentinel Hill Ranger-Issue Combat Trousers
9816	Stormwind Mountain-Infantry Riot Shield
9817	Stormwind Stormproof Shoulder Harness
9818	Redridge Trailblazer Armored Vest
9819	Ironforge Pathfinder Field Jacket
9820	Lakeshire Hardened Patrol Boots
9821	Ironforge Mountain-Infantry Wrist Guards
9822	Elwynn Sentinel Camouflage Cape
9823	Sentinel Hill Hardened Combat Gloves
9824	Stormwind Forward-Observer Shoulder Harness
9825	Sentinel Hill Pathfinder Combat Trousers
9826	Ironforge Stormproof Field Jacket
9827	Elwynn Hardened Utility Belt
9828	Lakeshire Veteran Patrol Boots
9829	Ironforge Hardened Wrist Guards
9830	Stormwind Expedition Riot Shield
9831	Elwynn Mountain-Infantry Camouflage Cape
9832	Sentinel Hill Veteran Combat Gloves
9833	Sentinel Hill Stormproof Combat Trousers
9834	Stormwind Expedition Shoulder Harness
9835	Redridge Pathfinder Recon Vest
9836	Redridge Stormproof Armored Vest
9837	Ironforge Veteran Wrist Guards
9838	Elwynn Hardened Camouflage Cape
9839	Sentinel Hill Ranger-Issue Combat Gloves
9840	Elwynn Ranger-Issue Utility Belt
9841	Sentinel Hill Forward-Observer Combat Trousers
9842	Stormwind Campaign Shoulder Harness
9843	Stormwind Campaign Riot Shield
9844	Ironforge Campaign Field Jacket
9845	Lakeshire Stormproof Patrol Boots
9846	Ironforge Forward-Observer Wrist Guards
9847	Elwynn Ranger-Issue Camouflage Cape
9848	Sentinel Hill Forward-Observer Combat Gloves
9849	Stormwind Forward-Observer Combat Helmet
9850	Stormwind Frontline Shoulder Harness
9851	Sentinel Hill Outrider Combat Trousers
9852	Ironforge Frontline Field Jacket
9853	Elwynn Stormproof Utility Belt
9854	Redridge Frontline Recon Vest
9855	Elwynn Frontline Utility Belt
9856	Lakeshire Outrider Patrol Boots
9857	Ironforge Expedition Wrist Guards
9858	Stormwind Shock-Trooper Riot Shield
9859	Stormwind Expedition Combat Helmet
9860	Elwynn Stormproof Camouflage Cape
9861	Sentinel Hill Frontline Combat Gloves
9862	Sentinel Hill Shock-Trooper Combat Trousers
9863	Stormwind Outrider Shoulder Harness
9864	Lakeshire Field-Reinforced Patrol Boots
9865	Ironforge Campaign Wrist Guards
9866	Redridge Outrider Armored Vest
9867	Elwynn Expedition Camouflage Cape
9868	Sentinel Hill Outrider Combat Gloves
9869	Elwynn Outrider Utility Belt
9870	Stormwind Campaign Combat Helmet
9871	Sentinel Hill Field-Reinforced Combat Trousers
9872	Stormwind Shock-Trooper Shoulder Harness
9873	Stormwind Field-Reinforced Riot Shield
9874	Ironforge Ranger-Issue Field Jacket
9875	Elwynn Shock-Trooper Utility Belt
9876	Lakeshire Sentinel Patrol Boots
9877	Elwynn Frontline Camouflage Cape
9878	Stormwind Shock-Trooper Combat Helmet
9879	Ironforge Frontline Wrist Guards
9880	Sentinel Hill Mountain-Infantry Combat Gloves
9881	Ironforge Shock-Trooper Shoulder Harness
9882	Westfall Trailblazer Command Manual
9883	Stonewatch Field-Reinforced Combat Trousers
9884	Ironforge Forward-Observer Field Jacket
9885	Lakeshire Ranger-Issue Patrol Boots
9886	Ironforge Outrider Wrist Guards
9887	Redridge Expedition Recon Vest
9888	Stormwind Trailblazer Riot Shield
9889	Stormwind Field-Reinforced Combat Helmet
9890	Elwynn Field-Reinforced Camouflage Cape
9891	Elwynn Mountain-Infantry Utility Belt
9892	Sentinel Hill Pathfinder Combat Gloves
9893	Stonewatch Trailblazer Combat Trousers
9894	Ironforge Field-Reinforced Shoulder Harness
9895	Lakeshire Pathfinder Patrol Boots
9896	Ironforge Sapper Wrist Guards
9897	Redridge Sentinel Armored Vest
9898	Elwynn Sapper Camouflage Cape
9899	Stormwind Hardened Riot Shield
9900	Sentinel Hill Stormproof Combat Gloves
9901	Elwynn Veteran Utility Belt
9902	Stormwind Trailblazer Combat Helmet
9903	Stonewatch Sapper Combat Trousers
9904	Ironforge Trailblazer Shoulder Harness
9905	Ironforge Expedition Field Jacket
9906	Lakeshire Sapper Utility Belt
9907	Lakeshire Forward-Observer Patrol Boots
9908	Lakeshire Trailblazer Camouflage Cape
9909	Ironforge Sentinel Wrist Guards
9910	Stonewatch Sapper Combat Gloves
9911	Stonewatch Mountain-Infantry Combat Trousers
9912	Ironforge Sentinel Shoulder Harness
9913	Ironforge Outrider Field Jacket
9914	Westfall Hardened Command Manual
9915	Stormwind Sentinel Combat Helmet
9916	Lakeshire Sentinel Utility Belt
9917	Sentinel Hill Sentinel Patrol Boots
9918	Stormwind Pathfinder Riot Shield
9919	Lakeshire Sapper Camouflage Cape
9920	Stonewatch Sentinel Combat Gloves
9921	Stormwind Mountain-Infantry Combat Helmet
9922	Stonewatch Hardened Combat Trousers
9923	Ironforge Mountain-Infantry Shoulder Harness
9924	Redridge Campaign Recon Vest
9925	Ironforge Ranger-Issue Wrist Guards
9926	Sentinel Hill Mountain-Infantry Patrol Boots
9927	Ironforge Pathfinder Wrist Guards
9928	Redridge Pathfinder Armored Vest
9929	Lakeshire Shock-Trooper Camouflage Cape
9930	Stonewatch Mountain-Infantry Combat Gloves
9931	Lakeshire Mountain-Infantry Utility Belt
9932	Stormwind Hardened Combat Helmet
9933	Stonewatch Veteran Combat Trousers
9934	Ironforge Hardened Shoulder Harness
9935	Stormwind Stormproof Riot Shield
9936	Sentinel Hill Ranger-Issue Patrol Boots
9937	Elwynn Veteran Wrist Guards
9938	Lakeshire Veteran Camouflage Cape
9939	Stonewatch Ranger-Issue Combat Gloves
9940	Stormwind Stormproof Combat Helmet
9941	Ironforge Ranger-Issue Shoulder Harness
9942	Stonewatch Pathfinder Combat Trousers
9943	Ironforge Shock-Trooper Field Jacket
9944	Westfall Forward-Observer Command Manual
9945	Lakeshire Veteran Utility Belt
9946	Ironforge Field-Reinforced Field Jacket
9947	Lakeshire Ranger-Issue Utility Belt
9948	Sentinel Hill Pathfinder Patrol Boots
9949	Elwynn Ranger-Issue Wrist Guards
9950	Duskwood Campaign Recon Vest
9951	Lakeshire Hardened Camouflage Cape
9952	Stonewatch Pathfinder Combat Gloves
9953	Stormwind Frontline Combat Helmet
9954	Stonewatch Forward-Observer Combat Trousers
9955	Ironforge Stormproof Shoulder Harness
9956	Elwynn Pathfinder Wrist Guards
9957	Redridge Forward-Observer Armored Vest
9958	Stormwind Frontline Riot Shield
9959	Lakeshire Sentinel Camouflage Cape
9960	Stonewatch Stormproof Combat Gloves
9961	Lakeshire Pathfinder Utility Belt
9962	Sentinel Hill Stormproof Patrol Boots
9963	Stormwind Outrider Combat Helmet
9964	Stonewatch Stormproof Combat Trousers
9965	Ironforge Forward-Observer Shoulder Harness
9966	Veteran Assault Vest
9967	Stonewatch Hardened Combat Gloves
9968	Lakeshire Hardened Utility Belt
9969	Stormwind Ranger-Issue Combat Helmet
9970	Stonewatch Ranger-Issue Combat Trousers
9971	Ironforge Veteran Shoulder Harness
9972	Elwynn Sentinel Wrist Guards
9973	Sentinel Hill Hardened Patrol Boots
9974	Stormwind Sapper Riot Shield
9998	Elwynn Shock-Trooper Field Jacket
9999	Stonewatch Shock-Trooper Combat Trousers
10001	Elwynn Field-Reinforced Field Jacket
10002	Stonewatch Sentinel Combat Trousers
10003	Stonewatch Trailblazer Combat Gloves
10004	Elwynn Trailblazer Field Jacket
10006	Elwynn Sapper Field Jacket
10007	Elwynn Sentinel Field Jacket
10008	Stormwind Sapper Combat Helmet
10009	Stonewatch Expedition Combat Trousers
10010	Stonewatch Campaign Combat Trousers
10011	Stonewatch Veteran Combat Gloves
10018	Stonewatch Forward-Observer Combat Gloves
10019	Northshire Vanguard Combat Gloves
10020	Elwynn Mountain-Infantry Field Jacket
10021	Long-Range Field Jacket
10023	Stonewatch Expedition Combat Gloves
10024	Ironforge Mountain-Infantry Combat Helmet
10025	Ironforge Ranger-Issue Combat Helmet
10026	Sentinel Hill Veteran Patrol Boots
10027	Ironforge Pathfinder Shoulder Harness
10028	Ironforge Expedition Shoulder Harness
10029	Ironforge Campaign Shoulder Harness
10030	Ironforge Veteran Combat Helmet
10031	Sentinel Hill Forward-Observer Patrol Boots
10032	Ironforge Pathfinder Combat Helmet
10033	Ironforge Stormproof Combat Helmet
10034	Redridge Reinforced Field Shirt
10035	Redridge Weatherproof Combat Trousers
10036	Westfall Weatherproof Field Jacket
10037	Ironforge Forward-Observer Combat Helmet
10038	Ironforge Frontline Shoulder Harness
10039	Sentinel Hill Expedition Patrol Boots
10040	Westfall Double-Stitched Field Jacket
10041	Northshire Breach-Team Combat Helmet
10042	Elwynn Hardened Field Jacket
10043	Stonewatch Frontline Combat Trousers
10044	Sentinel Hill Campaign Patrol Boots
10045	Redridge Insulated Combat Trousers
10046	Ironforge Padded Patrol Boots
10047	Redridge Standard Combat Trousers
10048	Stonewatch Outrider Combat Trousers
10049	Stonetalon Frontline {weapon}
10052	Redridge Reserve-Issue Field Shirt
10053	Militia-Issue Tactical Vest
10054	Redridge Rugged Field Shirt
10055	Redridge Militia-Issue Field Shirt
10056	Redridge Service Field Shirt
10057	Elwynn Frontline Field Jacket
10058	Sentinel Hill Frontline Patrol Boots
10059	Elwynn Stormproof Wrist Guards
10060	Lakeshire Ranger-Issue Camouflage Cape
10061	Ironforge Expedition Combat Helmet
10062	Stonewatch Campaign Combat Gloves
10063	Ironforge Outrider Shoulder Harness
10064	Lordaeron Expedition Combat Trousers
10065	Elwynn Outrider Field Jacket
10066	Lakeshire Stormproof Utility Belt
10067	Lakeshire Forward-Observer Utility Belt
10068	Sentinel Hill Outrider Patrol Boots
10069	Elwynn Forward-Observer Wrist Guards
10070	Duskwood Outrider Recon Vest
10071	Lakeshire Pathfinder Camouflage Cape
10072	Stonewatch Frontline Combat Gloves
10073	Ironforge Campaign Combat Helmet
10074	Lordaeron Campaign Combat Trousers
10075	Ironforge Sapper Shoulder Harness
10076	Elwynn Expedition Wrist Guards
10077	Redridge Frontline Armored Vest
10078	Stormwind Sentinel Riot Shield
10079	Lakeshire Stormproof Camouflage Cape
10080	Stonewatch Outrider Combat Gloves
10081	Lakeshire Expedition Utility Belt
10082	Sentinel Hill Shock-Trooper Patrol Boots
10083	Ironforge Frontline Combat Helmet
10084	Lordaeron Frontline Combat Trousers
10085	Elwynn Campaign Shoulder Harness
10086	Forward-Observer Assault Vest
10087	Stonewatch Shock-Trooper Combat Gloves
10088	Lakeshire Campaign Utility Belt
10089	Sentinel Hill Field-Reinforced Patrol Boots
10090	Ironforge Outrider Combat Helmet
10091	Lordaeron Pathfinder Combat Trousers
10092	Elwynn Pathfinder Shoulder Harness
10093	Stormwind Veteran Riot Shield
10094	Elwynn Campaign Wrist Guards
10095	Sentinel Hill Trailblazer Patrol Boots
10096	Elwynn Frontline Wrist Guards
10097	Ironforge Shock-Trooper Combat Helmet
10098	Lakeshire Expedition Camouflage Cape
10099	Stonewatch Field-Reinforced Combat Gloves
10100	Elwynn Shock-Trooper Shoulder Harness
10101	Lordaeron Field-Reinforced Combat Trousers
10102	Elwynn Veteran Field Jacket
10103	Lakeshire Frontline Utility Belt
10104	Elwynn Ranger-Issue Field Jacket
10105	Duskwood Sentinel Recon Vest
10106	Sentinel Hill Sapper Patrol Boots
10107	Elwynn Outrider Wrist Guards
10108	Lakeshire Campaign Camouflage Cape
10109	Lakeshire Outrider Utility Belt
10110	Lordaeron Outrider Combat Gloves
10111	Ironforge Field-Reinforced Combat Helmet
10112	Lordaeron Trailblazer Combat Trousers
10113	Elwynn Field-Reinforced Shoulder Harness
10118	Redridge Expedition Armored Vest
10119	Stonewatch Trailblazer Patrol Boots
10120	Lakeshire Frontline Camouflage Cape
10121	Lordaeron Field-Reinforced Combat Gloves
10122	Lakeshire Shock-Trooper Utility Belt
10123	Ironforge Trailblazer Combat Helmet
10124	Lordaeron Sapper Combat Trousers
10125	Elwynn Trailblazer Shoulder Harness
10126	Elwynn Shock-Trooper Wrist Guards
10127	Elwynn Field-Reinforced Wrist Guards
10128	Shock-Trooper Assault Vest
10129	Lordaeron Expedition Combat Gloves
10130	Lakeshire Field-Reinforced Utility Belt
10131	Stonewatch Expedition Patrol Boots
10132	Ironforge Sapper Combat Helmet
10133	Lordaeron Outrider Combat Trousers
10134	Elwynn Frontline Shoulder Harness
10135	Elwynn Pathfinder Field Jacket
10136	Elwynn Sapper Wrist Guards
10137	Stonewatch Sentinel Patrol Boots
10138	Lakeshire Mountain-Infantry Camouflage Cape
10139	Ironforge Hardened Combat Helmet
10140	Lordaeron Sentinel Combat Gloves
10141	Lordaeron Hardened Combat Trousers
10142	Elwynn Mountain-Infantry Shoulder Harness
10143	Elwynn Stormproof Field Jacket
10144	Lakeshire Trailblazer Utility Belt
10145	Sentinel Hill Sapper Utility Belt
10146	Stonewatch Mountain-Infantry Patrol Boots
10147	Elwynn Mountain-Infantry Wrist Guards
10148	Lakeshire Field-Reinforced Camouflage Cape
10149	Lordaeron Mountain-Infantry Combat Gloves
10150	Ironforge Sentinel Combat Helmet
10151	Duskwood Ranger-Issue Recon Vest
10152	Lordaeron Veteran Combat Trousers
10153	Elwynn Hardened Shoulder Harness
10154	Sentinel Hill Hardened Utility Belt
10155	Stonewatch Hardened Patrol Boots
10156	Elwynn Hardened Wrist Guards
10157	Duskwood Pathfinder Armored Vest
10158	Stormwind Outrider Riot Shield
10159	Lakeshire Forward-Observer Camouflage Cape
10160	Elwynn Veteran Combat Helmet
10161	Lordaeron Hardened Combat Gloves
10162	Lordaeron Ranger-Issue Combat Trousers
10163	Elwynn Veteran Shoulder Harness
10164	Mountain-Infantry Assault Vest
10165	Lordaeron Trailblazer Combat Gloves
10166	Sentinel Hill Shock-Trooper Utility Belt
10167	Stonewatch Field-Reinforced Patrol Boots
10168	Elwynn Trailblazer Combat Helmet
10169	Lordaeron Sentinel Combat Trousers
10170	Elwynn Sapper Shoulder Harness
10171	Elwynn Trailblazer Wrist Guards
10172	Elwynn Outrider Shoulder Harness
10173	Lakeshire Expedition Wrist Guards
10174	Lakeshire Outrider Camouflage Cape
10175	Elwynn Frontline Combat Helmet
10176	Lordaeron Campaign Combat Gloves
10177	Lordaeron Shock-Trooper Combat Trousers
10178	Elwynn Forward-Observer Field Jacket
10179	Stonewatch Campaign Patrol Boots
10180	Sentinel Hill Forward-Observer Utility Belt
10181	Elwynn Expedition Field Jacket
10182	Duskwood Trailblazer Recon Vest
10183	Stonewatch Frontline Patrol Boots
10184	Lakeshire Campaign Wrist Guards
10185	Sentinel Hill Stormproof Camouflage Cape
10186	Lordaeron Frontline Combat Gloves
10187	Elwynn Outrider Combat Helmet
10188	Lordaeron Mountain-Infantry Combat Trousers
10189	Elwynn Sentinel Shoulder Harness
10190	Sentinel Hill Expedition Utility Belt
10191	Lakeshire Frontline Wrist Guards
10192	Stonewatch Outrider Patrol Boots
10193	Duskwood Shock-Trooper Armored Vest
10194	Sentinel Hill Pathfinder Camouflage Cape
10195	Stormwind Ranger-Issue Riot Shield
10196	Lordaeron Shock-Trooper Combat Gloves
10197	Sentinel Hill Campaign Utility Belt
10198	Elwynn Shock-Trooper Combat Helmet
10199	Lordaeron Stormproof Combat Trousers
10200	Elwynn Ranger-Issue Shoulder Harness
10201	Stonewatch Stormproof Patrol Boots
10202	Lakeshire Stormproof Wrist Guards
10203	Frontline Assault Vest
10204	Stormwind Forward-Observer Riot Shield
10205	Lordaeron Forward-Observer Combat Gloves
10206	Sentinel Hill Stormproof Utility Belt
10207	Elwynn Forward-Observer Combat Helmet
10208	Lordaeron Forward-Observer Combat Trousers
10209	Elwynn Expedition Shoulder Harness
10210	Elwynn Stormproof Shoulder Harness
10211	Stonewatch Sapper Patrol Boots
10212	Sentinel Hill Shock-Trooper Camouflage Cape
10213	Lakeshire Field-Reinforced Wrist Guards
10214	Lordaeron Sapper Combat Gloves
10215	Elwynn Campaign Field Jacket
10216	Sentinel Hill Field-Reinforced Utility Belt
10217	Stromgarde Sentinel Combat Trousers
10218	Lakeshire Mountain-Infantry Field Jacket
10219	Elwynn Sapper Combat Helmet
10220	Duskwood Veteran Recon Vest
10221	Sentinel Hill Trailblazer Utility Belt
10222	Stonewatch Veteran Patrol Boots
10223	Lakeshire Trailblazer Wrist Guards
10224	Sentinel Hill Field-Reinforced Camouflage Cape
10225	Lordaeron Veteran Combat Gloves
10226	Elwynn Mountain-Infantry Combat Helmet
10227	Stromgarde Hardened Combat Trousers
10228	Elwynn Forward-Observer Shoulder Harness
10229	Lakeshire Sapper Wrist Guards
10230	Duskwood Mountain-Infantry Armored Vest
10231	Sentinel Hill Frontline Camouflage Cape
10232	Lordaeron Ranger-Issue Combat Gloves
10233	Sentinel Hill Sentinel Utility Belt
10234	Stonewatch Ranger-Issue Patrol Boots
10235	Elwynn Sentinel Combat Helmet
10236	Stromgarde Mountain-Infantry Combat Trousers
10237	Lakeshire Sapper Shoulder Harness
10238	Stonewatch Shock-Trooper Patrol Boots
10239	Lakeshire Outrider Wrist Guards
10240	Field-Reinforced Assault Vest
10241	Elwynn Field-Reinforced Combat Helmet
10242	Lordaeron Pathfinder Combat Gloves
10243	Sentinel Hill Frontline Utility Belt
10244	Stromgarde Shock-Trooper Combat Trousers
10245	Lakeshire Outrider Shoulder Harness
10246	Lakeshire Ranger-Issue Field Jacket
10247	Stonewatch Pathfinder Patrol Boots
10248	Lakeshire Mountain-Infantry Wrist Guards
10249	Sentinel Hill Sentinel Camouflage Cape
10250	Elwynn Hardened Combat Helmet
10251	Lordaeron Stormproof Combat Gloves
10252	Stromgarde Veteran Combat Trousers
10253	Lakeshire Hardened Shoulder Harness
10254	Lakeshire Pathfinder Field Jacket
10255	Sentinel Hill Mountain-Infantry Utility Belt
10256	Lakeshire Hardened Wrist Guards
10257	Stonewatch Forward-Observer Patrol Boots
10258	Sentinel Hill Sapper Camouflage Cape
10259	Sentinel Hill Veteran Utility Belt
10260	Stromgarde Veteran Combat Gloves
10261	Elwynn Ranger-Issue Combat Helmet
10262	Stromgarde Ranger-Issue Combat Trousers
10263	Lakeshire Veteran Shoulder Harness
10264	Duskwood Pathfinder Recon Vest
10265	Lakeshire Veteran Wrist Guards
10266	Duskwood Stormproof Armored Vest
10267	Sentinel Hill Mountain-Infantry Camouflage Cape
10268	Stromgarde Ranger-Issue Combat Gloves
10269	Sentinel Hill Ranger-Issue Utility Belt
10270	Lordaeron Ranger-Issue Patrol Boots
10271	Ironforge Campaign Riot Shield
10272	Elwynn Pathfinder Combat Helmet
10273	Stromgarde Pathfinder Combat Trousers
10274	Lakeshire Ranger-Issue Shoulder Harness
10275	Ranger-Issue Assault Vest
10276	Lordaeron Trailblazer Patrol Boots
10277	Stromgarde Sapper Combat Gloves
10278	Sentinel Hill Pathfinder Utility Belt
10279	Elwynn Stormproof Combat Helmet
10280	Stromgarde Stormproof Combat Trousers
10281	Lakeshire Sentinel Shoulder Harness
10282	Lakeshire Sentinel Wrist Guards
10287	Lakeshire Field-Reinforced Shoulder Harness
10288	Elwynn Expedition Combat Helmet
10289	Elwynn Campaign Combat Helmet
10298	Redridge Sentinel Service Signet
10299	Northshire Hardened Service Pendant
10328	Assault-Team Armored Vest
10329	Sentinel Hill Outrider Utility Belt
10330	Long-Range Combat Trousers
10331	Stromgarde Outrider Combat Gloves
10332	Marine Patrol Boots
10333	Lakeshire Shock-Trooper Wrist Guards
10358	Lakeshire Ranger-Issue Wrist Guards
10359	Lordaeron Forward-Observer Patrol Boots
10362	Ironforge Hardened Riot Shield
10363	Ironforge Ranger-Issue Riot Shield
10364	Ironforge Veteran Riot Shield
10365	Ironforge Pathfinder Riot Shield
10366	Ironforge Forward-Observer Riot Shield
10367	Ironforge Frontline Riot Shield
10368	Expedition Assault Vest
10369	Stromgarde Sentinel Combat Gloves
10370	Stonewatch Sapper Utility Belt
10371	Lordaeron Sentinel Patrol Boots
10372	Lakeshire Mountain-Infantry Combat Helmet
10373	Stromgarde Forward-Observer Combat Trousers
10374	Lakeshire Mountain-Infantry Shoulder Harness
10375	Lakeshire Pathfinder Wrist Guards
10376	Lordaeron Hardened Patrol Boots
10377	Lakeshire Forward-Observer Wrist Guards
10378	Outrider Assault Vest
10379	Lakeshire Veteran Combat Helmet
10380	Stromgarde Hardened Combat Gloves
10381	Stonewatch Mountain-Infantry Utility Belt
10382	Stromgarde Expedition Combat Trousers
10383	Lakeshire Pathfinder Shoulder Harness
10384	Trailblazer Assault Vest
10385	Lordaeron Pathfinder Patrol Boots
10386	Stromgarde Pathfinder Combat Gloves
10387	Stonewatch Veteran Utility Belt
10388	Lakeshire Pathfinder Combat Helmet
10389	Stromgarde Campaign Combat Trousers
10390	Lakeshire Stormproof Shoulder Harness
10391	Sentinel Hill Hardened Wrist Guards
10399	Combat-Rescue Recon Vest
10400	Stromgarde Frontline Combat Trousers
10401	Stromgarde Stormproof Combat Gloves
10402	Lordaeron Stormproof Patrol Boots
10403	Stonewatch Frontline Utility Belt
10404	Stonewatch Hardened Utility Belt
10405	Westfall Reserve-Issue Shoulder Harness
10406	Lakeshire Ranger-Issue Combat Helmet
10407	Westfall Drill Shoulder Harness
10408	Lakeshire Stormproof Combat Helmet
10409	Lordaeron Expedition Patrol Boots
10410	Wolfpack Combat Trousers
10411	Wolfpack Patrol Boots
10412	Wolfpack Utility Belt
10413	Stromgarde Forward-Observer Combat Gloves
10421	Northshire Padded Armored Vest
10422	Stromgarde Outrider Combat Trousers
10423	Stromgarde Field-Reinforced Combat Trousers
10455	Sapper Field Device
10461	Sentinel Hill Sentinel Wrist Guards
10462	Stonewatch Ranger-Issue Utility Belt
10499	Lakeshire Forward-Observer Combat Helmet
10500	Lakeshire Shock-Trooper Combat Helmet
10501	Lakeshire Sapper Combat Helmet
10502	Lakeshire Trailblazer Combat Helmet
10503	Lakeshire Hardened Combat Helmet
10504	Northshire Long-Range Combat Helmet
10506	Lakeshire Expedition Combat Helmet
10508	Stonetalon Sentinel {weapon}
10510	Stonetalon Mountain-Infantry {weapon}
10515	Weatherproof Field Kit
10518	Sentinel Hill Hardened Camouflage Cape
10542	Lakeshire Sentinel Combat Helmet
10543	Lakeshire Field-Reinforced Combat Helmet
10544	Hillsbrad Field-Ready {weapon}
10545	Lakeshire Campaign Combat Helmet
10547	Hillsbrad Toughened {weapon}
10549	Stromgarde Sapper Combat Trousers
10550	Duskwood Garrison-Issue Combat Gloves
10553	Lakeshire Trailblazer Field Jacket
10554	Stromgarde Trailblazer Combat Trousers
10555	Strengthened Service Signet
10567	Lordaeron Deep-Patrol {weapon}
10568	Barrens Salvaged {weapon}
10570	Lordaeron Border-Guard {weapon}
10571	Lordaeron Rapid-Response {weapon}
10572	Lordaeron Assault-Team {weapon}
10573	Lordaeron Vanguard {weapon}
10574	Northshire Border-Guard Combat Helmet
10578	Border-Guard Patrol Boots
10581	Special-Recon Field Jacket
10582	Combat-Rescue Patrol Boots
10583	Border-Guard Recon Vest
10584	Northshire Siege-Engineer Combat Gloves
10588	Lakeshire Frontline Combat Helmet
10591	Barrens Worn {weapon}
10596	Westfall Mud-Stained Combat Helmet
10611	Barrens Scuffed {weapon}
10612	Barrens Patched {weapon}
10613	Barrens Discarded {weapon}
10614	Barrens Tattered {weapon}
10615	Barrens Weathered {weapon}
10616	Durotar Mud-Stained {weapon}
10617	Durotar Salt-Worn {weapon}
10618	Durotar Battle-Worn {weapon}
10619	Durotar Sun-Faded {weapon}
10623	Lordaeron Commando {weapon}
10624	Lordaeron Airborne {weapon}
10625	Lordaeron Long-Range {weapon}
10626	Lordaeron Siege-Engineer {weapon}
10627	Lordaeron Combat-Rescue {weapon}
10628	Lordaeron Tunnel-Raider {weapon}
10629	Special-Recon Patrol Boots
10630	Northshire Night-Operations Combat Helmet
10631	Northshire Long-Range Combat Gloves
10632	Marine Wrist Guards
10633	Northshire Siege-Engineer Combat Trousers
10634	Northshire Vanguard Service Signet
10635	Redridge Service Combat Trousers
10636	Duskwood Reserve-Issue Combat Gloves
10637	Stromgarde Expedition Combat Gloves
10638	Sentinel Hill Veteran Camouflage Cape
10652	Stonetalon Expedition {weapon}
10653	Lordaeron Veteran Patrol Boots
10654	Stromgarde Campaign Combat Gloves
10655	Redridge Militia-Issue Combat Trousers
10656	Northshire Drill Armored Vest
10657	Lakeshire Trailblazer Shoulder Harness
10658	Lordaeron Sapper Patrol Boots
10659	Shock-Trooper Field Device
10685	Durotar Salvaged {weapon}
10686	Ironforge Sapper Riot Shield
10696	Stonetalon Field-Reinforced {weapon}
10697	Stonetalon Veteran {weapon}
10698	Stonetalon Ranger-Issue {weapon}
10700	Lordaeron Mountain-Infantry Patrol Boots
10701	Lordaeron Campaign Patrol Boots
10702	Lordaeron Frontline Patrol Boots
10703	Ashenvale Trailblazer {weapon}
10704	Ashenvale Veteran {weapon}
10705	Sentinel Hill Veteran Wrist Guards
10706	Stonewatch Pathfinder Utility Belt
10707	Lordaeron Outrider Patrol Boots
10708	Westfall Stormproof Command Manual
10709	Westfall Campaign Command Manual
10710	Northshire Marine Service Signet
10711	Counter-Sniper Service Pendant
10721	Stonewatch Sentinel Utility Belt
10724	Lordaeron Shock-Trooper Patrol Boots
10726	Lakeshire Outrider Combat Helmet
10739	Redridge Forward-Observer Service Signet
10740	Alterac Outrider Combat Trousers
10741	Sentinel Hill Campaign Combat Helmet
10742	Alterac Stormproof Combat Trousers
10743	Sentinel Hill Expedition Combat Helmet
10744	Ashenvale Pathfinder {weapon}
10745	Lakeshire Forward-Observer Shoulder Harness
10746	Sentinel Hill Expedition Wrist Guards
10747	Stonewatch Shock-Trooper Utility Belt
10748	Lordaeron Field-Reinforced Patrol Boots
10749	Northshire Rapid-Response Combat Helmet
10750	Lordaeron Special-Recon {weapon}
10751	Northshire Siege-Engineer Combat Helmet
10756	Durotar Worn {weapon}
10758	Lordaeron Breach-Team {weapon}
10760	Stromgarde Shock-Trooper Combat Gloves
10761	Lordaeron Marine {weapon}
10762	Northshire Counter-Sniper Field Jacket
10763	Northshire Commando Combat Helmet
10764	Northshire Tunnel-Raider Armored Vest
10765	Stromgarde Mountain-Infantry Combat Gloves
10766	Stromgarde Assault-Team {weapon}
10767	Airborne Riot Shield
10768	Counter-Sniper Utility Belt
10769	Border-Guard Service Pendant
10770	Counter-Sniper Command Manual
10771	Combat-Rescue Utility Belt
10772	Ashenvale Outrider {weapon}
10774	Tunnel-Raider Shoulder Harness
10775	Vanguard Assault Vest
10776	Combat-Rescue Camouflage Cape
10777	Northshire Combat-Rescue Combat Gloves
10778	Northshire Trailblazer Service Pendant
10779	Sentinel Field Device
10780	Redridge Campaign Service Signet
10781	Duskwood Shock-Trooper Recon Vest
10782	Sentinel Hill Frontline Combat Helmet
10783	Rapid-Response Shoulder Harness
10784	Northshire Siege-Engineer Armored Vest
10785	Alterac Expedition Combat Trousers
10786	Stromgarde Campaign Patrol Boots
10787	Northshire Special-Recon Combat Gloves
10788	Stonewatch Outrider Utility Belt
10795	Northshire Siege-Engineer Service Signet
10796	Vanguard Command Manual
10797	Stromgarde Combat-Rescue {weapon}
10798	Tunnel-Raider Utility Belt
10799	Stromgarde Border-Guard {weapon}
10800	Deep-Patrol Wrist Guards
10801	Counter-Sniper Patrol Boots
10802	Sentinel Hill Forward-Observer Camouflage Cape
10803	Ashenvale Sapper {weapon}
10804	Ashenvale Shock-Trooper {weapon}
10805	Ashenvale Expedition {weapon}
10806	Northshire Deep-Patrol Field Jacket
10807	Northshire Deep-Patrol Combat Trousers
10808	Northshire Deep-Patrol Combat Gloves
10820	Stonewatch Stormproof Utility Belt
10821	Sentinel Hill Ranger-Issue Camouflage Cape
10823	Stromgarde Breach-Team {weapon}
10824	Vanguard Service Pendant
10825	Durotar Discarded {weapon}
10826	Ashenvale Field-Reinforced {weapon}
10827	Duskwood Stormproof Recon Vest
10828	Stromgarde Siege-Engineer {weapon}
10829	Deep-Patrol Service Pendant
10833	Northshire Assault-Team Combat Helmet
10835	Deep-Patrol Riot Shield
10836	Stromgarde Counter-Sniper {weapon}
10837	Stromgarde Deep-Patrol {weapon}
10838	Stromgarde Rapid-Response {weapon}
10842	Northshire Border-Guard Combat Trousers
10843	Counter-Sniper Camouflage Cape
10844	Stromgarde Commando {weapon}
10845	Rapid-Response Assault Vest
10846	Vanguard Patrol Boots
10847	Northshire Iron Vanguard {weapon}
10878	Durotar Tattered {weapon}
10898	Durotar Weathered {weapon}
10919	Stromgarde Frontline Combat Gloves
11019	Durotar Scuffed {weapon}
11021	Durotar Patched {weapon}
11025	Durotar Frayed {weapon}
11041	Westfall Worn Riot Shield
11042	Orgrimmar Salvaged {weapon}
11086	Stromgarde Vanguard {weapon}
11087	Orgrimmar Worn {weapon}
11118	Northshire Commando Service Signet
11120	Ashenvale Sentinel {weapon}
11121	Ashenvale Ranger-Issue {weapon}
11122	Forward-Observer Field Device
11123	Northshire Rapid-Response Combat Trousers
11124	Northshire Combat-Rescue Combat Helmet
11170	Northshire Strengthened Command Manual
11187	Stormwind Field-Ready Wrist Guards
11189	Westfall Field-Ready Field Jacket
11190	Duskwood Drill Combat Gloves
11191	Ironforge Insulated Patrol Boots
11192	Duskwood Padded Combat Gloves
11193	Duskwood Field-Reinforced Recon Vest
11194	Duskwood Trailblazer Armored Vest
11195	Northshire Sapper Assault Vest
11196	Northshire Shock-Trooper Service Pendant
11199	Westfall Toughened Riot Shield
11200	Westfall Reserve-Issue Riot Shield
11201	Westfall Drill Riot Shield
11229	Stonewatch Forward-Observer Utility Belt
11262	Tunnel-Raider Command Manual
11263	Stromgarde Tunnel-Raider {weapon}
11264	Orgrimmar Salt-Worn {weapon}
11265	Ashenvale Mountain-Infantry {weapon}
11287	Ashenvale Stormproof {weapon}
11288	Ashenvale Hardened {weapon}
11289	Ashenvale Forward-Observer {weapon}
11290	Ashenvale Campaign {weapon}
11302	Night-Operations Field Device
11303	Ashenvale Frontline {weapon}
11304	Desolace Forward-Observer {weapon}
11305	Desolace Expedition {weapon}
11306	Desolace Ranger-Issue {weapon}
11307	Desolace Veteran {weapon}
11308	Desolace Pathfinder {weapon}
11310	Assault-Team Shoulder Harness
11311	Sentinel Hill Expedition Camouflage Cape
11314	Orgrimmar Patched {weapon}
11317	Orgrimmar Frayed {weapon}
11321	Orgrimmar Discarded {weapon}
11322	Orgrimmar Tattered {weapon}
11323	Orgrimmar Weathered {weapon}
11342	Orgrimmar Mud-Stained {weapon}
11343	Orgrimmar Scuffed {weapon}
11344	Duskwood Sapper Recon Vest
11345	Alterac Forward-Observer Combat Trousers
11364	Double-Stitched Unit Tabard
11365	Orgrimmar Battle-Worn {weapon}
11369	Orgrimmar Sun-Faded {weapon}
11383	Thunder Bluff Salt-Worn {weapon}
11411	Thunder Bluff Salvaged {weapon}
11424	Thunder Bluff Tattered {weapon}
11469	Sentinel Hill Mountain-Infantry Wrist Guards
11475	Redridge Field-Ready Camouflage Cape
11502	Lakeshire Expedition Shoulder Harness
11505	Thunder Bluff Patched {weapon}
11506	Thunder Bluff Frayed {weapon}
11508	Ironforge Reinforced Patrol Boots
11522	Northshire Standard Command Manual
11542	Thunder Bluff Weathered {weapon}
11585	Westfall Discarded Riot Shield
11586	Westfall Mud-Stained Riot Shield
11587	Westfall Salt-Worn Riot Shield
11588	Thunder Bluff Scuffed {weapon}
11589	Redridge Sun-Faded Riot Shield
11591	Thunder Bluff Worn {weapon}
11603	Stromgarde Airborne {weapon}
11604	Night-Operations Assault Vest
11605	Lakeshire Campaign Shoulder Harness
11606	Duskwood Field-Reinforced Armored Vest
11607	Stromgarde Long-Range {weapon}
11608	Stromgarde Night-Operations {weapon}
11623	Special-Recon Camouflage Cape
11624	Northshire Special-Recon Shoulder Harness
11625	Special-Recon Command Manual
11626	Commando Camouflage Cape
11627	Tunnel-Raider Patrol Boots
11628	Stromgarde Special-Recon {weapon}
11629	Stromgarde Marine {weapon}
11631	Border-Guard Riot Shield
11632	Northshire Deep-Patrol Shoulder Harness
11633	Wolfpack Assault Vest
11634	Northshire Border-Guard Combat Gloves
11635	Alterac Special-Recon {weapon}
11662	Commando Utility Belt
11665	Northshire Rapid-Response Combat Gloves
11669	Northshire Assault-Team Service Signet
11675	Long-Range Patrol Boots
11677	Airborne Camouflage Cape
11678	Assault-Team Assault Vest
11679	Rapid-Response Wrist Guards
11684	Northshire Shadow Regiment {weapon}
11685	Northshire Border-Guard Shoulder Harness
11686	Long-Range Utility Belt
11702	Alterac Siege-Engineer {weapon}
11703	Breach-Team Utility Belt
11722	Northshire Rapid-Response Shoulder Harness
11726	War Council Armored Vest
11728	Northshire Combat-Rescue Combat Trousers
11729	Northshire Counter-Sniper Combat Helmet
11730	Northshire Counter-Sniper Combat Gloves
11731	Northshire Combat-Rescue Patrol Boots
11735	Northshire Vanguard Combat Helmet
11743	Desolace Stormproof {weapon}
11744	Alterac Marine {weapon}
11745	Northshire Tunnel-Raider Combat Gloves
11746	Northshire Tunnel-Raider Combat Helmet
11747	Siege-Engineer Recon Vest
11748	Alterac Deep-Patrol {weapon}
11749	Northshire Assault-Team Combat Trousers
11750	Alterac Tunnel-Raider {weapon}
11755	Rapid-Response Service Pendant
11762	Thunder Bluff Mud-Stained {weapon}
11763	Thunder Bluff Battle-Worn {weapon}
11764	Assault-Team Wrist Guards
11765	Combat-Rescue Wrist Guards
11766	Long-Range Wrist Guards
11767	Border-Guard Wrist Guards
11768	Sentinel Hill Shock-Trooper Wrist Guards
11782	Northshire Assault-Team Shoulder Harness
11783	Marine Utility Belt
11784	Alterac Combat-Rescue {weapon}
11785	Northshire Commando Riot Shield
11786	Alterac Commando {weapon}
11787	Northshire Vanguard Patrol Boots
11802	Northshire Vanguard Combat Trousers
11803	Alterac Counter-Sniper {weapon}
11805	Alterac Vanguard {weapon}
11807	Northshire Assault-Team Utility Belt
11808	War Council Combat Helmet
11809	Alterac Airborne {weapon}
11810	Vanguard Field Device
11811	Siege-Engineer Field Device
11812	Long-Range Camouflage Cape
11814	Northshire Commando Combat Gloves
11815	Rapid-Response Field Device
11816	Alterac Border-Guard {weapon}
11817	Alterac Long-Range {weapon}
11819	Tunnel-Raider Field Device
11820	Northshire Counter-Sniper Armored Vest
11821	Northshire Counter-Sniper Combat Trousers
11822	Northshire Counter-Sniper Patrol Boots
11823	Northshire Tunnel-Raider Combat Trousers
11824	Northshire Deep-Patrol Service Signet
11832	Commando Field Device
11838	Thunder Bluff Sun-Faded {weapon}
11839	Northshire Deep-Patrol Combat Helmet
11840	Redridge Toughened Field Shirt
11841	Northshire Commando Combat Trousers
11842	Northshire Combat-Rescue Shoulder Harness
11847	Redridge Toughened Camouflage Cape
11848	Stormwind Reserve-Issue Utility Belt
11849	Stormwind Reserve-Issue Wrist Guards
11850	Redridge Reserve-Issue Camouflage Cape
11851	Westfall Reserve-Issue Recon Vest
11852	Redridge Strengthened Combat Trousers
11853	Stromgarde Stormproof Patrol Boots
11854	Desolace Field-Reinforced {weapon}
11855	Westfall Expedition Command Manual
11856	Desolace Trailblazer {weapon}
11857	Desolace Frontline {weapon}
11858	Sentinel Hill Campaign Camouflage Cape
11859	Westfall Sentinel Command Manual
11860	Desolace Campaign {weapon}
11861	Stonewatch Expedition Utility Belt
11862	Redridge Expedition Service Signet
11863	Desolace Outrider {weapon}
11864	Desolace Shock-Trooper {weapon}
11865	Stromgarde Expedition Patrol Boots
11866	Northshire Border-Guard Utility Belt
11867	Stromgarde Field-Reinforced Combat Gloves
11868	Redridge Frontline Service Signet
11869	Redridge Outrider Service Signet
11870	Westfall Frontline Command Manual
11871	Lakeshire Frontline Shoulder Harness
11872	Stromgarde Shock-Trooper Patrol Boots
11873	Sentinel Hill Outrider Camouflage Cape
11874	Lakeshire Shock-Trooper Shoulder Harness
11875	Sentinel Hill Campaign Wrist Guards
11876	Duskwood Mountain-Infantry Recon Vest
11882	Alterac Field-Reinforced Combat Trousers
11884	Sentinel Hill Ranger-Issue Shoulder Harness
11888	Stromgarde Trailblazer Combat Gloves
11889	Sentinel Hill Expedition Shoulder Harness
11902	Desolace Mountain-Infantry {weapon}
11904	Westfall Outrider Command Manual
11905	Field-Reinforced Field Device
11906	Desolace Sapper {weapon}
11907	Desolace Sentinel {weapon}
11908	Stromgarde Frontline Patrol Boots
11909	Stonewatch Field-Reinforced Utility Belt
11910	Alterac Trailblazer Combat Trousers
11911	Alterac Frontline Combat Trousers
11913	Sentinel Hill Shock-Trooper Combat Helmet
11915	Ironforge Sentinel Riot Shield
11916	Sentinel Hill Outrider Shoulder Harness
11917	Sentinel Hill Frontline Wrist Guards
11918	Alterac Shock-Trooper Combat Gloves
11919	Stromgarde Field-Reinforced Patrol Boots
11920	Alterac Rapid-Response {weapon}
11921	Alterac Breach-Team {weapon}
11922	Alterac Assault-Team {weapon}
11923	Alterac Night-Operations {weapon}
11924	Northshire Vanguard Field Jacket
11925	Northshire Special-Recon Combat Helmet
11926	Northshire Combat-Rescue Armored Vest
11927	Northshire Airborne Combat Trousers
11928	Commando Command Manual
11929	Northshire Long-Range Combat Trousers
11930	Breach-Team Camouflage Cape
11931	Southshore Combat-Rescue {weapon}
11932	Southshore Special-Recon {weapon}
11933	Special-Recon Service Pendant
11934	Northshire Counter-Sniper Service Signet
11935	Airborne Command Manual
11936	Stonewatch Campaign Utility Belt
11945	Redridge Shock-Trooper Service Signet
11946	Northshire Stormproof Service Pendant
11962	Northshire Deep-Patrol Wrist Guards
11963	Sentinel Hill Campaign Shoulder Harness
11964	Desolace Hardened {weapon}
11965	Redridge Field-Reinforced Service Signet
11967	Redridge Trailblazer Service Signet
11968	Redridge Sapper Service Signet
11969	Redridge Hardened Service Signet
11970	Redridge Veteran Service Signet
11971	Duskwood Forward-Observer Service Signet
11972	Duskwood Frontline Service Signet
11973	Duskwood Field-Reinforced Service Signet
11974	Duskwood Sentinel Service Signet
11975	Duskwood Veteran Service Signet
11976	Duskwood Stormproof Service Signet
11977	Duskwood Campaign Service Signet
11978	Duskwood Shock-Trooper Service Signet
11979	Duskwood Sapper Service Signet
11980	Duskwood Hardened Service Signet
11981	Duskwood Expedition Service Signet
11982	Duskwood Outrider Service Signet
11983	Duskwood Trailblazer Service Signet
11984	Duskwood Mountain-Infantry Service Signet
11985	Duskwood Pathfinder Service Signet
11986	Duskwood Ranger-Issue Service Signet
11987	Stormwind Field-Reinforced Service Signet
11988	Stormwind Mountain-Infantry Service Signet
11989	Stormwind Pathfinder Service Signet
11990	Stormwind Campaign Service Signet
11991	Stormwind Trailblazer Service Signet
11992	Stormwind Hardened Service Signet
11993	Stormwind Expedition Service Signet
11994	Stormwind Outrider Service Signet
11995	Stormwind Sapper Service Signet
11996	Stormwind Ranger-Issue Service Signet
11997	Stormwind Frontline Service Signet
11998	Stormwind Shock-Trooper Service Signet
11999	Stormwind Sentinel Service Signet
12000	Tanaris Frontline {weapon}
12001	Stormwind Stormproof Service Signet
12002	Stormwind Veteran Service Signet
12004	Stormwind Forward-Observer Service Signet
12005	Ironforge Sentinel Service Signet
12006	Ironforge Expedition Service Signet
12007	Ironforge Outrider Service Signet
12008	Ironforge Trailblazer Service Signet
12009	Ironforge Veteran Service Signet
12010	Ironforge Forward-Observer Service Signet
12011	Ironforge Shock-Trooper Service Signet
12012	Ironforge Sapper Service Signet
12013	Ironforge Ranger-Issue Service Signet
12014	Ironforge Campaign Service Signet
12015	Ironforge Field-Reinforced Service Signet
12016	Ironforge Mountain-Infantry Service Signet
12017	Ironforge Pathfinder Service Signet
12018	Sentinel Hill Outrider Combat Helmet
12019	Northshire Veteran Service Pendant
12020	Northshire Forward-Observer Service Pendant
12021	Stromgarde Trailblazer Patrol Boots
12022	Northshire Field-Reinforced Service Pendant
12023	Northshire Sentinel Service Pendant
12024	Northshire Ranger-Issue Service Pendant
12025	Northshire Expedition Service Pendant
12026	Northshire Pathfinder Service Pendant
12027	Northshire Campaign Service Pendant
12028	Northshire Frontline Service Pendant
12029	Westfall Pathfinder Service Pendant
12030	Westfall Campaign Service Pendant
12031	Westfall Trailblazer Service Pendant
12032	Westfall Hardened Service Pendant
12034	Westfall Forward-Observer Service Pendant
12035	Westfall Outrider Service Pendant
12036	Westfall Sentinel Service Pendant
12038	Ironforge Frontline Service Signet
12039	Westfall Veteran Service Pendant
12040	Westfall Expedition Service Pendant
12041	Alterac Shock-Trooper Combat Trousers
12042	Westfall Shock-Trooper Service Pendant
12043	Westfall Mountain-Infantry Service Pendant
12044	Westfall Stormproof Service Pendant
12045	Westfall Frontline Service Pendant
12046	Westfall Sapper Service Pendant
12047	Westfall Ranger-Issue Service Pendant
12048	Westfall Field-Reinforced Service Pendant
12049	Duskwood Frontline Armored Vest
12050	Stromgarde Outrider Patrol Boots
12051	Alterac Outrider Combat Gloves
12052	Ironforge Hardened Service Signet
12053	Ironforge Stormproof Service Signet
12054	Elwynn Frontline Service Signet
12055	Elwynn Stormproof Service Signet
12056	Elwynn Outrider Service Signet
12057	Elwynn Trailblazer Service Signet
12058	Elwynn Hardened Service Signet
12059	Marine Service Pendant
12061	Tanaris Pathfinder {weapon}
12062	Tanaris Field-Reinforced {weapon}
12063	Thunder Bluff Discarded {weapon}
12064	Westfall Reinforced Combat Helmet
12065	Mountain-Infantry Field Device
12066	Sentinel Hill Trailblazer Camouflage Cape
12082	Sentinel Hill Trailblazer Shoulder Harness
12083	Stonewatch Trailblazer Utility Belt
12102	Elwynn Expedition Service Signet
12103	Siege-Engineer Service Pendant
12104	Duskwood Hardened Recon Vest
12105	Alterac Mountain-Infantry Combat Trousers
12106	Northshire Hardened Assault Vest
12107	Alterac Sapper Combat Trousers
12108	Duskwood Sapper Armored Vest
12109	Sentinel Hill Field-Reinforced Shoulder Harness
12110	Stonewatch Field-Reinforced Camouflage Cape
12111	Alterac Sentinel Combat Gloves
12112	Sentinel Hill Field-Reinforced Wrist Guards
12113	Stonewatch Outrider Camouflage Cape
12114	Alterac Field-Reinforced Combat Gloves
12115	Lordaeron Trailblazer Utility Belt
12142	Stonetalon Salvaged {weapon}
12182	Stonetalon Tattered {weapon}
12183	Stonetalon Salt-Worn {weapon}
12185	Sentinel Hill Sapper Combat Helmet
12187	Standard Assault Vest
12188	Strengthened Assault Vest
12189	Reinforced Assault Vest
12221	Silverpine Rugged {weapon}
12222	Westfall Rugged Combat Helmet
12225	Silverpine Militia-Issue {weapon}
12243	Southshore Counter-Sniper {weapon}
12244	Garrison-Issue Assault Vest
12245	Weatherproof Assault Vest
12247	Tanaris Mountain-Infantry {weapon}
12248	Tanaris Veteran {weapon}
12249	Tanaris Hardened {weapon}
12250	Tanaris Stormproof {weapon}
12251	Tanaris Ranger-Issue {weapon}
12252	Tanaris Forward-Observer {weapon}
12253	Stonewatch Shock-Trooper Camouflage Cape
12254	Stonewatch Sapper Camouflage Cape
12255	Alterac Hardened Combat Trousers
12256	Alterac Ranger-Issue Combat Trousers
12257	Lordaeron Sapper Utility Belt
12258	Lordaeron Mountain-Infantry Utility Belt
12259	Tanaris Expedition {weapon}
12260	Tanaris Campaign {weapon}
12282	Silverpine Garrison-Issue {weapon}
12285	Stonetalon Patched {weapon}
12290	Stonetalon Scuffed {weapon}
12294	Stonetalon Frayed {weapon}
12295	Alterac Veteran Combat Trousers
12296	Tanaris Outrider {weapon}
12297	Stonetalon Worn {weapon}
12298	Stonetalon Mud-Stained {weapon}
12299	Duskwood Insulated Combat Gloves
12304	Stonetalon Discarded {weapon}
12322	Stonetalon Weathered {weapon}
12328	Stonetalon Battle-Worn {weapon}
12329	Stonetalon Sun-Faded {weapon}
12331	Ashenvale Worn {weapon}
12332	Ashenvale Mud-Stained {weapon}
12333	Ashenvale Sun-Faded {weapon}
12338	Ashenvale Salvaged {weapon}
12344	Northshire Airborne Service Signet
12348	Ashenvale Scuffed {weapon}
12403	Ashenvale Discarded {weapon}
12405	Northshire Expedition Assault Vest
12406	Lordaeron Expedition Utility Belt
12407	Sentinel Hill Frontline Shoulder Harness
12408	Sentinel Hill Outrider Wrist Guards
12409	Stromgarde Sapper Patrol Boots
12410	Sentinel Hill Trailblazer Combat Helmet
12413	Alterac Pathfinder Combat Trousers
12414	Alterac Campaign Combat Trousers
12415	Duskwood Outrider Armored Vest
12416	Lordaeron Campaign Utility Belt
12417	Sentinel Hill Sentinel Combat Helmet
12418	Alterac Trailblazer Combat Gloves
12419	Stromgarde Sentinel Patrol Boots
12420	Alterac Sentinel Combat Trousers
12421	Ashenvale Tattered {weapon}
12422	Northshire Veteran Assault Vest
12423	Sentinel Hill Mountain-Infantry Combat Helmet
12424	Lordaeron Outrider Utility Belt
12425	Sentinel Hill Trailblazer Wrist Guards
12426	Stromgarde Mountain-Infantry Patrol Boots
12427	Sentinel Hill Hardened Combat Helmet
12428	Sentinel Hill Shock-Trooper Shoulder Harness
12429	Southshore Veteran Combat Trousers
12442	Northshire Reinforced Command Manual
12443	Northshire Garrison-Issue Command Manual
12446	Silverpine Reserve-Issue {weapon}
12447	Silverpine Toughened {weapon}
12448	Silverpine Drill {weapon}
12449	Silverpine Padded {weapon}
12452	Redridge Salvaged Riot Shield
12453	Redridge Worn Riot Shield
12454	Redridge Discarded Riot Shield
12456	Redridge Tattered Riot Shield
12461	Ashenvale Patched {weapon}
12462	Kingsguard Field Jacket
12463	Southshore Vanguard {weapon}
12464	Northshire Assault-Team Combat Gloves
12465	Northshire Marine Camouflage Cape
12466	Northshire Marine Utility Belt
12468	Ashenvale Weathered {weapon}
12469	Southshore Siege-Engineer {weapon}
12470	Northshire Airborne Patrol Boots
12471	Long-Range Command Manual
12482	Ashenvale Frayed {weapon}
12502	Ashenvale Salt-Worn {weapon}
12522	Alterac Veteran Combat Gloves
12523	Ashenvale Battle-Worn {weapon}
12527	Southshore Marine {weapon}
12528	Southshore Border-Guard {weapon}
12531	Southshore Long-Range {weapon}
12532	Southshore Breach-Team {weapon}
12535	Southshore Tunnel-Raider {weapon}
12542	Northshire Night-Operations Field Jacket
12543	Northshire Combat-Rescue Service Signet
12544	Northshire Border-Guard Service Signet
12545	Northshire Rapid-Response Service Signet
12546	Northshire Siege-Engineer Wrist Guards
12547	Northshire Breach-Team Combat Gloves
12548	Westfall Combat-Rescue Service Signet
12549	Westfall Siege-Engineer Combat Helmet
12550	Northshire Border-Guard Wrist Guards
12551	Northshire Border-Guard Camouflage Cape
12552	Northshire Deep-Patrol Camouflage Cape
12553	Northshire Tunnel-Raider Patrol Boots
12554	Northshire Marine Combat Gloves
12555	Northshire Assault-Team Patrol Boots
12556	Northshire Commando Patrol Boots
12557	Northshire Tunnel-Raider Shoulder Harness
12582	Southshore Assault-Team {weapon}
12583	Southshore Deep-Patrol {weapon}
12584	Westfall Storm Guard {weapon}
12587	Westfall Airborne Combat Helmet
12588	Northshire Long-Range Shoulder Harness
12589	Northshire Vanguard Utility Belt
12590	Westfall Shadow Regiment {weapon}
12591	Desolace Tattered {weapon}
12592	Westfall Last Bastion {weapon}
12593	Desolace Salvaged {weapon}
12602	Northshire Special-Recon Riot Shield
12603	Tunnel-Raider Recon Vest
12604	Westfall Counter-Sniper Combat Helmet
12605	Southshore Commando {weapon}
12606	Northshire Tunnel-Raider Utility Belt
12608	Northshire Assault-Team Camouflage Cape
12609	Northshire Tunnel-Raider Field Jacket
12610	Sentinel Hill Hardened Shoulder Harness
12611	Stromgarde Hardened Patrol Boots
12612	Sentinel Hill Veteran Combat Helmet
12613	Northshire Ranger-Issue Assault Vest
12614	Southshore Ranger-Issue Combat Trousers
12615	Duskwood Veteran Armored Vest
12616	Stromgarde Ranger-Issue Patrol Boots
12617	Sentinel Hill Pathfinder Shoulder Harness
12618	Breach-Team Assault Vest
12619	Northshire Breach-Team Combat Trousers
12620	Westfall Long-Range Combat Helmet
12621	Southshore Airborne {weapon}
12624	Northshire Border-Guard Armored Vest
12625	Northshire Vanguard Shoulder Harness
12626	Northshire Combat-Rescue Wrist Guards
12628	Counter-Sniper Assault Vest
12629	Desolace Scuffed {weapon}
12631	Westfall Vanguard Combat Gloves
12632	Westfall Tunnel-Raider Combat Gloves
12633	Westfall Commando Combat Helmet
12634	Northshire Commando Utility Belt
12636	Westfall Breach-Team Combat Helmet
12637	Westfall Commando Combat Gloves
12639	Ghost Division Combat Gloves
12640	Iron Vanguard Combat Helmet
12641	Ghost Division Armored Vest
12651	Southshore Night-Operations {weapon}
12653	Southshore Rapid-Response {weapon}
12686	Hillsbrad Counter-Sniper {weapon}
12709	Hillsbrad Vanguard {weapon}
12742	Desolace Frayed {weapon}
12743	Salvaged Command Manual
12744	Desolace Mud-Stained {weapon}
12745	Worn Command Manual
12746	Desolace Salt-Worn {weapon}
12747	Desolace Battle-Worn {weapon}
12748	Desolace Sun-Faded {weapon}
12749	Discarded Command Manual
12750	Desolace Worn {weapon}
12751	Desolace Discarded {weapon}
12752	Praetorian Combat Helmet
12754	Desolace Patched {weapon}
12755	Silverpine Insulated {weapon}
12756	Blackwatch Combat Trousers
12757	Blackwatch Recon Vest
12764	Tanaris Trailblazer {weapon}
12767	Tanaris Shock-Trooper {weapon}
12769	Hillsbrad Siege-Engineer {weapon}
12772	Tanaris Sapper {weapon}
12773	Tanaris Sentinel {weapon}
12774	Hillsbrad Deep-Patrol {weapon}
12775	Dustwallow Outrider {weapon}
12776	Hillsbrad Tunnel-Raider {weapon}
12777	Hillsbrad Commando {weapon}
12779	Dustwallow Shock-Trooper {weapon}
12781	Hillsbrad Airborne {weapon}
12782	Hillsbrad Long-Range {weapon}
12783	Hillsbrad Breach-Team {weapon}
12784	Hillsbrad Night-Operations {weapon}
12786	Desolace Weathered {weapon}
12787	Tanaris Salt-Worn {weapon}
12788	Tanaris Battle-Worn {weapon}
12790	Hillsbrad Border-Guard {weapon}
12791	Hillsbrad Marine {weapon}
12792	Dustwallow Sentinel {weapon}
12793	Counter-Sniper Recon Vest
12794	Hillsbrad Special-Recon {weapon}
12795	Hillsbrad Rapid-Response {weapon}
12796	Hillsbrad Assault-Team {weapon}
12797	Hillsbrad Combat-Rescue {weapon}
12798	Silverpine Tunnel-Raider {weapon}
12801	Tanaris Frayed {weapon}
12802	Silverpine Long-Range {weapon}
12805	Hardened Field Device
12846	Northshire Strengthened Field Device
12850	Tanaris Mud-Stained {weapon}
12851	Weathered Command Manual
12852	Tanaris Sun-Faded {weapon}
12853	Northshire Scuffed Command Manual
12854	Tanaris Salvaged {weapon}
12855	Northshire Patched Command Manual
12856	Tanaris Worn {weapon}
12857	Northshire Frayed Command Manual
12858	Tanaris Discarded {weapon}
12859	Northshire Mud-Stained Command Manual
12860	Northshire Salt-Worn Command Manual
12861	Northshire Battle-Worn Command Manual
12862	Tanaris Tattered {weapon}
12863	Northshire Sun-Faded Command Manual
12864	Tanaris Weathered {weapon}
12865	Northshire Salvaged Command Manual
12866	Tanaris Scuffed {weapon}
12867	Northshire Worn Command Manual
12868	Tanaris Patched {weapon}
12869	Northshire Discarded Command Manual
12870	Northshire Tattered Command Manual
12882	Dustwallow Worn {weapon}
12883	Dustwallow Salt-Worn {weapon}
12889	Dustwallow Discarded {weapon}
12890	Dustwallow Salvaged {weapon}
12892	Dustwallow Tattered {weapon}
12893	Redridge Weathered Riot Shield
12895	Ghost Division Assault Vest
12901	Dustwallow Battle-Worn {weapon}
12902	Dustwallow Weathered {weapon}
12903	Iron Vanguard Combat Trousers
12904	Sentinel Hill Ranger-Issue Combat Helmet
12905	Northshire Vanguard Camouflage Cape
12926	Westfall Counter-Sniper Service Signet
12927	Northshire Commando Shoulder Harness
12929	Northshire Counter-Sniper Service Pendant
12930	Airborne Field Device
12931	Redridge Scuffed Riot Shield
12932	Redridge Patched Riot Shield
12933	Redridge Frayed Riot Shield
12934	Dustwallow Sun-Faded {weapon}
12935	Northshire Night-Operations Combat Trousers
12936	Northshire Breach-Team Wrist Guards
12937	Dustwallow Scuffed {weapon}
12939	Silverpine Marine {weapon}
12940	Silverpine Siege-Engineer {weapon}
12941	Dustwallow Patched {weapon}
12943	Dustwallow Frayed {weapon}
12944	Dustwallow Mud-Stained {weapon}
12945	Ghost Division Combat Trousers
12947	Last Stand Service Signet
12948	Northshire Weathered Command Manual
12949	Blackrock Worn {weapon}
12950	Blackrock Battle-Worn {weapon}
12951	Blackrock Patched {weapon}
12952	Westfall Night-Operations Combat Helmet
12953	Westfall Tunnel-Raider Combat Helmet
12959	Blackrock Tattered {weapon}
12960	Westfall Vanguard Combat Helmet
12961	Westfall Training Riot Shield
12962	Duskwood Weatherproof Combat Gloves
12963	Northshire Special-Recon Combat Trousers
12964	Northshire Marine Combat Trousers
12965	Westfall Commando Combat Trousers
12966	Northshire Airborne Wrist Guards
12967	Northshire Commando Camouflage Cape
12968	Northshire Airborne Camouflage Cape
12969	Silverpine Night-Operations {weapon}
12970	Marine Assault Vest
12971	Silverpine Service {weapon}
12972	Silverpine Training {weapon}
12974	Silverpine Deep-Patrol {weapon}
12975	Silverpine Special-Recon {weapon}
12976	Silverpine Assault-Team {weapon}
12977	Westfall Special-Recon Combat Gloves
12978	Northshire Siege-Engineer Utility Belt
12979	Northshire Siege-Engineer Camouflage Cape
12980	Redridge Mud-Stained Riot Shield
12981	Redridge Salt-Worn Riot Shield
12982	Northshire Deep-Patrol Patrol Boots
12983	Silverpine Rapid-Response {weapon}
12984	Silverpine Border-Guard {weapon}
12985	Westfall Marine Service Signet
12986	Blackrock Sun-Faded {weapon}
12987	Westfall Siege-Engineer Combat Trousers
12988	Deep-Patrol Recon Vest
12989	Silverpine Combat-Rescue {weapon}
12990	Silverpine Counter-Sniper {weapon}
12991	Blackrock Mud-Stained {weapon}
12992	Silverpine Commando {weapon}
12993	Blackrock Salvaged {weapon}
12994	Westfall Rapid-Response Combat Gloves
12995	Redridge Battle-Worn Riot Shield
12996	Westfall Siege-Engineer Service Signet
12997	Northshire Vanguard Riot Shield
12998	Northshire Counter-Sniper Shoulder Harness
12999	Northshire Assault-Team Wrist Guards
13000	Silverpine Vanguard {weapon}
13001	Westfall Vanguard Service Signet
13002	Northshire Assault-Team Service Pendant
13003	Silverpine Airborne {weapon}
13004	Silverpine Breach-Team {weapon}
13005	Northshire Counter-Sniper Camouflage Cape
13006	Arathi Long-Range {weapon}
13007	Northshire Combat-Rescue Camouflage Cape
13008	Westfall Special-Recon Combat Trousers
13009	Vanguard Recon Vest
13010	Westfall Counter-Sniper Combat Trousers
13011	Northshire Counter-Sniper Utility Belt
13012	Northshire Vanguard Wrist Guards
13013	Northshire Airborne Shoulder Harness
13014	Arathi Special-Recon {weapon}
13015	Arathi Counter-Sniper {weapon}
13016	Arathi Assault-Team {weapon}
13017	Arathi Border-Guard {weapon}
13018	Arathi Airborne {weapon}
13019	Arathi Breach-Team {weapon}
13020	Arathi Rapid-Response {weapon}
13021	Arathi Night-Operations {weapon}
13022	Arathi Combat-Rescue {weapon}
13023	Arathi Marine {weapon}
13024	Arathi Siege-Engineer {weapon}
13025	Arathi Vanguard {weapon}
13026	Arathi Deep-Patrol {weapon}
13027	Arathi Tunnel-Raider {weapon}
13028	Arathi Commando {weapon}
13029	Northshire Assault-Team Command Manual
13030	Northshire Breach-Team Command Manual
13031	Northshire Combat-Rescue Command Manual
13032	Dun Morogh Long-Range {weapon}
13033	Dun Morogh Border-Guard {weapon}
13034	Dun Morogh Commando {weapon}
13035	Dun Morogh Deep-Patrol {weapon}
13036	Dun Morogh Airborne {weapon}
13037	Dun Morogh Breach-Team {weapon}
13038	Dun Morogh Rapid-Response {weapon}
13039	Dun Morogh Night-Operations {weapon}
13040	Dun Morogh Assault-Team {weapon}
13041	Dun Morogh Special-Recon {weapon}
13042	Dun Morogh Marine {weapon}
13043	Dun Morogh Combat-Rescue {weapon}
13044	Dun Morogh Siege-Engineer {weapon}
13045	Dun Morogh Counter-Sniper {weapon}
13046	Dun Morogh Vanguard {weapon}
13047	Dun Morogh Tunnel-Raider {weapon}
13048	Menethil Breach-Team {weapon}
13049	Menethil Special-Recon {weapon}
13050	Blackrock Weathered {weapon}
13051	Menethil Night-Operations {weapon}
13052	Menethil Combat-Rescue {weapon}
13053	Menethil Marine {weapon}
13054	Menethil Vanguard {weapon}
13055	Menethil Siege-Engineer {weapon}
13056	Menethil Tunnel-Raider {weapon}
13057	Menethil Long-Range {weapon}
13058	Menethil Deep-Patrol {weapon}
13059	Menethil Rapid-Response {weapon}
13060	Menethil Border-Guard {weapon}
13061	Blackrock Scuffed {weapon}
13062	Menethil Commando {weapon}
13063	Menethil Assault-Team {weapon}
13064	Menethil Counter-Sniper {weapon}
13065	Menethil Airborne {weapon}
13066	Northshire Siege-Engineer Shoulder Harness
13067	Combat-Rescue Assault Vest
13068	Northshire Long-Range Patrol Boots
13069	Blackrock Frayed {weapon}
13070	Northshire Breach-Team Patrol Boots
13071	Westfall Airborne Combat Gloves
13072	Westfall Long-Range Combat Gloves
13073	Westfall Deep-Patrol Combat Helmet
13074	Westfall Long-Range Combat Trousers
13075	Westfall Breach-Team Combat Trousers
13076	Northshire Night-Operations Wrist Guards
13077	Northshire Airborne Utility Belt
13078	Blackrock Salt-Worn {weapon}
13079	Northshire Night-Operations Riot Shield
13080	Northshire Commando Field Jacket
13081	Northshire Combat-Rescue Riot Shield
13082	Northshire Marine Riot Shield
13083	Northshire Siege-Engineer Riot Shield
13084	Northshire Breach-Team Service Pendant
13085	Northshire Night-Operations Service Pendant
13087	Northshire Airborne Service Pendant
13088	Northshire Border-Guard Service Pendant
13089	Northshire Long-Range Service Pendant
13090	Northshire Long-Range Armored Vest
13091	Northshire Rapid-Response Service Pendant
13092	Airborne Recon Vest
13093	Westfall Special-Recon Service Signet
13094	Westfall Tunnel-Raider Service Signet
13095	Westfall Commando Service Signet
13096	Westfall Airborne Service Signet
13097	Westfall Long-Range Service Signet
13098	Westfall Breach-Team Service Signet
13099	Northshire Night-Operations Patrol Boots
13100	Northshire Special-Recon Patrol Boots
13101	Northshire Marine Patrol Boots
13102	Westfall Special-Recon Combat Helmet
13103	Northshire Breach-Team Shoulder Harness
13104	Blackrock Discarded {weapon}
13105	Northshire Deep-Patrol Utility Belt
13106	Northshire Commando Wrist Guards
13107	Northshire Tunnel-Raider Wrist Guards
13108	Northshire Breach-Team Camouflage Cape
13109	Northshire Long-Range Camouflage Cape
13110	Commando Recon Vest
13111	Northshire Border-Guard Patrol Boots
13112	Westfall Marine Combat Helmet
13113	Westfall Border-Guard Combat Helmet
13114	Westfall Airborne Combat Trousers
13115	Northshire Night-Operations Shoulder Harness
13116	Northshire Marine Shoulder Harness
13117	Northshire Combat-Rescue Utility Belt
13118	Northshire Long-Range Utility Belt
13119	Northshire Rapid-Response Wrist Guards
13120	Northshire Counter-Sniper Wrist Guards
13121	Northshire Rapid-Response Camouflage Cape
13122	Northshire Tunnel-Raider Camouflage Cape
13123	Northshire Airborne Armored Vest
13124	Northshire Siege-Engineer Patrol Boots
13125	Northshire Rapid-Response Patrol Boots
13126	Westfall Deep-Patrol Combat Gloves
13127	Westfall Rapid-Response Combat Helmet
13128	Westfall Assault-Team Combat Helmet
13129	Westfall Rapid-Response Combat Trousers
13130	Westfall Assault-Team Combat Trousers
13131	Westfall Commando Shoulder Harness
13132	Westfall Vanguard Shoulder Harness
13133	Westfall Airborne Shoulder Harness
13134	Northshire Night-Operations Utility Belt
13135	Northshire Long-Range Wrist Guards
13136	Theramore Deep-Patrol {weapon}
13137	Theramore Special-Recon {weapon}
13138	Theramore Counter-Sniper {weapon}
13139	Theramore Marine {weapon}
13141	Northshire Tunnel-Raider Service Pendant
13142	Northshire Breach-Team Utility Belt
13143	Dawn Brigade Service Signet
13144	Northshire Rapid-Response Utility Belt
13145	Northshire Special-Recon Utility Belt
13146	Theramore Vanguard {weapon}
13147	Burning Steppes Frayed {weapon}
13148	Theramore Breach-Team {weapon}
13150	Burning Steppes Worn {weapon}
13160	Burning Steppes Discarded {weapon}
13161	Theramore Siege-Engineer {weapon}
13162	Westfall Breach-Team Combat Gloves
13163	Theramore Border-Guard {weapon}
13164	Long-Range Field Device
13165	Burning Steppes Salvaged {weapon}
13166	Westfall Long-Range Shoulder Harness
13167	Theramore Airborne {weapon}
13168	Commando Assault Vest
13169	Westfall Vanguard Combat Trousers
13170	Westfall Tunnel-Raider Combat Trousers
13171	Veteran Field Device
13173	Combat-Rescue Combat Knife
13175	Dustwallow Mountain-Infantry {weapon}
13177	Northshire Combat-Rescue Service Pendant
13178	Westfall Night-Operations Service Signet
13179	Northshire Special-Recon Wrist Guards
13181	Westfall Assault-Team Combat Gloves
13182	Theramore Commando {weapon}
13183	Theramore Long-Range {weapon}
13184	Westfall Night-Operations Combat Gloves
13185	Westfall Tunnel-Raider Shoulder Harness
13198	Theramore Rapid-Response {weapon}
13199	Northshire Marine Wrist Guards
13203	Northshire Night-Operations Camouflage Cape
13204	Theramore Night-Operations {weapon}
13205	Northshire Breach-Team Riot Shield
13206	Westfall Night-Operations Combat Trousers
13208	Westfall Tunnel-Raider Wrist Guards
13209	Special-Recon Field Device
13210	Westfall Vanguard Patrol Boots
13211	Westfall Commando Wrist Guards
13212	Northshire Vanguard Service Pendant
13213	Marine Field Device
13214	Redridge Salt-Worn Patrol Boots
13216	Sentinel Hill Pathfinder Combat Helmet
13217	Elwynn Sapper Service Signet
13218	Theramore Combat-Rescue {weapon}
13219	Westfall Scuffed Command Manual
13220	Burning Steppes Salt-Worn {weapon}
13221	Westfall Patched Command Manual
13222	Burning Steppes Tattered {weapon}
13242	Stromgarde Veteran Patrol Boots
13243	Northshire Deep-Patrol Riot Shield
13244	Westfall Marine Combat Gloves
13245	Northshire Rapid-Response Riot Shield
13246	Theramore Assault-Team {weapon}
13248	Theramore Tunnel-Raider {weapon}
13249	Barrens Deep-Patrol {weapon}
13252	Westfall Vanguard Utility Belt
13253	Westfall Counter-Sniper Combat Gloves
13254	Northshire Tunnel-Raider Riot Shield
13255	Westfall Siege-Engineer Combat Gloves
13257	Westfall Counter-Sniper Shoulder Harness
13258	Westfall Border-Guard Combat Gloves
13259	Westfall Airborne Patrol Boots
13260	Westfall Commando Patrol Boots
13261	Northshire Counter-Sniper Command Manual
13262	Oathkeeper {weapon}
13282	Westfall Combat-Rescue Patrol Boots
13283	Westfall Assault-Team Service Signet
13284	Westfall Counter-Sniper Patrol Boots
13285	Barrens Assault-Team {weapon}
13286	Barrens Rapid-Response {weapon}
13290	Burning Steppes Weathered {weapon}
13291	Burning Steppes Scuffed {weapon}
13292	Burning Steppes Patched {weapon}
13293	Burning Steppes Mud-Stained {weapon}
13312	Burning Steppes Battle-Worn {weapon}
13314	Praetorian Field Jacket
13315	Westfall Mountain-Infantry Command Manual
13316	Burning Steppes Sun-Faded {weapon}
13318	Duskwood Sun-Faded Riot Shield
13319	Duskwood Salvaged Riot Shield
13336	Searing Gorge Tattered {weapon}
13337	Searing Gorge Weathered {weapon}
13338	Searing Gorge Scuffed {weapon}
13339	Searing Gorge Patched {weapon}
13340	Northshire Special-Recon Camouflage Cape
13341	Westfall Frayed Command Manual
13344	Westfall Combat-Rescue Combat Gloves
13345	Westfall Deep-Patrol Service Signet
13346	Northshire Airborne Field Jacket
13348	Barrens Siege-Engineer {weapon}
13349	Barrens Breach-Team {weapon}
13353	Praetorian Command Manual
13358	Westfall Breach-Team Shoulder Harness
13359	Westfall Combat-Rescue Combat Helmet
13360	Barrens Vanguard {weapon}
13361	Barrens Marine {weapon}
13368	Barrens Counter-Sniper {weapon}
13369	Westfall Long-Range Patrol Boots
13371	Westfall Veteran Command Manual
13372	Barrens Border-Guard {weapon}
13373	Westfall Border-Guard Service Signet
13374	Westfall Night-Operations Shoulder Harness
13375	Northshire Long-Range Riot Shield
13376	Westfall Combat-Rescue Camouflage Cape
13378	Long-Range Recon Vest
13379	Border-Guard Field Device
13380	Barrens Commando {weapon}
13381	Westfall Breach-Team Patrol Boots
13382	Northshire Counter-Sniper Field Device
13383	Westfall Marine Combat Trousers
13384	Westfall Tunnel-Raider Utility Belt
13385	Northshire Vanguard Command Manual
13386	Westfall Vanguard Camouflage Cape
13387	Westfall Commando Utility Belt
13388	Northshire Long-Range Field Jacket
13389	Westfall Deep-Patrol Combat Trousers
13390	Redridge Vanguard Combat Helmet
13391	Westfall Tunnel-Raider Patrol Boots
13392	Westfall Rapid-Response Service Signet
13393	Barrens Long-Range {weapon}
13394	Tunnel-Raider Assault Vest
13395	Redridge Counter-Sniper Combat Gloves
13396	Barrens Combat-Rescue {weapon}
13397	Westfall Tunnel-Raider Camouflage Cape
13398	Westfall Night-Operations Patrol Boots
13399	Barrens Tunnel-Raider {weapon}
13400	Westfall Airborne Wrist Guards
13401	Barrens Airborne {weapon}
13402	Westfall Special-Recon Patrol Boots
13403	Westfall Combat-Rescue Utility Belt
13404	Redridge Assault-Team Combat Helmet
13405	Westfall Special-Recon Shoulder Harness
13406	Westfall Mud-Stained Command Manual
13407	Westfall Salt-Worn Command Manual
13408	Barrens Night-Operations {weapon}
13409	Westfall Rapid-Response Wrist Guards
13472	Dawn Brigade Camouflage Cape
13473	Redridge Expedition Service Pendant
13474	Dustwallow Field-Reinforced {weapon}
13475	Elwynn Campaign Service Signet
13498	Westfall Border-Guard Combat Trousers
13502	Westfall Breach-Team Utility Belt
13504	Searing Gorge Salvaged {weapon}
13505	Westfall Kingsguard {weapon}
13515	Northshire Combat-Rescue Field Device
13516	Westfall Counter-Sniper Camouflage Cape
13524	Northshire Tunnel-Raider Command Manual
13525	Alterac Mountain-Infantry Combat Gloves
13526	Lordaeron Hardened Utility Belt
13527	Stromgarde Pathfinder Patrol Boots
13528	Sentinel Hill Ranger-Issue Wrist Guards
13529	Northshire Border-Guard Riot Shield
13530	Stromgarde Forward-Observer Patrol Boots
13531	Southshore Mountain-Infantry Combat Trousers
13532	Alterac Hardened Combat Gloves
13533	Sentinel Hill Veteran Shoulder Harness
13534	Barrens Special-Recon {weapon}
13535	Lakeshire Sapper Field Jacket
13537	Sentinel Hill Pathfinder Wrist Guards
13538	Sentinel Hill Mountain-Infantry Shoulder Harness
13539	Alterac Ranger-Issue Combat Gloves
13544	Expedition Field Device
13586	Double-Stitched Assault Vest
13602	Northshire Weatherproof Command Manual
13603	Northshire Training Command Manual
13604	Westfall Battle-Worn Command Manual
13605	Westfall Sun-Faded Command Manual
13606	Westfall Salvaged Command Manual
13607	Searing Gorge Frayed {weapon}
13608	Searing Gorge Mud-Stained {weapon}
13609	Westfall Worn Command Manual
13610	Westfall Discarded Command Manual
13611	Westfall Tattered Command Manual
13612	Searing Gorge Salt-Worn {weapon}
13622	Searing Gorge Battle-Worn {weapon}
13623	Searing Gorge Worn {weapon}
13625	Searing Gorge Sun-Faded {weapon}
13627	Searing Gorge Discarded {weapon}
13628	Duskwood Worn Riot Shield
13629	Duskwood Discarded Riot Shield
13630	Duskwood Tattered Riot Shield
13631	Stranglethorn Sun-Faded {weapon}
13632	Stranglethorn Salvaged {weapon}
13698	Stranglethorn Tattered {weapon}
13699	Northshire Double-Stitched Command Manual
13700	Northshire Rugged Command Manual
13701	Northshire Reserve-Issue Command Manual
13705	Stranglethorn Weathered {weapon}
13706	Stranglethorn Patched {weapon}
13707	Stranglethorn Worn {weapon}
13708	Stranglethorn Discarded {weapon}
13709	Stranglethorn Scuffed {weapon}
13710	Toughened Assault Vest
13711	Reserve-Issue Assault Vest
13712	Drill Assault Vest
13713	Padded Assault Vest
13714	Insulated Assault Vest
13715	Service Assault Vest
13716	Training Assault Vest
13717	Rugged Assault Vest
13718	Stranglethorn Frayed {weapon}
13719	Stranglethorn Mud-Stained {weapon}
13720	Stranglethorn Salt-Worn {weapon}
13721	Stranglethorn Battle-Worn {weapon}
13722	Feralas Tattered {weapon}
13723	Feralas Weathered {weapon}
13726	Duskwood Double-Stitched Combat Gloves
13727	Stormwind Double-Stitched Combat Gloves
13728	Stormwind Field-Ready Combat Gloves
13729	Stormwind Toughened Combat Gloves
13730	Stormwind Reserve-Issue Combat Gloves
13731	Stormwind Drill Combat Gloves
13732	Stormwind Garrison-Issue Combat Gloves
13733	Stormwind Weatherproof Combat Gloves
13734	Stormwind Padded Combat Gloves
13735	Stormwind Insulated Combat Gloves
13736	Stormwind Service Combat Gloves
13737	Stormwind Training Combat Gloves
13738	Stormwind Double-Stitched Wrist Guards
13739	Stormwind Toughened Wrist Guards
13740	Stormwind Drill Wrist Guards
13741	Stormwind Padded Wrist Guards
13742	Stormwind Insulated Wrist Guards
13743	Stormwind Service Wrist Guards
13744	Stormwind Training Wrist Guards
13745	Stormwind Rugged Wrist Guards
13746	Stormwind Militia-Issue Wrist Guards
13747	Stormwind Standard Wrist Guards
13748	Stormwind Strengthened Wrist Guards
13749	Stormwind Reinforced Wrist Guards
13750	Feralas Scuffed {weapon}
13751	Feralas Patched {weapon}
13753	Feralas Frayed {weapon}
13762	Westfall Toughened Field Jacket
13763	Westfall Reserve-Issue Field Jacket
13764	Westfall Drill Field Jacket
13765	Westfall Field-Ready Recon Vest
13766	Westfall Drill Recon Vest
13767	Westfall Padded Recon Vest
13768	Northshire Toughened Armored Vest
13769	Northshire Insulated Armored Vest
13770	Northshire Service Armored Vest
13771	Militia-Issue Assault Vest
13772	Northshire Reserve-Issue Assault Vest
13773	Northshire Drill Assault Vest
13774	Redridge Double-Stitched Combat Trousers
13775	Redridge Reinforced Combat Trousers
13776	Redridge Garrison-Issue Combat Trousers
13777	Duskwood Field-Ready Combat Trousers
13778	Duskwood Toughened Combat Trousers
13779	Duskwood Reserve-Issue Combat Trousers
13780	Duskwood Drill Combat Trousers
13781	Duskwood Padded Combat Trousers
13782	Duskwood Insulated Combat Trousers
13783	Duskwood Service Combat Trousers
13784	Duskwood Training Combat Trousers
13785	Duskwood Rugged Combat Trousers
13786	Westfall Double-Stitched Combat Helmet
13787	Westfall Garrison-Issue Combat Helmet
13788	Westfall Toughened Combat Helmet
13789	Westfall Reserve-Issue Combat Helmet
13790	Westfall Weatherproof Combat Helmet
13791	Westfall Drill Combat Helmet
13792	Westfall Padded Combat Helmet
13793	Westfall Insulated Combat Helmet
13794	Westfall Service Combat Helmet
13795	Westfall Training Combat Helmet
13796	Westfall Militia-Issue Combat Helmet
13797	Westfall Standard Combat Helmet
13798	Ironforge Double-Stitched Patrol Boots
13799	Ironforge Field-Ready Patrol Boots
13800	Ironforge Toughened Patrol Boots
13801	Ironforge Reserve-Issue Patrol Boots
13802	Ironforge Drill Patrol Boots
13803	Ironforge Service Patrol Boots
13804	Ironforge Militia-Issue Patrol Boots
13805	Ironforge Strengthened Patrol Boots
13806	Ironforge Garrison-Issue Patrol Boots
13807	Ironforge Weatherproof Patrol Boots
13808	Elwynn Reserve-Issue Patrol Boots
13809	Elwynn Drill Patrol Boots
13811	Redridge Trailblazer Service Pendant
13812	Elwynn Shock-Trooper Service Signet
13814	Duskwood Weathered Riot Shield
13816	Feralas Mud-Stained {weapon}
13817	Feralas Battle-Worn {weapon}
13818	Feralas Salvaged {weapon}
13819	Feralas Salt-Worn {weapon}
13820	Feralas Discarded {weapon}
13821	Feralas Sun-Faded {weapon}
13822	Feralas Worn {weapon}
13823	Hinterlands Scuffed {weapon}
13824	Hinterlands Worn {weapon}
13825	Hinterlands Weathered {weapon}
13854	Westfall Weathered Command Manual
13855	Redridge Scuffed Command Manual
13856	Lordaeron Stormproof Utility Belt
13857	Lakeshire Forward-Observer Field Jacket
13858	Lakeshire Expedition Field Jacket
13859	Redridge Patched Command Manual
13860	Stonewatch Expedition Camouflage Cape
13861	Hinterlands Frayed {weapon}
13862	Redridge Frayed Command Manual
13863	Alterac Frontline Combat Gloves
13864	Alterac Outrider Patrol Boots
13865	Southshore Shock-Trooper Combat Trousers
13866	Sentinel Hill Stormproof Combat Helmet
13867	Sentinel Hill Sentinel Shoulder Harness
13868	Lakeshire Stormproof Field Jacket
13869	Lakeshire Campaign Field Jacket
13870	Alterac Expedition Combat Gloves
13871	Southshore Outrider Combat Trousers
13894	Hinterlands Salt-Worn {weapon}
13895	Service Tactical Vest
13896	Night-Operations Tactical Vest
13897	Insulated Tactical Vest
13898	Garrison-Issue Tactical Vest
13899	Weatherproof Tactical Vest
13900	Reserve-Issue Tactical Vest
13919	Hinterlands Sun-Faded {weapon}
13922	Duskwood Scuffed Riot Shield
13923	Hinterlands Mud-Stained {weapon}
13924	Hinterlands Battle-Worn {weapon}
13925	Hinterlands Salvaged {weapon}
13936	Redridge Tunnel-Raider Combat Helmet
13937	Westfall Wolfpack {weapon}
13938	Durotar Airborne {weapon}
13944	Northshire Commando Recon Vest
13950	Westfall Airborne Utility Belt
13951	Westfall Long-Range Wrist Guards
13952	Durotar Vanguard {weapon}
13953	Durotar Special-Recon {weapon}
13954	Westfall Marine Patrol Boots
13955	Westfall Marine Shoulder Harness
13956	Westfall Long-Range Utility Belt
13957	Redridge Tunnel-Raider Combat Gloves
13958	Westfall Counter-Sniper Wrist Guards
13959	Westfall Night-Operations Utility Belt
13960	Northshire Commando Service Pendant
13961	Westfall Siege-Engineer Shoulder Harness
13962	Westfall Special-Recon Utility Belt
13963	Redridge Commando Combat Gloves
13964	Durotar Counter-Sniper {weapon}
13965	Northshire Tunnel-Raider Field Device
13966	Northshire Commando Field Device
13967	Westfall Siege-Engineer Patrol Boots
13968	Northshire Airborne Field Device
13969	Westfall Breach-Team Wrist Guards
13982	Durotar Siege-Engineer {weapon}
13983	Durotar Tunnel-Raider {weapon}
13984	Durotar Commando {weapon}
13986	Redridge Commando Combat Helmet
14002	Northshire Assault-Team Riot Shield
14022	Northshire Vanguard Field Device
14023	Northshire Long-Range Field Device
14024	Durotar Combat-Rescue {weapon}
14025	Lordaeron Ranger-Issue Utility Belt
14042	Lakeshire Frontline Field Jacket
14043	Alterac Campaign Combat Gloves
14044	Stonewatch Frontline Camouflage Cape
14045	Southshore Field-Reinforced Combat Trousers
14082	Hinterlands Discarded {weapon}
14083	Silverpine Standard {weapon}
14084	Hinterlands Tattered {weapon}
14085	Hinterlands Patched {weapon}
14086	Elwynn Insulated Patrol Boots
14087	Stormwind Garrison-Issue Wrist Guards
14088	Redridge Drill Camouflage Cape
14089	Stormwind Rugged Combat Gloves
14090	Southshore Trailblazer Combat Trousers
14091	Lakeshire Sentinel Field Jacket
14092	Silithus Tattered {weapon}
14093	Stormwind Reinforced Utility Belt
14094	Lakeshire Hardened Field Jacket
14095	Stormwind Weatherproof Wrist Guards
14096	Lakeshire Veteran Field Jacket
14097	Southshore Hardened Combat Trousers
14098	Redridge Insulated Camouflage Cape
14099	Stormwind Garrison-Issue Utility Belt
14100	Lakeshire Outrider Field Jacket
14101	Alterac Sapper Combat Gloves
14102	Stormwind Militia-Issue Combat Gloves
14103	Stonewatch Trailblazer Camouflage Cape
14104	Southshore Sapper Combat Trousers
14105	Silithus Frayed {weapon}
14106	Lakeshire Shock-Trooper Field Jacket
14107	Southshore Frontline Combat Trousers
14108	Alterac Shock-Trooper Patrol Boots
14109	Lakeshire Field-Reinforced Field Jacket
14110	Elwynn Rugged Patrol Boots
14111	Sentinel Hill Field-Reinforced Combat Helmet
14112	Sentinel Hill Stormproof Shoulder Harness
14113	Lordaeron Veteran Utility Belt
14114	Alterac Veteran Patrol Boots
14115	Ironforge Militia-Issue Wrist Guards
14116	Redridge Militia-Issue Camouflage Cape
14117	Alterac Pathfinder Combat Gloves
14118	Silithus Mud-Stained {weapon}
14119	Southshore Pathfinder Combat Trousers
14120	Sentinel Hill Forward-Observer Field Jacket
14121	Sentinel Hill Expedition Field Jacket
14122	Sentinel Hill Stormproof Wrist Guards
14123	Stonewatch Ranger-Issue Camouflage Cape
14124	Alterac Forward-Observer Combat Gloves
14125	Southshore Expedition Combat Trousers
14126	Westfall Padded Shoulder Harness
14127	Sentinel Hill Outrider Field Jacket
14128	Sentinel Hill Sapper Field Jacket
14129	Alterac Forward-Observer Patrol Boots
14130	Sentinel Hill Forward-Observer Combat Helmet
14131	Lordaeron Forward-Observer Utility Belt
14132	Southshore Sentinel Combat Trousers
14133	Sentinel Hill Shock-Trooper Field Jacket
14134	Westfall Deep-Patrol Camouflage Cape
14136	Northshire Rapid-Response Field Jacket
14137	Westfall Combat-Rescue Combat Trousers
14138	Northshire Breach-Team Field Jacket
14139	Westfall Deep-Patrol Shoulder Harness
14140	Redridge Airborne Combat Helmet
14141	Sentinel Hill Frontline Field Jacket
14142	Alterac Stormproof Combat Gloves
14143	Lordaeron Frontline Utility Belt
14144	Southshore Stormproof Combat Trousers
14145	Dustwallow Trailblazer {weapon}
14146	Praetorian Combat Gloves
14147	Sentinel Hill Forward-Observer Wrist Guards
14148	Sentinel Hill Sapper Wrist Guards
14149	Stonewatch Pathfinder Camouflage Cape
14150	Sentinel Hill Pathfinder Field Jacket
14151	Dustwallow Veteran {weapon}
14152	Iron Vanguard Field Jacket
14153	Ghost Division Field Jacket
14154	Siegebreaker Field Jacket
14157	Westfall Insulated Shoulder Harness
14158	Sentinel Hill Field-Reinforced Field Jacket
14159	Alterac Campaign Patrol Boots
14160	Stonewatch Stormproof Wrist Guards
14161	Stonewatch Stormproof Camouflage Cape
14162	Southshore Frontline Combat Gloves
14163	Sentinel Hill Trailblazer Field Jacket
14164	Lordaeron Shock-Trooper Utility Belt
14165	Southshore Forward-Observer Combat Trousers
14166	Stonewatch Forward-Observer Wrist Guards
14167	Stonewatch Forward-Observer Camouflage Cape
14168	Southshore Forward-Observer Combat Gloves
14169	Westfall Field-Ready Shoulder Harness
14170	Westfall Toughened Shoulder Harness
14171	Southshore Campaign Combat Trousers
14172	Sentinel Hill Sentinel Field Jacket
14173	Lordaeron Field-Reinforced Utility Belt
14174	Alterac Stormproof Patrol Boots
14175	Sentinel Hill Mountain-Infantry Field Jacket
14176	Alterac Field-Reinforced Patrol Boots
14177	Stonewatch Field-Reinforced Wrist Guards
14178	Stonewatch Hardened Combat Helmet
14179	Stonewatch Sentinel Camouflage Cape
14180	Sentinel Hill Hardened Field Jacket
14181	Southshore Sapper Combat Gloves
14182	Sentinel Hill Sapper Shoulder Harness
14183	Hillsbrad Mountain-Infantry Combat Trousers
14184	Sentinel Hill Veteran Field Jacket
14185	Lordaeron Sentinel Utility Belt
14186	Sentinel Hill Forward-Observer Shoulder Harness
14187	Stonewatch Sapper Wrist Guards
14188	Stonewatch Mountain-Infantry Camouflage Cape
14189	Stonewatch Veteran Combat Helmet
14190	Sentinel Hill Ranger-Issue Field Jacket
14191	Southshore Mountain-Infantry Combat Gloves
14192	Sentinel Hill Stormproof Field Jacket
14193	Hillsbrad Hardened Combat Trousers
14194	Lordaeron Pathfinder Utility Belt
14195	Alterac Sentinel Patrol Boots
14196	Alterac Ranger-Issue Patrol Boots
14197	Stonewatch Mountain-Infantry Wrist Guards
14198	Stonewatch Hardened Camouflage Cape
14199	Southshore Ranger-Issue Combat Gloves
14200	Stonewatch Stormproof Combat Helmet
14201	Stonewatch Pathfinder Shoulder Harness
14202	Sentinel Hill Campaign Field Jacket
14203	Hillsbrad Stormproof Combat Trousers
14204	Stonewatch Forward-Observer Field Jacket
14205	Stromgarde Veteran Utility Belt
14206	Stonewatch Veteran Wrist Guards
14207	Hillsbrad Forward-Observer Combat Trousers
14208	Stonewatch Forward-Observer Combat Helmet
14209	Stromgarde Ranger-Issue Utility Belt
14210	Stonewatch Veteran Camouflage Cape
14211	Southshore Pathfinder Combat Gloves
14212	Stonewatch Stormproof Shoulder Harness
14213	Stonewatch Expedition Field Jacket
14214	Alterac Pathfinder Patrol Boots
14215	Stonewatch Campaign Field Jacket
14216	Stonewatch Shock-Trooper Field Jacket
14217	Stromgarde Forward-Observer Utility Belt
14218	Alterac Expedition Patrol Boots
14219	Stonewatch Campaign Camouflage Cape
14220	Stonewatch Outrider Combat Helmet
14221	Stonewatch Expedition Wrist Guards
14222	Southshore Expedition Combat Gloves
14223	Stonewatch Campaign Shoulder Harness
14224	Hillsbrad Frontline Combat Trousers
14225	Stonewatch Field-Reinforced Field Jacket
14226	Stonewatch Campaign Wrist Guards
14228	Stonewatch Shock-Trooper Combat Helmet
14229	Lordaeron Forward-Observer Camouflage Cape
14230	Stonewatch Trailblazer Field Jacket
14231	Southshore Campaign Combat Gloves
14232	Stonewatch Frontline Shoulder Harness
14233	Hillsbrad Outrider Combat Trousers
14234	Stonewatch Sapper Field Jacket
14235	Stromgarde Expedition Utility Belt
14236	Alterac Frontline Patrol Boots
14237	Stonewatch Mountain-Infantry Field Jacket
14238	Alterac Trailblazer Patrol Boots
14239	Lordaeron Frontline Camouflage Cape
14240	Stonewatch Outrider Wrist Guards
14241	Southshore Shock-Trooper Combat Gloves
14242	Hillsbrad Trailblazer Combat Trousers
14243	Stonewatch Trailblazer Shoulder Harness
14244	Stonewatch Hardened Field Jacket
14245	Stromgarde Shock-Trooper Utility Belt
14246	Stonewatch Sapper Combat Helmet
14247	Stonewatch Sapper Shoulder Harness
14248	Stonewatch Shock-Trooper Wrist Guards
14249	Stonewatch Veteran Field Jacket
14250	Alterac Sapper Patrol Boots
14251	Lordaeron Outrider Camouflage Cape
14252	Stonewatch Sentinel Combat Helmet
14253	Southshore Trailblazer Combat Gloves
14254	Stonewatch Ranger-Issue Field Jacket
14255	Stromgarde Field-Reinforced Utility Belt
14257	Hillsbrad Sentinel Combat Trousers
14258	Stromgarde Sentinel Utility Belt
14259	Alterac Mountain-Infantry Patrol Boots
14260	Stonewatch Sentinel Wrist Guards
14261	Lordaeron Trailblazer Camouflage Cape
14262	Southshore Sentinel Combat Gloves
14263	Stonewatch Ranger-Issue Combat Helmet
14264	Hillsbrad Veteran Combat Trousers
14265	Stonewatch Stormproof Field Jacket
14266	Stonewatch Hardened Shoulder Harness
14267	Stonewatch Frontline Field Jacket
14268	Stonewatch Hardened Wrist Guards
14269	Alterac Hardened Patrol Boots
14270	Lordaeron Sentinel Camouflage Cape
14271	Stonewatch Pathfinder Combat Helmet
14272	Southshore Hardened Combat Gloves
14273	Stonewatch Veteran Shoulder Harness
14274	Hillsbrad Expedition Combat Trousers
14275	Stonewatch Outrider Field Jacket
14276	Stromgarde Hardened Utility Belt
14277	Stonewatch Sentinel Field Jacket
14278	Stonewatch Forward-Observer Shoulder Harness
14279	Stonewatch Ranger-Issue Wrist Guards
14280	Lordaeron Veteran Camouflage Cape
14281	Stonewatch Expedition Combat Helmet
14282	Southshore Stormproof Combat Gloves
14283	Hillsbrad Campaign Combat Trousers
14284	Stonewatch Pathfinder Field Jacket
14285	Southshore Pathfinder Patrol Boots
14286	Stromgarde Pathfinder Utility Belt
14287	Lordaeron Outrider Field Jacket
14288	Lordaeron Shock-Trooper Field Jacket
14289	Stromgarde Stormproof Utility Belt
14290	Southshore Stormproof Patrol Boots
14291	Stonewatch Pathfinder Wrist Guards
14292	Lordaeron Ranger-Issue Camouflage Cape
14293	Stonewatch Frontline Combat Helmet
14294	Southshore Outrider Combat Gloves
14295	Hillsbrad Shock-Trooper Combat Trousers
14296	Stonewatch Expedition Shoulder Harness
14297	Lordaeron Field-Reinforced Field Jacket
14298	Stonewatch Outrider Shoulder Harness
14299	Southshore Campaign Patrol Boots
14300	Lordaeron Expedition Camouflage Cape
14301	Stonewatch Frontline Wrist Guards
14302	Southshore Field-Reinforced Combat Gloves
14303	Lordaeron Sapper Field Jacket
14304	Stromgarde Frontline Utility Belt
14305	Hillsbrad Field-Reinforced Combat Trousers
14306	Lordaeron Sentinel Field Jacket
14307	Stonewatch Trailblazer Combat Helmet
14308	Lordaeron Mountain-Infantry Field Jacket
14309	Stromgarde Outrider Utility Belt
14310	Southshore Field-Reinforced Patrol Boots
14311	Stonewatch Trailblazer Wrist Guards
14312	Stonewatch Mountain-Infantry Combat Helmet
14313	Lordaeron Campaign Camouflage Cape
14314	Southshore Veteran Combat Gloves
14315	Hillsbrad Sapper Combat Trousers
14316	Stonewatch Sentinel Shoulder Harness
14317	Lordaeron Hardened Field Jacket
14318	Lordaeron Veteran Field Jacket
14319	Southshore Trailblazer Patrol Boots
14320	Lordaeron Shock-Trooper Wrist Guards
14321	Lordaeron Shock-Trooper Camouflage Cape
14322	Stonewatch Campaign Combat Helmet
14323	Hillsbrad Sapper Combat Gloves
14324	Hillsbrad Ranger-Issue Combat Trousers
14325	Stonewatch Mountain-Infantry Shoulder Harness
14326	Lordaeron Ranger-Issue Field Jacket
14327	Stromgarde Trailblazer Utility Belt
14328	Lordaeron Pathfinder Field Jacket
14329	Southshore Mountain-Infantry Patrol Boots
14330	Lordaeron Sentinel Wrist Guards
14331	Lordaeron Field-Reinforced Camouflage Cape
14332	Stonewatch Field-Reinforced Combat Helmet
14333	Hillsbrad Hardened Combat Gloves
14334	Hillsbrad Pathfinder Combat Trousers
14335	Stonewatch Ranger-Issue Shoulder Harness
14336	Lordaeron Stormproof Field Jacket
14337	Stromgarde Mountain-Infantry Utility Belt
14340	Northshire Special-Recon Field Jacket
14363	Silverpine Veteran Combat Trousers
14364	Southshore Forward-Observer Patrol Boots
14365	Lordaeron Hardened Camouflage Cape
14366	Lordaeron Ranger-Issue Wrist Guards
14367	Hillsbrad Stormproof Combat Gloves
14368	Westfall Service Shoulder Harness
14369	Lordaeron Frontline Field Jacket
14370	Silverpine Stormproof Combat Trousers
14371	Lordaeron Trailblazer Field Jacket
14372	Lordaeron Forward-Observer Field Jacket
14373	Stromgarde Sapper Utility Belt
14374	Southshore Outrider Patrol Boots
14375	Lordaeron Field-Reinforced Wrist Guards
14376	Lordaeron Sapper Camouflage Cape
14377	Hillsbrad Field-Reinforced Combat Gloves
14378	Stonewatch Shock-Trooper Shoulder Harness
14379	Silverpine Sentinel Combat Trousers
14380	Lordaeron Expedition Field Jacket
14382	Westfall Reinforced Field Jacket
14383	Ironforge Reinforced Wrist Guards
14384	Elwynn Reinforced Patrol Boots
14385	Redridge Reinforced Camouflage Cape
14386	Westfall Strengthened Combat Helmet
14387	Stormwind Reinforced Combat Gloves
14388	Duskwood Reinforced Combat Trousers
14389	Westfall Border-Guard Shoulder Harness
14390	Stormwind Weatherproof Utility Belt
14391	Silverpine Strengthened {weapon}
14392	Silverpine Reinforced {weapon}
14393	Westfall Garrison-Issue Riot Shield
14394	Silverpine Weatherproof {weapon}
14397	Stonewatch Field-Reinforced Shoulder Harness
14398	Lordaeron Campaign Field Jacket
14399	Southshore Hardened Patrol Boots
14400	Lordaeron Mountain-Infantry Camouflage Cape
14401	Lordaeron Ranger-Issue Combat Helmet
14402	Lordaeron Mountain-Infantry Wrist Guards
14403	Hillsbrad Veteran Combat Gloves
14404	Silverpine Ranger-Issue Combat Trousers
14405	Stromgarde Ranger-Issue Field Jacket
14406	Stromgarde Campaign Utility Belt
14407	Stromgarde Frontline Field Jacket
14408	Southshore Expedition Patrol Boots
14409	Lordaeron Pathfinder Camouflage Cape
14410	Lordaeron Campaign Combat Helmet
14411	Hillsbrad Forward-Observer Combat Gloves
14412	Lordaeron Forward-Observer Shoulder Harness
14413	Stromgarde Outrider Field Jacket
14414	Alterac Pathfinder Utility Belt
14415	Silverpine Expedition Combat Trousers
14416	Lordaeron Pathfinder Wrist Guards
14417	Stromgarde Sapper Field Jacket
14418	Southshore Frontline Patrol Boots
14419	Lordaeron Campaign Wrist Guards
14420	Lordaeron Stormproof Camouflage Cape
14421	Lordaeron Field-Reinforced Combat Helmet
14422	Hillsbrad Outrider Combat Gloves
14423	Lordaeron Outrider Shoulder Harness
14424	Silverpine Field-Reinforced Combat Trousers
14425	Stromgarde Sentinel Field Jacket
14426	Alterac Frontline Utility Belt
14427	Stromgarde Pathfinder Field Jacket
14428	Southshore Sapper Patrol Boots
14429	Lordaeron Trailblazer Wrist Guards
14430	Stromgarde Field-Reinforced Camouflage Cape
14431	Hillsbrad Sentinel Combat Gloves
14432	Lordaeron Sentinel Shoulder Harness
14433	Silverpine Mountain-Infantry Combat Trousers
14434	Stromgarde Stormproof Field Jacket
14435	Alterac Trailblazer Utility Belt
14436	Lordaeron Mountain-Infantry Combat Helmet
14437	Stromgarde Campaign Field Jacket
14438	Southshore Veteran Patrol Boots
14439	Lordaeron Hardened Wrist Guards
14440	Stromgarde Mountain-Infantry Camouflage Cape
14441	Lordaeron Pathfinder Combat Helmet
14442	Hillsbrad Ranger-Issue Combat Gloves
14443	Lordaeron Ranger-Issue Shoulder Harness
14444	Silverpine Forward-Observer Combat Trousers
14445	Stromgarde Shock-Trooper Field Jacket
14446	Alterac Veteran Utility Belt
14447	Southshore Shock-Trooper Patrol Boots
14448	Lordaeron Forward-Observer Wrist Guards
14449	Lordaeron Shock-Trooper Combat Helmet
14450	Stromgarde Stormproof Camouflage Cape
14451	Hillsbrad Expedition Combat Gloves
14452	Lordaeron Campaign Shoulder Harness
14453	Stromgarde Trailblazer Field Jacket
14454	Alterac Expedition Utility Belt
14455	Stromgarde Mountain-Infantry Field Jacket
14456	Stromgarde Veteran Field Jacket
14457	Lordaeron Sapper Wrist Guards
14458	Southshore Sentinel Patrol Boots
14459	Stromgarde Shock-Trooper Camouflage Cape
14460	Lordaeron Hardened Combat Helmet
14461	Hillsbrad Mountain-Infantry Combat Gloves
14462	Silverpine Hardened Combat Trousers
14463	Lordaeron Mountain-Infantry Shoulder Harness
14464	Stromgarde Forward-Observer Field Jacket
14465	Alterac Sapper Utility Belt
14475	Silithus Patched {weapon}
14487	Durotar Long-Range {weapon}
14502	Westfall Marine Utility Belt
14503	Westfall Rapid-Response Shoulder Harness
14522	Redridge Airborne Combat Trousers
14524	Silithus Salvaged {weapon}
14525	Redridge Long-Range Combat Gloves
14527	Silithus Battle-Worn {weapon}
14528	Northshire Counter-Sniper Riot Shield
14531	Durotar Breach-Team {weapon}
14532	Silithus Sun-Faded {weapon}
14533	Silithus Salt-Worn {weapon}
14534	Silithus Scuffed {weapon}
14535	Silithus Worn {weapon}
14536	Northshire Commando Armored Vest
14537	Westfall Deep-Patrol Patrol Boots
14538	Westfall Assault-Team Shoulder Harness
14539	Redridge Long-Range Combat Helmet
14541	Durotar Marine {weapon}
14543	Redridge Airborne Combat Gloves
14545	Redridge Commando Combat Trousers
14548	Westfall Combat-Rescue Shoulder Harness
14549	Iron Vanguard Patrol Boots
14550	Siegebreaker Wrist Guards
14551	Dreadnought Combat Gloves
14552	Obsidian Guard Shoulder Harness
14553	Praetorian Utility Belt
14554	Siegebreaker Combat Trousers
14555	Westfall Praetorian {weapon}
14557	Praetorian Field Device
14558	Blackwatch Service Pendant
14559	Alterac Stormproof Utility Belt
14560	Southshore Ranger-Issue Patrol Boots
14561	Lordaeron Stormproof Wrist Guards
14562	Duskwood Forward-Observer Recon Vest
14563	Stromgarde Ranger-Issue Camouflage Cape
14564	Hillsbrad Campaign Combat Gloves
14565	Silverpine Campaign Combat Trousers
14566	Lordaeron Field-Reinforced Shoulder Harness
14567	Alterac Outrider Utility Belt
14568	Hillsbrad Outrider Patrol Boots
14569	Lordaeron Frontline Wrist Guards
14570	Duskwood Expedition Recon Vest
14571	Stromgarde Expedition Camouflage Cape
14572	Hillsbrad Shock-Trooper Combat Gloves
14573	Lordaeron Sapper Shoulder Harness
14574	Silverpine Trailblazer Combat Trousers
14575	Silithus Discarded {weapon}
14576	Durotar Night-Operations {weapon}
14577	Redridge Vanguard Combat Trousers
14578	Alterac Mountain-Infantry Utility Belt
14579	Hillsbrad Veteran Patrol Boots
14580	Lordaeron Veteran Wrist Guards
14581	Duskwood Frontline Recon Vest
14582	Stromgarde Sapper Camouflage Cape
14583	Hillsbrad Pathfinder Combat Gloves
14584	Lordaeron Forward-Observer Combat Helmet
14585	Silverpine Pathfinder Combat Trousers
14586	Silithus Weathered {weapon}
14587	Lordaeron Pathfinder Shoulder Harness
14588	Alterac Campaign Utility Belt
14589	Hillsbrad Campaign Patrol Boots
14590	Lordaeron Expedition Wrist Guards
14591	Lordaeron Trailblazer Combat Helmet
14592	Stormwind Shock-Trooper Recon Vest
14593	Stromgarde Forward-Observer Camouflage Cape
14594	Hillsbrad Frontline Combat Gloves
14595	Silverpine Frontline Combat Trousers
14596	Lordaeron Frontline Shoulder Harness
14597	Ironforge Mountain-Infantry Riot Shield
14598	Alterac Shock-Trooper Utility Belt
14599	Hillsbrad Trailblazer Patrol Boots
14600	Lordaeron Outrider Wrist Guards
14601	Stormwind Sentinel Recon Vest
14602	Stromgarde Frontline Camouflage Cape
14603	Lordaeron Trailblazer Shoulder Harness
14604	Lordaeron Veteran Combat Helmet
14605	Silverpine Sapper Combat Trousers
14606	Hillsbrad Trailblazer Combat Gloves
14607	Ironforge Field-Reinforced Riot Shield
14608	Ironforge Expedition Riot Shield
14609	Ironforge Outrider Riot Shield
14611	Northshire Breach-Team Armored Vest
14612	Redridge Long-Range Combat Trousers
14614	Westfall Siege-Engineer Utility Belt
14615	Redridge Breach-Team Combat Gloves
14616	Westfall Border-Guard Patrol Boots
14617	Redridge Weatherproof Field Shirt
14618	Winterspring Tattered {weapon}
14620	Westfall Deep-Patrol Utility Belt
14621	Westfall Rapid-Response Patrol Boots
14622	Redridge Night-Operations Combat Gloves
14623	Redridge Breach-Team Combat Trousers
14624	Airborne Assault Vest
14626	Northshire Marine Field Jacket
14629	Westfall Vanguard Wrist Guards
14631	Westfall Assault-Team Patrol Boots
14632	Redridge Tunnel-Raider Combat Trousers
14633	Redridge Vanguard Shoulder Harness
14636	Westfall Border-Guard Utility Belt
14637	Northshire Tunnel-Raider Recon Vest
14638	Redridge Night-Operations Combat Trousers
14640	Redridge Special-Recon Combat Gloves
14641	Redridge Tunnel-Raider Patrol Boots
14642	Winterspring Mud-Stained {weapon}
14643	Winterspring Patched {weapon}
14652	Alterac Hardened Utility Belt
14653	Hillsbrad Hardened Patrol Boots
14654	Stromgarde Sentinel Wrist Guards
14655	Stormwind Pathfinder Recon Vest
14656	Stromgarde Sentinel Camouflage Cape
14657	Silverpine Hardened Combat Gloves
14658	Lordaeron Stormproof Combat Helmet
14659	Silverpine Outrider Combat Trousers
14660	Lordaeron Veteran Shoulder Harness
14661	Alterac Forward-Observer Utility Belt
14662	Hillsbrad Forward-Observer Patrol Boots
14663	Stromgarde Ranger-Issue Wrist Guards
14664	Stormwind Frontline Recon Vest
14665	Stromgarde Veteran Camouflage Cape
14666	Silverpine Forward-Observer Combat Gloves
14667	Lordaeron Frontline Combat Helmet
14668	Silverpine Shock-Trooper Combat Trousers
14669	Lordaeron Expedition Shoulder Harness
14670	Stormwind Sapper Recon Vest
14671	Hillsbrad Shock-Trooper Patrol Boots
14672	Stromgarde Campaign Wrist Guards
14673	Stromgarde Campaign Camouflage Cape
14674	Alterac Field-Reinforced Utility Belt
14675	Silverpine Shock-Trooper Combat Gloves
14676	Lordaeron Sapper Combat Helmet
14677	Arathi Trailblazer Combat Trousers
14678	Lordaeron Hardened Shoulder Harness
14680	Stormwind Ranger-Issue Recon Vest
14681	Hillsbrad Ranger-Issue Patrol Boots
14682	Stromgarde Sapper Wrist Guards
14683	Stromgarde Trailblazer Camouflage Cape
14684	Alterac Sentinel Utility Belt
14685	Silverpine Veteran Combat Gloves
14686	Lordaeron Expedition Combat Helmet
14687	Arathi Hardened Combat Trousers
14688	Lordaeron Stormproof Shoulder Harness
14689	Elwynn Militia-Issue Patrol Boots
14690	Ironforge Service Wrist Guards
14691	Westfall Weatherproof Riot Shield
14692	Redridge Padded Camouflage Cape
14693	Stormwind Double-Stitched Utility Belt
14694	Stormwind Standard Combat Gloves
14695	Arathi Mountain-Infantry Combat Trousers
14696	Westfall Double-Stitched Riot Shield
14697	Duskwood Hardened Armored Vest
14698	Duskwood Forward-Observer Armored Vest
14699	Elwynn Garrison-Issue Patrol Boots
14700	Ironforge Standard Wrist Guards
14701	Redridge Rugged Camouflage Cape
14702	Stormwind Drill Utility Belt
14703	Silverpine Ranger-Issue Combat Gloves
14704	Arathi Pathfinder Combat Trousers
14705	Ironforge Shock-Trooper Riot Shield
14706	Winterspring Weathered {weapon}
14707	Winterspring Scuffed {weapon}
14722	Hillsbrad Stormproof Patrol Boots
14723	Stromgarde Stormproof Wrist Guards
14724	Stromgarde Pathfinder Camouflage Cape
14725	Alterac Ranger-Issue Utility Belt
14726	Silverpine Expedition Combat Gloves
14727	Arathi Expedition Combat Trousers
14728	Westfall Training Shoulder Harness
14729	Ironforge Trailblazer Riot Shield
14730	Duskwood Sentinel Armored Vest
14742	Hillsbrad Field-Reinforced Patrol Boots
14743	Stromgarde Outrider Wrist Guards
14744	Duskwood Ranger-Issue Armored Vest
14745	Stromgarde Outrider Camouflage Cape
14746	Southshore Outrider Utility Belt
14747	Silverpine Field-Reinforced Combat Gloves
14748	Arathi Sapper Combat Trousers
14749	Lordaeron Shock-Trooper Shoulder Harness
14750	Stromgarde Mountain-Infantry Wrist Guards
14751	Duskwood Expedition Armored Vest
14752	Stromgarde Hardened Camouflage Cape
14753	Lordaeron Outrider Combat Helmet
14754	Silverpine Pathfinder Combat Gloves
14755	Southshore Mountain-Infantry Utility Belt
14756	Hillsbrad Pathfinder Patrol Boots
14757	Arathi Stormproof Combat Trousers
14758	Stromgarde Ranger-Issue Shoulder Harness
14759	Stromgarde Forward-Observer Wrist Guards
14760	Duskwood Campaign Armored Vest
14761	Southshore Forward-Observer Utility Belt
14762	Hillsbrad Frontline Patrol Boots
14763	Alterac Veteran Camouflage Cape
14764	Silverpine Campaign Combat Gloves
14765	Lordaeron Sentinel Combat Helmet
14766	Arathi Frontline Combat Trousers
14767	Stromgarde Outrider Shoulder Harness
14768	Stormwind Mountain-Infantry Armored Vest
14769	Hillsbrad Sapper Patrol Boots
14770	Stromgarde Field-Reinforced Wrist Guards
14771	Alterac Frontline Camouflage Cape
14772	Silverpine Trailblazer Combat Gloves
14773	Southshore Shock-Trooper Utility Belt
14774	Stromgarde Sentinel Combat Helmet
14775	Arathi Sentinel Combat Trousers
14776	Stromgarde Sentinel Shoulder Harness
14777	Ironforge Stormproof Riot Shield
14778	Stromgarde Hardened Wrist Guards
14779	Stormwind Stormproof Armored Vest
14780	Elwynn Campaign Riot Shield
14781	Alterac Sapper Camouflage Cape
14782	Silverpine Stormproof Combat Gloves
14783	Southshore Veteran Utility Belt
14784	Hillsbrad Expedition Patrol Boots
14785	Stromgarde Pathfinder Combat Helmet
14786	Arathi Ranger-Issue Combat Trousers
14787	Stromgarde Pathfinder Shoulder Harness
14788	Stromgarde Expedition Wrist Guards
14789	Stormwind Outrider Armored Vest
14790	Elwynn Trailblazer Riot Shield
14791	Alterac Ranger-Issue Camouflage Cape
14792	Silverpine Frontline Combat Gloves
14793	Southshore Expedition Utility Belt
14794	Hillsbrad Sentinel Patrol Boots
14795	Stromgarde Frontline Combat Helmet
14796	Arathi Outrider Combat Trousers
14797	Stromgarde Expedition Shoulder Harness
14798	Stormwind Sentinel Armored Vest
14799	Hillsbrad Mountain-Infantry Patrol Boots
14800	Elwynn Veteran Riot Shield
14801	Alterac Forward-Observer Camouflage Cape
14802	Silverpine Sapper Combat Gloves
14803	Southshore Field-Reinforced Utility Belt
14804	Stromgarde Sapper Combat Helmet
14805	Arathi Veteran Combat Trousers
14806	Stromgarde Trailblazer Shoulder Harness
14807	Stromgarde Frontline Wrist Guards
14808	Southshore Sentinel Utility Belt
14809	Silverpine Veteran Patrol Boots
14810	Stromgarde Veteran Wrist Guards
14811	Stormwind Pathfinder Armored Vest
14812	Elwynn Expedition Riot Shield
14813	Alterac Shock-Trooper Camouflage Cape
14814	Stromgarde Ranger-Issue Combat Helmet
14815	Silverpine Outrider Combat Gloves
14816	Arathi Forward-Observer Combat Trousers
14817	Stromgarde Veteran Shoulder Harness
14818	Winterspring Battle-Worn {weapon}
14819	Winterspring Sun-Faded {weapon}
14820	Winterspring Salvaged {weapon}
14821	Northshire Mountain-Infantry Assault Vest
14822	Winterspring Worn {weapon}
14823	Winterspring Discarded {weapon}
14824	Winterspring Frayed {weapon}
14825	Elwynn Ranger-Issue Riot Shield
14826	Silverpine Sentinel Combat Gloves
14827	Southshore Sapper Utility Belt
14828	Silverpine Sentinel Patrol Boots
14829	Arathi Campaign Combat Trousers
14830	Stromgarde Mountain-Infantry Shoulder Harness
14831	Stromgarde Mountain-Infantry Combat Helmet
14832	Stromgarde Pathfinder Wrist Guards
14833	Silverpine Mountain-Infantry Combat Gloves
14834	Stromgarde Shock-Trooper Wrist Guards
14835	Northshire Stormproof Assault Vest
14836	Winterspring Salt-Worn {weapon}
14837	Eastern Watch Tattered {weapon}
14838	Southshore Hardened Utility Belt
14839	Silverpine Hardened Patrol Boots
14840	Arathi Shock-Trooper Combat Trousers
14841	Stromgarde Hardened Shoulder Harness
14842	Elwynn Frontline Riot Shield
14843	Stromgarde Stormproof Combat Helmet
14844	Northshire Shock-Trooper Assault Vest
14845	Eastern Watch Weathered {weapon}
14846	Arathi Expedition Combat Gloves
14847	Southshore Campaign Utility Belt
14848	Silverpine Expedition Patrol Boots
14849	Stromgarde Outrider Combat Helmet
14850	Arathi Field-Reinforced Combat Trousers
14851	Stromgarde Campaign Shoulder Harness
14852	Elwynn Sapper Riot Shield
14853	Stromgarde Trailblazer Wrist Guards
14854	Northshire Pathfinder Assault Vest
14855	Arathi Field-Reinforced Combat Gloves
14856	Southshore Trailblazer Utility Belt
14857	Silverpine Shock-Trooper Patrol Boots
14858	Stromgarde Hardened Combat Helmet
14859	Dun Morogh Sapper Combat Trousers
14860	Stromgarde Sapper Shoulder Harness
14861	Alterac Frontline Wrist Guards
14862	Northshire Forward-Observer Assault Vest
14863	Arathi Hardened Combat Gloves
14864	Southshore Ranger-Issue Utility Belt
14865	Silverpine Ranger-Issue Patrol Boots
14866	Stromgarde Forward-Observer Combat Helmet
14867	Dun Morogh Ranger-Issue Combat Trousers
14868	Stromgarde Stormproof Shoulder Harness
14869	Alterac Sentinel Wrist Guards
14870	Eastern Watch Patched {weapon}
14871	Eastern Watch Salvaged {weapon}
14873	Eastern Watch Scuffed {weapon}
14874	Eastern Watch Frayed {weapon}
14875	Eastern Watch Mud-Stained {weapon}
14876	Eastern Watch Salt-Worn {weapon}
14877	Eastern Watch Battle-Worn {weapon}
14878	Eastern Watch Worn {weapon}
14879	Eastern Watch Sun-Faded {weapon}
14880	Eastern Watch Discarded {weapon}
14881	Western Watch Scuffed {weapon}
14882	Western Watch Patched {weapon}
14883	Silverpine Double-Stitched {weapon}
14884	Silverpine Field-Ready {weapon}
14885	Arathi Service {weapon}
14886	Arathi Training {weapon}
14887	Arathi Rugged {weapon}
14888	Arathi Militia-Issue {weapon}
14889	Arathi Standard {weapon}
14890	Arathi Strengthened {weapon}
14891	Arathi Reinforced {weapon}
14892	Arathi Garrison-Issue {weapon}
14893	Western Watch Frayed {weapon}
14895	Northshire Sentinel Assault Vest
14896	Silverpine Trailblazer Patrol Boots
14897	Arathi Trailblazer Combat Gloves
14898	Southshore Pathfinder Utility Belt
14899	Stromgarde Veteran Combat Helmet
14900	Dun Morogh Trailblazer Combat Trousers
14901	Stromgarde Forward-Observer Shoulder Harness
14902	Elwynn Mountain-Infantry Riot Shield
14903	Alterac Trailblazer Wrist Guards
14904	Northshire Campaign Assault Vest
14905	Arathi Veteran Combat Gloves
14906	Southshore Stormproof Utility Belt
14907	Stromgarde Expedition Combat Helmet
14908	Dun Morogh Stormproof Combat Trousers
14909	Stromgarde Frontline Shoulder Harness
14910	Alterac Hardened Wrist Guards
14911	Silverpine Pathfinder Patrol Boots
14912	Elwynn Outrider Riot Shield
14913	Silverpine Forward-Observer Patrol Boots
14914	Alterac Ranger-Issue Wrist Guards
14915	Northshire Outrider Assault Vest
14916	Elwynn Field-Reinforced Riot Shield
14917	Arathi Stormproof Combat Gloves
14918	Southshore Frontline Utility Belt
14919	Stromgarde Shock-Trooper Combat Helmet
14920	Dun Morogh Campaign Combat Trousers
14921	Stromgarde Shock-Trooper Shoulder Harness
14922	Silverpine Outrider Patrol Boots
14923	Alterac Expedition Wrist Guards
14924	Northshire Frontline Assault Vest
14925	Stromgarde Campaign Combat Helmet
14926	Arathi Outrider Combat Gloves
14927	Hillsbrad Frontline Utility Belt
14928	Dun Morogh Field-Reinforced Combat Trousers
14929	Stromgarde Field-Reinforced Shoulder Harness
14930	Elwynn Hardened Riot Shield
14931	Northshire Field-Reinforced Assault Vest
14932	Silverpine Mountain-Infantry Patrol Boots
14933	Arathi Sentinel Combat Gloves
14934	Hillsbrad Sapper Utility Belt
14935	Stromgarde Field-Reinforced Combat Helmet
14936	Dun Morogh Veteran Combat Trousers
14937	Alterac Mountain-Infantry Shoulder Harness
14938	Alterac Sapper Wrist Guards
14939	Northshire Trailblazer Assault Vest
14940	Silverpine Stormproof Patrol Boots
14941	Alterac Mountain-Infantry Wrist Guards
14942	Arathi Mountain-Infantry Combat Gloves
14943	Hillsbrad Sentinel Utility Belt
14944	Stromgarde Trailblazer Combat Helmet
14945	Dun Morogh Pathfinder Combat Trousers
14946	Alterac Hardened Shoulder Harness
14947	Elwynn Stormproof Riot Shield
14948	Westfall Campaign Assault Vest
14949	Arathi Pathfinder Combat Gloves
14950	Hillsbrad Ranger-Issue Utility Belt
14951	Silverpine Campaign Patrol Boots
14952	Alterac Expedition Combat Helmet
14953	Dun Morogh Forward-Observer Combat Trousers
14954	Elwynn Shock-Trooper Riot Shield
14955	Alterac Pathfinder Shoulder Harness
14956	Alterac Veteran Wrist Guards
14957	Silverpine Frontline Patrol Boots
14958	Westfall Trailblazer Assault Vest
14959	Arathi Frontline Combat Gloves
14960	Hillsbrad Campaign Utility Belt
14961	Alterac Field-Reinforced Combat Helmet
14962	Dun Morogh Shock-Trooper Combat Trousers
14963	Alterac Outrider Shoulder Harness
14964	Elwynn Sentinel Riot Shield
14965	Alterac Forward-Observer Wrist Guards
14966	Westfall Veteran Assault Vest
14967	Arathi Sapper Combat Gloves
14968	Hillsbrad Field-Reinforced Utility Belt
14969	Alterac Mountain-Infantry Combat Helmet
14970	Dun Morogh Sentinel Combat Trousers
14971	Alterac Sapper Shoulder Harness
14972	Silverpine Sapper Patrol Boots
14973	Elwynn Pathfinder Riot Shield
14974	Alterac Field-Reinforced Wrist Guards
14975	Westfall Forward-Observer Assault Vest
14976	Arathi Ranger-Issue Combat Gloves
14977	Hillsbrad Hardened Utility Belt
14978	Silverpine Field-Reinforced Patrol Boots
14979	Alterac Stormproof Combat Helmet
14980	Dun Morogh Expedition Combat Trousers
14981	Alterac Ranger-Issue Shoulder Harness
14982	Elwynn Forward-Observer Riot Shield
14983	Alterac Pathfinder Wrist Guards
15003	Ironforge Padded Utility Belt
15004	Elwynn Service Patrol Boots
15005	Ironforge Insulated Wrist Guards
15006	Westfall Field-Ready Riot Shield
15007	Redridge Training Camouflage Cape
15008	Stormwind Strengthened Combat Gloves
15009	Dun Morogh Mountain-Infantry Combat Trousers
15010	Stormwind Mountain-Infantry Recon Vest
15011	Hillsbrad Veteran Utility Belt
15012	Arathi Ranger-Issue Patrol Boots
15013	Ironforge Strengthened Wrist Guards
15014	Lakeshire Campaign Riot Shield
15015	Redridge Standard Camouflage Cape
15016	Arathi Forward-Observer Combat Gloves
15017	Dun Morogh Frontline Combat Trousers
15018	Stormwind Expedition Recon Vest
15019	Westfall Rugged Shoulder Harness
15045	Northshire Deep-Patrol Armored Vest
15046	Redridge Border-Guard Combat Trousers
15047	Northshire Night-Operations Armored Vest
15048	Northshire Vanguard Armored Vest
15049	Redridge Tunnel-Raider Shoulder Harness
15050	Northshire Special-Recon Armored Vest
15051	Redridge Commando Shoulder Harness
15052	Redridge Special-Recon Combat Trousers
15053	Stormwind Field-Reinforced Recon Vest
15054	Dun Morogh Outrider Combat Trousers
15055	Alterac Veteran Shoulder Harness
15056	Northshire Assault-Team Recon Vest
15057	Redridge Rapid-Response Combat Trousers
15058	Redridge Counter-Sniper Shoulder Harness
15059	Northshire Vanguard Recon Vest
15060	Redridge Assault-Team Combat Trousers
15061	Redridge Deep-Patrol Shoulder Harness
15062	Redridge Marine Combat Trousers
15063	Redridge Combat-Rescue Combat Gloves
15064	Northshire Border-Guard Recon Vest
15065	Redridge Combat-Rescue Combat Trousers
15066	Northshire Combat-Rescue Recon Vest
15067	Redridge Border-Guard Shoulder Harness
15068	Stormwind Hardened Recon Vest
15069	Dun Morogh Hardened Combat Trousers
15070	Arathi Campaign Combat Gloves
15071	Arathi Outrider Patrol Boots
15072	Menethil Shock-Trooper Combat Trousers
15073	Arathi Shock-Trooper Patrol Boots
15074	Arathi Shock-Trooper Combat Gloves
15075	Stormwind Trailblazer Recon Vest
15076	Heavy-Duty Armored Vest
15077	Alterac Campaign Wrist Guards
15078	Dun Morogh Shock-Trooper Combat Gloves
15079	Menethil Trailblazer Combat Trousers
15080	Alterac Sentinel Combat Helmet
15081	Alterac Stormproof Shoulder Harness
15082	Hillsbrad Trailblazer Utility Belt
15083	Dun Morogh Expedition Combat Gloves
15084	Alterac Outrider Wrist Guards
15085	Stormwind Veteran Recon Vest
15086	Alterac Shock-Trooper Combat Helmet
15087	Menethil Sapper Combat Trousers
15088	Hillsbrad Mountain-Infantry Utility Belt
15089	Stormwind Hardened Armored Vest
15090	Stormwind Stormproof Recon Vest
15091	Dun Morogh Frontline Combat Gloves
15092	Alterac Shock-Trooper Wrist Guards
15093	Hillsbrad Shock-Trooper Utility Belt
15094	Alterac Trailblazer Combat Helmet
15095	Menethil Sentinel Combat Trousers
15096	Alterac Forward-Observer Shoulder Harness
15104	Arathi Frontline Patrol Boots
15105	Dustwallow Ranger-Issue {weapon}
15106	Dustwallow Pathfinder {weapon}
15107	Northshire Deep-Patrol Command Manual
15108	Northshire Border-Guard Command Manual
15109	Dustwallow Stormproof {weapon}
15110	Hillsbrad Expedition Utility Belt
15111	Arathi Campaign Patrol Boots
15112	Alterac Stormproof Wrist Guards
15113	Lakeshire Sapper Riot Shield
15114	Alterac Stormproof Camouflage Cape
15115	Dun Morogh Outrider Combat Gloves
15116	Alterac Trailblazer Shoulder Harness
15117	Menethil Field-Reinforced Combat Trousers
15118	Stormwind Forward-Observer Recon Vest
15119	Menethil Outrider Combat Trousers
15120	Hillsbrad Pathfinder Utility Belt
15121	Arathi Sentinel Patrol Boots
15122	Southshore Field-Reinforced Wrist Guards
15123	Lakeshire Ranger-Issue Riot Shield
15124	Alterac Field-Reinforced Camouflage Cape
15125	Dun Morogh Mountain-Infantry Combat Gloves
15126	Menethil Mountain-Infantry Combat Trousers
15127	Alterac Expedition Shoulder Harness
15128	Stormwind Campaign Recon Vest
15129	Alterac Veteran Combat Helmet
15130	Stormwind Outrider Recon Vest
15131	Arathi Pathfinder Patrol Boots
15132	Southshore Mountain-Infantry Wrist Guards
15133	Lakeshire Frontline Riot Shield
15134	Alterac Campaign Combat Helmet
15135	Alterac Mountain-Infantry Camouflage Cape
15136	Hillsbrad Stormproof Utility Belt
15137	Dun Morogh Pathfinder Combat Gloves
15138	Westfall Commando Camouflage Cape
15139	Menethil Pathfinder Combat Trousers
15140	Alterac Campaign Shoulder Harness
15141	Iron Vanguard Armored Vest
15142	Arathi Forward-Observer Patrol Boots
15143	Southshore Pathfinder Wrist Guards
15144	Ironforge Campaign Recon Vest
15145	Lakeshire Shock-Trooper Riot Shield
15146	Alterac Outrider Combat Helmet
15147	Alterac Pathfinder Camouflage Cape
15148	Hillsbrad Forward-Observer Utility Belt
15149	Dun Morogh Campaign Combat Gloves
15150	Alterac Frontline Shoulder Harness
15151	Menethil Expedition Combat Trousers
15152	Arathi Field-Reinforced Patrol Boots
15153	Alterac Expedition Camouflage Cape
15154	Hillsbrad Outrider Utility Belt
15155	Dun Morogh Field-Reinforced Combat Gloves
15156	Alterac Sapper Combat Helmet
15157	Menethil Hardened Combat Trousers
15158	Alterac Shock-Trooper Shoulder Harness
15159	Ironforge Trailblazer Recon Vest
15160	Southshore Outrider Wrist Guards
15161	Silverpine Sapper Utility Belt
15162	Arathi Mountain-Infantry Patrol Boots
15163	Southshore Sapper Wrist Guards
15164	Ironforge Veteran Recon Vest
15165	Alterac Trailblazer Camouflage Cape
15166	Dun Morogh Hardened Combat Gloves
15167	Alterac Ranger-Issue Combat Helmet
15168	Menethil Veteran Combat Trousers
15169	Alterac Sentinel Shoulder Harness
15170	Ironforge Expedition Recon Vest
15171	Arathi Stormproof Patrol Boots
15172	Southshore Veteran Wrist Guards
15173	Alterac Hardened Camouflage Cape
15174	Dun Morogh Stormproof Combat Gloves
15175	Alterac Forward-Observer Combat Helmet
15176	Menethil Stormproof Combat Trousers
15177	Alterac Field-Reinforced Shoulder Harness
15178	Silverpine Veteran Utility Belt
15179	Ironforge Field-Reinforced Recon Vest
15180	Silverpine Campaign Utility Belt
15181	Arathi Trailblazer Patrol Boots
15182	Southshore Forward-Observer Wrist Guards
15183	Alterac Campaign Camouflage Cape
15184	Dun Morogh Trailblazer Combat Gloves
15185	Alterac Hardened Combat Helmet
15186	Menethil Ranger-Issue Combat Trousers
15187	Southshore Frontline Shoulder Harness
15188	Southshore Trailblazer Wrist Guards
15189	Arathi Hardened Patrol Boots
15190	Alterac Outrider Camouflage Cape
15191	Silverpine Field-Reinforced Utility Belt
15192	Dun Morogh Sentinel Combat Gloves
15193	Alterac Pathfinder Combat Helmet
15194	Menethil Forward-Observer Combat Trousers
15195	Ironforge Hardened Recon Vest
15196	Field-Ready Unit Tabard
15197	Toughened Unit Tabard
15198	Reserve-Issue Unit Tabard
15199	Drill Unit Tabard
15200	Northshire Special-Recon Service Pendant
15202	Menethil Campaign Combat Trousers
15203	Menethil Frontline Combat Trousers
15204	Dustwallow Forward-Observer {weapon}
15205	Dustwallow Campaign {weapon}
15206	Westfall Ranger-Issue Command Manual
15207	Lakeshire Field-Reinforced Riot Shield
15210	Dustwallow Frontline {weapon}
15211	Dustwallow Sapper {weapon}
15212	Dustwallow Expedition {weapon}
15213	Dustwallow Hardened {weapon}
15214	Blackrock Mountain-Infantry {weapon}
15215	Blackrock Stormproof {weapon}
15216	Blackrock Shock-Trooper {weapon}
15217	Blackrock Sapper {weapon}
15218	Blackrock Hardened {weapon}
15219	Blackrock Ranger-Issue {weapon}
15220	Blackrock Forward-Observer {weapon}
15221	Blackrock Frontline {weapon}
15222	Blackrock Campaign {weapon}
15223	Blackrock Trailblazer {weapon}
15224	Blackrock Sentinel {weapon}
15225	Blackrock Expedition {weapon}
15226	Blackrock Outrider {weapon}
15227	Blackrock Field-Reinforced {weapon}
15228	Blackrock Veteran {weapon}
15229	Blackrock Pathfinder {weapon}
15230	Burning Steppes Outrider {weapon}
15231	Burning Steppes Mountain-Infantry {weapon}
15232	Burning Steppes Veteran {weapon}
15233	Burning Steppes Campaign {weapon}
15234	Burning Steppes Frontline {weapon}
15235	Burning Steppes Hardened {weapon}
15236	Burning Steppes Stormproof {weapon}
15237	Burning Steppes Shock-Trooper {weapon}
15238	Burning Steppes Field-Reinforced {weapon}
15239	Burning Steppes Sapper {weapon}
15240	Burning Steppes Ranger-Issue {weapon}
15241	Burning Steppes Trailblazer {weapon}
15242	Burning Steppes Sentinel {weapon}
15243	Burning Steppes Pathfinder {weapon}
15244	Burning Steppes Forward-Observer {weapon}
15245	Burning Steppes Expedition {weapon}
15246	Searing Gorge Sapper {weapon}
15247	Searing Gorge Mountain-Infantry {weapon}
15248	Searing Gorge Trailblazer {weapon}
15249	Searing Gorge Ranger-Issue {weapon}
15250	Searing Gorge Frontline {weapon}
15251	Searing Gorge Pathfinder {weapon}
15252	Searing Gorge Outrider {weapon}
15253	Searing Gorge Sentinel {weapon}
15254	Searing Gorge Hardened {weapon}
15255	Searing Gorge Veteran {weapon}
15256	Searing Gorge Stormproof {weapon}
15257	Searing Gorge Expedition {weapon}
15258	Searing Gorge Shock-Trooper {weapon}
15259	Searing Gorge Forward-Observer {weapon}
15260	Searing Gorge Field-Reinforced {weapon}
15261	Searing Gorge Campaign {weapon}
15262	Stranglethorn Pathfinder {weapon}
15263	Stranglethorn Campaign {weapon}
15264	Stranglethorn Sapper {weapon}
15265	Stranglethorn Mountain-Infantry {weapon}
15266	Stranglethorn Ranger-Issue {weapon}
15267	Stranglethorn Stormproof {weapon}
15268	Stranglethorn Veteran {weapon}
15269	Stranglethorn Outrider {weapon}
15270	Stranglethorn Hardened {weapon}
15271	Stranglethorn Shock-Trooper {weapon}
15272	Stranglethorn Trailblazer {weapon}
15273	Stranglethorn Forward-Observer {weapon}
15274	Stranglethorn Sentinel {weapon}
15275	Stranglethorn Expedition {weapon}
15276	Stranglethorn Frontline {weapon}
15278	Stranglethorn Field-Reinforced {weapon}
15279	Feralas Expedition {weapon}
15280	Feralas Frontline {weapon}
15281	Feralas Trailblazer {weapon}
15282	Feralas Mountain-Infantry {weapon}
15283	Feralas Pathfinder {weapon}
15284	Feralas Hardened {weapon}
15285	Feralas Ranger-Issue {weapon}
15286	Feralas Forward-Observer {weapon}
15287	Feralas Veteran {weapon}
15288	Feralas Stormproof {weapon}
15289	Feralas Campaign {weapon}
15291	Feralas Outrider {weapon}
15294	Feralas Shock-Trooper {weapon}
15295	Feralas Field-Reinforced {weapon}
15296	Feralas Sapper {weapon}
15297	Ironforge Training Wrist Guards
15298	Lakeshire Pathfinder Riot Shield
15299	Redridge Strengthened Camouflage Cape
15300	Ironforge Standard Combat Gloves
15301	Elwynn Standard Patrol Boots
15302	Ironforge Training Utility Belt
15303	Theramore Hardened Combat Trousers
15304	Ironforge Ranger-Issue Recon Vest
15305	Arathi Expedition Patrol Boots
15306	Southshore Ranger-Issue Wrist Guards
15307	Lakeshire Outrider Riot Shield
15308	Silverpine Pathfinder Utility Belt
15309	Alterac Sentinel Camouflage Cape
15310	Dun Morogh Forward-Observer Combat Gloves
15311	Ironforge Frontline Recon Vest
15312	Theramore Expedition Combat Trousers
15313	Westfall Militia-Issue Shoulder Harness
15322	Feralas Sentinel {weapon}
15323	Hinterlands Forward-Observer {weapon}
15324	Hinterlands Field-Reinforced {weapon}
15325	Hinterlands Mountain-Infantry {weapon}
15326	Northshire Reserve-Issue Combat Knife
15327	Northshire Drill Combat Knife
15329	Silverpine Shock-Trooper Utility Belt
15330	Arathi Sapper Patrol Boots
15331	Southshore Shock-Trooper Wrist Guards
15332	Lakeshire Veteran Riot Shield
15333	Southshore Campaign Camouflage Cape
15334	Dun Morogh Sapper Combat Gloves
15335	Hinterlands Expedition {weapon}
15336	Theramore Sapper Combat Trousers
15337	Ironforge Mountain-Infantry Recon Vest
15338	Southshore Sentinel Shoulder Harness
15339	Alterac Frontline Combat Helmet
15340	Southshore Trailblazer Camouflage Cape
15341	Arathi Veteran Patrol Boots
15342	Lakeshire Stormproof Riot Shield
15343	Dun Morogh Veteran Combat Gloves
15344	Theramore Veteran Combat Trousers
15345	Southshore Veteran Shoulder Harness
15346	Ironforge Pathfinder Recon Vest
15347	Silverpine Sentinel Utility Belt
15348	Southshore Sentinel Wrist Guards
15349	Silverpine Stormproof Utility Belt
15350	Dun Morogh Stormproof Patrol Boots
15351	Southshore Hardened Wrist Guards
15352	Lakeshire Trailblazer Riot Shield
15353	Southshore Frontline Combat Helmet
15354	Southshore Veteran Camouflage Cape
15355	Dun Morogh Ranger-Issue Combat Gloves
15356	Ironforge Outrider Recon Vest
15357	Southshore Forward-Observer Shoulder Harness
15358	Theramore Forward-Observer Combat Trousers
15359	Ironforge Sapper Recon Vest
15360	Southshore Frontline Wrist Guards
15361	Silverpine Frontline Utility Belt
15362	Dun Morogh Outrider Patrol Boots
15363	Southshore Trailblazer Combat Helmet
15364	Southshore Forward-Observer Camouflage Cape
15365	Menethil Frontline Combat Gloves
15366	Theramore Shock-Trooper Combat Trousers
15367	Lakeshire Sentinel Riot Shield
15368	Southshore Outrider Shoulder Harness
15369	Silverpine Trailblazer Utility Belt
15370	Dun Morogh Sentinel Patrol Boots
15371	Southshore Shock-Trooper Camouflage Cape
15372	Menethil Sapper Combat Gloves
15373	Southshore Veteran Combat Helmet
15374	Theramore Sentinel Combat Trousers
15375	Wolfpack Shoulder Harness
15376	Ironforge Stormproof Recon Vest
15377	Southshore Stormproof Wrist Guards
15378	Silverpine Hardened Utility Belt
15379	Dun Morogh Ranger-Issue Patrol Boots
15380	Southshore Expedition Wrist Guards
15381	Ironforge Forward-Observer Recon Vest
15382	Southshore Sentinel Camouflage Cape
15383	Menethil Ranger-Issue Combat Gloves
15384	Southshore Stormproof Combat Helmet
15385	Theramore Pathfinder Combat Trousers
15386	Southshore Ranger-Issue Shoulder Harness
15387	Southshore Campaign Wrist Guards
15388	Silverpine Expedition Utility Belt
15389	Dun Morogh Campaign Patrol Boots
15390	Ironforge Shock-Trooper Recon Vest
15391	Southshore Shock-Trooper Combat Helmet
15392	Southshore Ranger-Issue Camouflage Cape
15393	Menethil Expedition Combat Gloves
15394	Theramore Frontline Combat Trousers
15395	Southshore Campaign Shoulder Harness
15396	Hinterlands Sapper {weapon}
15397	Hinterlands Frontline {weapon}
15398	Elwynn Strengthened Patrol Boots
15399	Silverpine Ranger-Issue Utility Belt
15400	Ironforge Garrison-Issue Wrist Guards
15401	Ironforge Militia-Issue Combat Gloves
15402	Ironforge Strengthened Combat Gloves
15403	Hillsbrad Stormproof Wrist Guards
15404	Silverpine Forward-Observer Utility Belt
15405	Menethil Pathfinder Combat Gloves
15406	Dun Morogh Forward-Observer Patrol Boots
15411	Northshire Marine Service Pendant
15413	Siege-Engineer Assault Vest
15418	Durotar Deep-Patrol {weapon}
15421	Westfall Airborne Camouflage Cape
15424	Hinterlands Pathfinder {weapon}
15425	Hillsbrad Outrider Wrist Guards
15426	Dun Morogh Trailblazer Patrol Boots
15427	Southshore Frontline Camouflage Cape
15428	Silverpine Mountain-Infantry Utility Belt
15429	Menethil Trailblazer Combat Gloves
15430	Southshore Sentinel Combat Helmet
15431	Theramore Mountain-Infantry Combat Trousers
15432	Southshore Trailblazer Shoulder Harness
15433	Ironforge Sentinel Recon Vest
15434	Silverpine Outrider Utility Belt
15435	Dun Morogh Veteran Patrol Boots
15436	Hillsbrad Sentinel Wrist Guards
15437	Southshore Mountain-Infantry Camouflage Cape
15438	Menethil Veteran Combat Gloves
15439	Southshore Ranger-Issue Combat Helmet
15440	Theramore Ranger-Issue Combat Trousers
15441	Southshore Pathfinder Shoulder Harness
15442	Elwynn Pathfinder Recon Vest
15443	Hinterlands Veteran {weapon}
15444	Hinterlands Trailblazer {weapon}
15445	Hinterlands Campaign {weapon}
15449	Theramore Stormproof Combat Trousers
15450	Theramore Campaign Combat Trousers
15451	Theramore Outrider Combat Trousers
15452	Hillsbrad Pathfinder Wrist Guards
15453	Hillsbrad Forward-Observer Wrist Guards
15455	Stromgarde Expedition Field Jacket
15456	Theramore Field-Reinforced Combat Trousers
15457	Southshore Sapper Shoulder Harness
15458	Dun Morogh Mountain-Infantry Patrol Boots
15459	Hillsbrad Mountain-Infantry Wrist Guards
15460	Western Watch Mud-Stained {weapon}
15461	Dun Morogh Shock-Trooper Patrol Boots
15462	Hillsbrad Field-Reinforced Wrist Guards
15463	Menethil Sentinel Combat Gloves
15464	Hinterlands Ranger-Issue {weapon}
15465	Hinterlands Hardened {weapon}
15466	Lakeshire Forward-Observer Riot Shield
15467	Elwynn Mountain-Infantry Service Signet
15468	Southshore Hardened Camouflage Cape
15469	Arathi Mountain-Infantry Utility Belt
15470	Theramore Trailblazer Combat Trousers
15471	Elwynn Mountain-Infantry Recon Vest
15472	Ironforge Service Utility Belt
15473	Elwynn Training Patrol Boots
15474	Ironforge Rugged Wrist Guards
15475	Redridge Garrison-Issue Camouflage Cape
15476	Ironforge Training Combat Gloves
15477	Barrens Sentinel Combat Trousers
15478	Redridge Rugged Riot Shield
15479	Stormwind Veteran Armored Vest
15480	Ironforge Standard Utility Belt
15481	Elwynn Weatherproof Patrol Boots
15482	Ironforge Weatherproof Wrist Guards
15483	Redridge Weatherproof Camouflage Cape
15484	Ironforge Reinforced Combat Gloves
15485	Barrens Veteran Combat Trousers
15486	Lakeshire Expedition Riot Shield
15487	Stormwind Forward-Observer Armored Vest
15488	Stormwind Frontline Armored Vest
15489	Dun Morogh Pathfinder Patrol Boots
15490	Redridge Double-Stitched Camouflage Cape
15491	Menethil Stormproof Combat Gloves
15492	Arathi Ranger-Issue Utility Belt
15493	Barrens Forward-Observer Combat Trousers
15494	Lakeshire Mountain-Infantry Riot Shield
15495	Hillsbrad Ranger-Issue Wrist Guards
15496	Westfall Standard Shoulder Harness
15497	Arathi Expedition Utility Belt
15498	Dun Morogh Frontline Patrol Boots
15499	Hillsbrad Expedition Wrist Guards
15500	Stormwind Field-Reinforced Armored Vest
15501	Southshore Pathfinder Camouflage Cape
15502	Menethil Campaign Combat Gloves
15503	Barrens Outrider Combat Trousers
15504	Lakeshire Hardened Riot Shield
15505	Westfall Strengthened Shoulder Harness
15506	Dun Morogh Field-Reinforced Patrol Boots
15507	Hillsbrad Campaign Wrist Guards
15508	Southshore Stormproof Camouflage Cape
15509	Menethil Outrider Combat Gloves
15510	Arathi Campaign Utility Belt
15511	Barrens Field-Reinforced Combat Trousers
15512	Sentinel Hill Sentinel Riot Shield
15513	Southshore Mountain-Infantry Shoulder Harness
15514	Stormwind Sapper Armored Vest
15515	Arathi Trailblazer Utility Belt
15516	Dun Morogh Hardened Patrol Boots
15517	Hillsbrad Trailblazer Wrist Guards
15518	Stormwind Ranger-Issue Armored Vest
15519	Southshore Outrider Camouflage Cape
15520	Menethil Mountain-Infantry Combat Gloves
15521	Barrens Mountain-Infantry Combat Trousers
15522	Sentinel Hill Pathfinder Riot Shield
15523	Southshore Hardened Shoulder Harness
15524	Stormwind Expedition Armored Vest
15525	Dun Morogh Expedition Patrol Boots
15526	Southshore Field-Reinforced Camouflage Cape
15527	Menethil Hardened Combat Gloves
15528	Arathi Sapper Utility Belt
15529	Barrens Hardened Combat Trousers
15530	Sentinel Hill Forward-Observer Riot Shield
15531	Southshore Stormproof Shoulder Harness
15532	Hillsbrad Sapper Wrist Guards
15533	Southshore Pathfinder Combat Helmet
15534	Dun Morogh Sapper Patrol Boots
15535	Hillsbrad Hardened Wrist Guards
15536	Stormwind Campaign Armored Vest
15537	Southshore Sapper Camouflage Cape
15538	Menethil Forward-Observer Combat Gloves
15539	Arathi Veteran Utility Belt
15540	Southshore Forward-Observer Combat Helmet
15541	Barrens Stormproof Combat Trousers
15542	Southshore Expedition Shoulder Harness
15543	Sentinel Hill Frontline Riot Shield
15544	Menethil Pathfinder Patrol Boots
15545	Hillsbrad Veteran Wrist Guards
15546	Stormwind Shock-Trooper Armored Vest
15547	Southshore Expedition Camouflage Cape
15548	Menethil Shock-Trooper Combat Gloves
15549	Arathi Pathfinder Utility Belt
15550	Southshore Expedition Combat Helmet
15551	Barrens Expedition Combat Trousers
15552	Sentinel Hill Shock-Trooper Riot Shield
15553	Southshore Shock-Trooper Shoulder Harness
15554	Arathi Stormproof Utility Belt
15555	Menethil Stormproof Patrol Boots
15556	Hillsbrad Frontline Wrist Guards
15557	Stormwind Trailblazer Armored Vest
15558	Southshore Outrider Combat Helmet
15559	Hillsbrad Hardened Camouflage Cape
15560	Menethil Field-Reinforced Combat Gloves
15561	Barrens Campaign Combat Trousers
15562	Southshore Field-Reinforced Shoulder Harness
15563	Sentinel Hill Field-Reinforced Riot Shield
15565	Menethil Outrider Patrol Boots
15566	Hillsbrad Shock-Trooper Wrist Guards
15567	Ironforge Field-Reinforced Armored Vest
15568	Hillsbrad Ranger-Issue Camouflage Cape
15569	Sentinel Hill Mountain-Infantry Riot Shield
15570	Theramore Campaign Combat Gloves
15571	Arathi Frontline Utility Belt
15572	Southshore Field-Reinforced Combat Helmet
15573	Barrens Shock-Trooper Combat Trousers
15574	Hillsbrad Field-Reinforced Shoulder Harness
15575	Arathi Outrider Utility Belt
15576	Menethil Shock-Trooper Patrol Boots
15577	Silverpine Campaign Wrist Guards
15578	Ironforge Trailblazer Armored Vest
15579	Hillsbrad Stormproof Camouflage Cape
15580	Southshore Sapper Combat Helmet
15581	Theramore Outrider Combat Gloves
15582	Barrens Trailblazer Combat Trousers
15583	Hillsbrad Trailblazer Shoulder Harness
15584	Sentinel Hill Hardened Riot Shield
15585	Theramore Stormproof Combat Gloves
15587	Arathi Forward-Observer Utility Belt
15588	Arathi Shock-Trooper Utility Belt
15589	Menethil Trailblazer Patrol Boots
15590	Silverpine Frontline Wrist Guards
15591	Ironforge Sentinel Armored Vest
15592	Sentinel Hill Veteran Riot Shield
15593	Southshore Mountain-Infantry Combat Helmet
15594	Hillsbrad Expedition Camouflage Cape
15595	Theramore Shock-Trooper Combat Gloves
15596	Barrens Sapper Combat Trousers
15597	Hillsbrad Sapper Shoulder Harness
15598	Arathi Field-Reinforced Utility Belt
15599	Menethil Mountain-Infantry Patrol Boots
15600	Silverpine Sapper Wrist Guards
15601	Ironforge Veteran Armored Vest
15602	Southshore Hardened Combat Helmet
15603	Hillsbrad Shock-Trooper Camouflage Cape
15604	Sentinel Hill Stormproof Riot Shield
15605	Theramore Sapper Combat Gloves
15606	Arathi Sentinel Utility Belt
15607	Barrens Ranger-Issue Combat Trousers
15608	Hillsbrad Mountain-Infantry Shoulder Harness
15609	Ironforge Ranger-Issue Armored Vest
15610	Silverpine Sentinel Wrist Guards
15611	Hillsbrad Trailblazer Camouflage Cape
15612	Theramore Mountain-Infantry Combat Gloves
15613	Arathi Hardened Utility Belt
15614	Menethil Hardened Patrol Boots
15615	Southshore Campaign Combat Helmet
15616	Barrens Pathfinder Combat Trousers
15617	Hillsbrad Hardened Shoulder Harness
15618	Sentinel Hill Expedition Riot Shield
15619	Dun Morogh Pathfinder Utility Belt
15620	Silverpine Ranger-Issue Wrist Guards
15621	Sentinel Hill Outrider Riot Shield
15622	Ironforge Expedition Armored Vest
15623	Hillsbrad Forward-Observer Combat Helmet
15624	Hillsbrad Sentinel Camouflage Cape
15625	Theramore Ranger-Issue Combat Gloves
15626	Menethil Ranger-Issue Patrol Boots
15627	Barrens Frontline Combat Trousers
15628	Hillsbrad Pathfinder Shoulder Harness
15629	Silverpine Pathfinder Wrist Guards
15630	Menethil Forward-Observer Patrol Boots
15631	Ironforge Campaign Armored Vest
15632	Hillsbrad Mountain-Infantry Camouflage Cape
15633	Sentinel Hill Trailblazer Riot Shield
15634	Hillsbrad Campaign Combat Helmet
15635	Theramore Pathfinder Combat Gloves
15636	Dun Morogh Stormproof Utility Belt
15637	Durotar Expedition Combat Trousers
15638	Hillsbrad Stormproof Shoulder Harness
15639	Silverpine Forward-Observer Wrist Guards
15640	Ironforge Sapper Armored Vest
15641	Dun Morogh Expedition Utility Belt
15642	Menethil Campaign Patrol Boots
15643	Hillsbrad Pathfinder Camouflage Cape
15644	Theramore Frontline Combat Gloves
15645	Hillsbrad Shock-Trooper Combat Helmet
15646	Durotar Shock-Trooper Combat Trousers
15647	Hillsbrad Frontline Shoulder Harness
15648	Sentinel Hill Ranger-Issue Riot Shield
15649	Silverpine Expedition Wrist Guards
15650	Ironforge Mountain-Infantry Armored Vest
15651	Hillsbrad Field-Reinforced Combat Helmet
15652	Hillsbrad Forward-Observer Camouflage Cape
15653	Theramore Field-Reinforced Combat Gloves
15654	Dun Morogh Outrider Utility Belt
15655	Durotar Field-Reinforced Combat Trousers
15656	Hillsbrad Outrider Shoulder Harness
15657	Sentinel Hill Campaign Riot Shield
15658	Menethil Sentinel Patrol Boots
15659	Silverpine Shock-Trooper Wrist Guards
15660	Ironforge Hardened Armored Vest
15661	Hillsbrad Campaign Camouflage Cape
15662	Theramore Trailblazer Combat Gloves
15663	Dun Morogh Field-Reinforced Utility Belt
15664	Hillsbrad Mountain-Infantry Combat Helmet
15665	Durotar Mountain-Infantry Combat Trousers
15666	Hillsbrad Sentinel Shoulder Harness
15667	Sentinel Hill Sapper Riot Shield
15668	Silverpine Mountain-Infantry Wrist Guards
15669	Ironforge Pathfinder Armored Vest
15670	Hillsbrad Hardened Combat Helmet
15671	Hillsbrad Outrider Camouflage Cape
15672	Theramore Hardened Combat Gloves
15673	Dun Morogh Sapper Utility Belt
15674	Menethil Veteran Patrol Boots
15675	Stonewatch Stormproof Riot Shield
15676	Durotar Hardened Combat Trousers
15677	Hillsbrad Veteran Shoulder Harness
15678	Menethil Expedition Patrol Boots
15679	Silverpine Hardened Wrist Guards
15680	Ironforge Stormproof Armored Vest
15681	Hillsbrad Field-Reinforced Camouflage Cape
15682	Theramore Forward-Observer Combat Gloves
15683	Dun Morogh Mountain-Infantry Utility Belt
15684	Hillsbrad Pathfinder Combat Helmet
15685	Durotar Ranger-Issue Combat Trousers
15686	Hillsbrad Ranger-Issue Shoulder Harness
15687	Stonewatch Campaign Riot Shield
15689	Elwynn Pathfinder Service Signet
15690	Redridge Outrider Service Pendant
15691	Hinterlands Outrider {weapon}
15692	Hinterlands Shock-Trooper {weapon}
15693	Hillsbrad Forward-Observer Shoulder Harness
15694	Menethil Field-Reinforced Patrol Boots
15695	Stonewatch Trailblazer Riot Shield
15697	Menethil Frontline Patrol Boots
15698	Hillsbrad Shock-Trooper Shoulder Harness
15702	Elwynn Field-Reinforced Service Signet
15703	Hillsbrad Frontline Camouflage Cape
15704	Redridge Sapper Service Pendant
15705	Hinterlands Stormproof {weapon}
15706	Hinterlands Sentinel {weapon}
15707	Dun Morogh Trailblazer Utility Belt
15708	Theramore Sentinel Combat Gloves
15709	Dun Morogh Sentinel Utility Belt
15782	Silithus Pathfinder {weapon}
15783	Silithus Field-Reinforced {weapon}
15784	Hillsbrad Expedition Shoulder Harness
15786	Elwynn Sapper Recon Vest
15787	Ironforge Forward-Observer Armored Vest
15789	Hillsbrad Sapper Camouflage Cape
15791	Dun Morogh Hardened Utility Belt
15792	Hillsbrad Campaign Shoulder Harness
15794	Stormwind Discarded Combat Trousers
15795	Theramore Veteran Combat Gloves
15796	Silverpine Veteran Wrist Guards
15797	Silverpine Stormproof Wrist Guards
15799	Redridge Shock-Trooper Service Pendant
15800	Silithus Veteran {weapon}
15801	Silithus Ranger-Issue {weapon}
15802	Redridge Border-Guard Patrol Boots
15804	Hillsbrad Veteran Camouflage Cape
15805	Northshire Commando Command Manual
15806	Durotar Border-Guard {weapon}
15807	Arathi Padded {weapon}
15808	Arathi Toughened {weapon}
15809	Arathi Weatherproof {weapon}
15810	Arathi Double-Stitched {weapon}
15811	Arathi Drill {weapon}
15812	Silverpine Outrider Shoulder Harness
15813	Dun Morogh Veteran Utility Belt
15814	Silithus Stormproof {weapon}
15815	Silverpine Sapper Camouflage Cape
15822	Silverpine Shock-Trooper Shoulder Harness
15823	Theramore Expedition Combat Gloves
15824	Stromgarde Hardened Field Jacket
15825	Elwynn Sentinel Recon Vest
15827	Ironforge Frontline Armored Vest
15853	Durotar Rapid-Response {weapon}
15854	Durotar Assault-Team {weapon}
15855	Redridge Combat-Rescue Service Signet
15856	Northshire Siege-Engineer Service Pendant
15857	Northshire Airborne Command Manual
15858	Barrens Trailblazer Combat Gloves
15859	Dun Morogh Ranger-Issue Utility Belt
15860	Silverpine Outrider Wrist Guards
15861	Menethil Sapper Patrol Boots
15862	Silithus Expedition {weapon}
15863	Silithus Shock-Trooper {weapon}
15864	Silverpine Field-Reinforced Wrist Guards
15865	Stonewatch Sapper Riot Shield
15866	Redridge Mountain-Infantry Command Manual
15867	Campaign Field Device
15873	Northshire Breach-Team Field Device
15887	Stonewatch Forward-Observer Riot Shield
15888	Stonewatch Ranger-Issue Riot Shield
15889	Stonewatch Mountain-Infantry Riot Shield
15890	Stonewatch Veteran Riot Shield
15891	Stonewatch Hardened Riot Shield
15892	Stonewatch Expedition Riot Shield
15893	Stonewatch Field-Reinforced Riot Shield
15894	Stonewatch Pathfinder Riot Shield
15895	Scorched Riot Shield
15903	Arathi Field-Ready {weapon}
15904	Arathi Reserve-Issue {weapon}
15905	Arathi Insulated {weapon}
15906	Dun Morogh Service {weapon}
15907	Dun Morogh Field-Ready {weapon}
15909	Dun Morogh Standard {weapon}
15910	Western Watch Sun-Faded {weapon}
15912	Redridge Campaign Command Manual
15918	Redridge Expedition Command Manual
15925	Redridge Shock-Trooper Command Manual
15926	Redridge Veteran Command Manual
15927	Redridge Field-Reinforced Command Manual
15928	Redridge Hardened Command Manual
15929	Redridge Forward-Observer Command Manual
15930	Redridge Frontline Command Manual
15931	Redridge Sapper Command Manual
15932	Redridge Trailblazer Command Manual
15933	Redridge Ranger-Issue Command Manual
15934	Redridge Pathfinder Command Manual
15935	Redridge Stormproof Command Manual
15936	Redridge Outrider Command Manual
15937	Redridge Sentinel Command Manual
15938	Duskwood Shock-Trooper Command Manual
15939	Duskwood Field-Reinforced Command Manual
15940	Duskwood Sentinel Command Manual
15941	Duskwood Hardened Command Manual
15942	Duskwood Veteran Command Manual
15943	Stonewatch Frontline Riot Shield
15944	Duskwood Trailblazer Command Manual
15945	Duskwood Ranger-Issue Command Manual
15946	Duskwood Campaign Command Manual
15947	Duskwood Sapper Command Manual
15962	Duskwood Pathfinder Command Manual
15963	Duskwood Frontline Command Manual
15964	Duskwood Mountain-Infantry Command Manual
15965	Duskwood Stormproof Command Manual
15966	Duskwood Expedition Command Manual
15967	Duskwood Forward-Observer Command Manual
15968	Duskwood Outrider Command Manual
15969	Stormwind Shock-Trooper Command Manual
15970	Stormwind Mountain-Infantry Command Manual
15971	Stormwind Stormproof Command Manual
15972	Stormwind Frontline Command Manual
15973	Stormwind Sentinel Command Manual
15974	Stormwind Field-Reinforced Command Manual
15975	Stormwind Hardened Command Manual
15976	Stormwind Forward-Observer Command Manual
15977	Stormwind Expedition Command Manual
15978	Stormwind Outrider Command Manual
15979	Stormwind Trailblazer Command Manual
15980	Stormwind Veteran Command Manual
15981	Stormwind Ranger-Issue Command Manual
15982	Stormwind Pathfinder Command Manual
15983	Stormwind Campaign Command Manual
15984	Stormwind Sapper Command Manual
15985	Ironforge Outrider Command Manual
15986	Ironforge Trailblazer Command Manual
15987	Ironforge Sapper Command Manual
15988	Ironforge Mountain-Infantry Command Manual
15989	Ironforge Veteran Command Manual
15990	Stonewatch Sentinel Riot Shield
15991	Stonewatch Outrider Riot Shield
15995	Silithus Campaign {weapon}
15999	Hillsbrad Frontline Combat Helmet
16004	Orgrimmar Rapid-Response {weapon}
16007	Orgrimmar Commando {weapon}
16008	Hillsbrad Trailblazer Combat Helmet
16009	Redridge Field-Reinforced Service Pendant
16026	Redridge Standard Combat Helmet
16027	Northshire Standard Assault Vest
16028	Duskwood Standard Combat Trousers
16029	Ironforge Garrison-Issue Combat Gloves
16030	Elwynn Double-Stitched Patrol Boots
16031	Westfall Reinforced Shoulder Harness
16033	Ironforge Double-Stitched Wrist Guards
16034	Duskwood Service Camouflage Cape
16035	Redridge Strengthened Combat Helmet
16036	Training Tactical Vest
16037	Duskwood Militia-Issue Combat Trousers
16038	Westfall Garrison-Issue Shoulder Harness
16039	Orgrimmar Airborne {weapon}
16058	Redridge Tunnel-Raider Service Signet
16059	Redridge Double-Stitched Field Shirt
16060	Redridge Field-Ready Field Shirt
16061	Silverpine Stormproof Shoulder Harness
16062	Dun Morogh Forward-Observer Utility Belt
16063	Barrens Stormproof Combat Gloves
16064	Dun Morogh Campaign Utility Belt
16065	Theramore Forward-Observer Patrol Boots
16066	Theramore Expedition Patrol Boots
16067	Redridge Counter-Sniper Service Signet
16116	Silverpine Stormproof Camouflage Cape
16117	Barrens Forward-Observer Combat Gloves
16118	Durotar Stormproof Combat Trousers
16119	Silverpine Trailblazer Wrist Guards
16120	Dun Morogh Frontline Utility Belt
16121	Hillsbrad Stormproof Combat Helmet
16122	Silverpine Forward-Observer Shoulder Harness
16123	Redridge Pathfinder Service Pendant
16124	Redridge Stormproof Service Pendant
16125	Redridge Forward-Observer Service Pendant
16126	Dun Morogh Shock-Trooper Utility Belt
16127	Arathi Forward-Observer Wrist Guards
16128	Hillsbrad Expedition Combat Helmet
16129	Theramore Campaign Patrol Boots
16130	Hillsbrad Outrider Combat Helmet
16131	Menethil Expedition Utility Belt
16132	Arathi Expedition Wrist Guards
16133	Hillsbrad Sapper Combat Helmet
16134	Silverpine Expedition Shoulder Harness
16135	Theramore Stormproof Patrol Boots
16136	Menethil Stormproof Utility Belt
16137	Arathi Stormproof Wrist Guards
16138	Hillsbrad Sentinel Combat Helmet
16139	Hillsbrad Veteran Combat Helmet
16140	Hillsbrad Ranger-Issue Combat Helmet
16141	Silverpine Expedition Combat Helmet
16142	Arathi Campaign Wrist Guards
16143	Silverpine Campaign Shoulder Harness
16144	Silverpine Frontline Shoulder Harness
16145	Menethil Forward-Observer Utility Belt
16146	Silverpine Stormproof Combat Helmet
16147	Silverpine Field-Reinforced Shoulder Harness
16148	Silverpine Trailblazer Shoulder Harness
16149	Silverpine Sapper Shoulder Harness
16150	Menethil Campaign Utility Belt
16151	Theramore Frontline Patrol Boots
16152	Menethil Frontline Utility Belt
16153	Arathi Frontline Wrist Guards
16154	Silverpine Sentinel Shoulder Harness
16155	Menethil Outrider Utility Belt
16156	Silverpine Forward-Observer Combat Helmet
16157	Theramore Outrider Patrol Boots
16158	Arathi Outrider Wrist Guards
16159	Silverpine Campaign Combat Helmet
16160	Silverpine Mountain-Infantry Shoulder Harness
16161	Barrens Sapper Combat Gloves
16162	Silverpine Hardened Shoulder Harness
16163	Menethil Shock-Trooper Utility Belt
16164	Barrens Expedition Combat Gloves
16165	Durotar Campaign Combat Trousers
16172	Barrens Sentinel Combat Gloves
16211	Northshire Strengthened Assault Vest
16212	Dun Morogh Garrison-Issue {weapon}
16213	Northshire Reinforced Assault Vest
16309	Northshire Deep-Patrol Service Pendant
16315	Westfall Long-Range Camouflage Cape
16334	Westfall Counter-Sniper Service Pendant
16335	Westfall Tunnel-Raider Service Pendant
16336	Westfall Breach-Team Camouflage Cape
16337	Westfall Night-Operations Camouflage Cape
16340	Westfall Special-Recon Camouflage Cape
16341	Westfall Marine Camouflage Cape
16342	Westfall Siege-Engineer Camouflage Cape
16345	Westfall Nightfall {weapon}
16367	Westfall Counter-Sniper Utility Belt
16369	Redridge Commando Patrol Boots
16370	Westfall Night-Operations Wrist Guards
16391	Redridge Marine Combat Gloves
16392	Redridge Airborne Patrol Boots
16393	Redridge Long-Range Patrol Boots
16394	Westfall Special-Recon Wrist Guards
16395	Westfall Marine Wrist Guards
16396	Redridge Siege-Engineer Combat Gloves
16397	Redridge Deep-Patrol Combat Gloves
16398	Westfall Rapid-Response Utility Belt
16399	Westfall Assault-Team Utility Belt
16400	Redridge Tunnel-Raider Utility Belt
16401	Redridge Breach-Team Patrol Boots
16402	Westfall Siege-Engineer Wrist Guards
16403	Redridge Border-Guard Combat Gloves
16404	Westfall Deep-Patrol Wrist Guards
16405	Redridge Night-Operations Patrol Boots
16406	Redridge Rapid-Response Combat Gloves
16407	Redridge Commando Utility Belt
16409	Redridge Special-Recon Patrol Boots
16410	Redridge Assault-Team Combat Gloves
16411	Redridge Airborne Utility Belt
16412	Westfall Border-Guard Wrist Guards
16413	Northshire Siege-Engineer Field Jacket
16414	Redridge Siege-Engineer Combat Trousers
16415	Redridge Airborne Shoulder Harness
16416	Redridge Breach-Team Combat Helmet
16417	Northshire Airborne Recon Vest
16418	Redridge Night-Operations Combat Helmet
16419	Redridge Deep-Patrol Combat Trousers
16420	Redridge Long-Range Shoulder Harness
16421	Northshire Long-Range Recon Vest
16422	Redridge Counter-Sniper Combat Trousers
16423	Redridge Breach-Team Shoulder Harness
16424	Redridge Special-Recon Combat Helmet
16425	Northshire Marine Armored Vest
16426	Duskwood Long-Range Combat Trousers
16427	Redridge Night-Operations Shoulder Harness
16428	Redridge Marine Combat Helmet
16429	Redridge Siege-Engineer Combat Helmet
16430	Deep-Patrol Assault Vest
16431	Duskwood Breach-Team Combat Trousers
16432	Redridge Special-Recon Shoulder Harness
16433	Border-Guard Assault Vest
16434	Redridge Deep-Patrol Combat Helmet
16435	Duskwood Night-Operations Combat Trousers
16436	Redridge Marine Shoulder Harness
16437	Kingsguard Patrol Boots
16438	Ghost Division Wrist Guards
16439	Ghost Division Utility Belt
16440	Kingsguard Combat Gloves
16441	Obsidian Guard Combat Helmet
16442	Kingsguard Combat Trousers
16443	Obsidian Guard Field Jacket
16444	War Council Shoulder Harness
16445	Dreadnought Wrist Guards
16446	Iron Covenant Patrol Boots
16447	Siegebreaker Utility Belt
16448	Iron Covenant Combat Gloves
16449	Dawn Brigade Shoulder Harness
16450	Iron Covenant Combat Trousers
16451	Dawn Brigade Combat Helmet
16452	War Council Recon Vest
16453	Dawn Brigade Recon Vest
16454	Obsidian Guard Combat Gloves
16455	Blackwatch Combat Helmet
16456	Obsidian Guard Combat Trousers
16457	Shadow Regiment Shoulder Harness
16458	Dreadnought Utility Belt
16459	Obsidian Guard Patrol Boots
16460	Storm Guard Wrist Guards
16461	Nightfall Wrist Guards
16462	War Council Patrol Boots
16463	Dawn Brigade Combat Gloves
16464	Storm Guard Utility Belt
16465	Ghost Division Combat Helmet
16466	Dawn Brigade Armored Vest
16467	War Council Combat Trousers
16468	Praetorian Shoulder Harness
16469	Last Bastion Wrist Guards
16470	Nightfall Utility Belt
16471	Shadow Regiment Combat Gloves
16472	Dawn Brigade Patrol Boots
16473	Shadow Regiment Assault Vest
16474	Siegebreaker Combat Helmet
16475	Dawn Brigade Combat Trousers
16476	Blackwatch Shoulder Harness
16477	Praetorian Assault Vest
16478	Dreadnought Combat Helmet
16479	Shadow Regiment Combat Trousers
16480	Iron Vanguard Shoulder Harness
16481	Kingsguard Wrist Guards
16482	Last Bastion Utility Belt
16483	Shadow Regiment Patrol Boots
16484	Blackwatch Combat Gloves
16485	Redridge Marine Patrol Boots
16486	Westfall Assault-Team Wrist Guards
16487	Redridge Vanguard Combat Gloves
16488	Redridge Counter-Sniper Utility Belt
16489	Redridge Border-Guard Combat Helmet
16490	Duskwood Commando Combat Trousers
16491	Northshire Border-Guard Field Jacket
16492	Redridge Siege-Engineer Shoulder Harness
16493	Westfall Combat-Rescue Wrist Guards
16494	Redridge Siege-Engineer Patrol Boots
16495	Redridge Vanguard Utility Belt
16496	Duskwood Airborne Combat Gloves
16497	Redridge Airborne Wrist Guards
16498	Redridge Deep-Patrol Patrol Boots
16499	Duskwood Long-Range Combat Gloves
16500	Redridge Long-Range Utility Belt
16501	Redridge Rapid-Response Shoulder Harness
16502	Duskwood Airborne Combat Trousers
16503	Redridge Rapid-Response Combat Helmet
16504	Northshire Breach-Team Recon Vest
16505	Northshire Night-Operations Recon Vest
16506	Redridge Combat-Rescue Combat Helmet
16507	Redridge Assault-Team Shoulder Harness
16508	Duskwood Special-Recon Combat Trousers
16509	Redridge Rapid-Response Patrol Boots
16510	Duskwood Breach-Team Combat Gloves
16511	Redridge Breach-Team Utility Belt
16512	Redridge Commando Wrist Guards
16513	Long-Range Assault Vest
16514	Redridge Counter-Sniper Combat Helmet
16515	Duskwood Marine Combat Trousers
16516	Redridge Combat-Rescue Shoulder Harness
16517	Redridge Tunnel-Raider Wrist Guards
16518	Redridge Assault-Team Patrol Boots
16519	Duskwood Night-Operations Combat Gloves
16520	Redridge Night-Operations Utility Belt
16521	Duskwood Long-Range Combat Helmet
16522	Northshire Rapid-Response Armored Vest
16523	Duskwood Siege-Engineer Combat Trousers
16524	Duskwood Long-Range Shoulder Harness
16525	Northshire Assault-Team Armored Vest
16526	Duskwood Breach-Team Combat Helmet
16527	Duskwood Deep-Patrol Combat Trousers
16528	Duskwood Breach-Team Shoulder Harness
16529	Redridge Special-Recon Utility Belt
16530	Duskwood Special-Recon Combat Gloves
16531	Redridge Combat-Rescue Patrol Boots
16532	Redridge Long-Range Wrist Guards
16533	Storm Guard Combat Helmet
16534	Praetorian Combat Trousers
16535	War Council Field Jacket
16536	Ghost Division Shoulder Harness
16537	Kingsguard Utility Belt
16538	Iron Covenant Wrist Guards
16539	Praetorian Patrol Boots
16540	Iron Vanguard Combat Gloves
16541	Blackwatch Assault Vest
16542	Nightfall Combat Helmet
16543	Dreadnought Combat Trousers
16544	Siegebreaker Shoulder Harness
16545	Blackwatch Patrol Boots
16546	Obsidian Guard Wrist Guards
16547	Iron Covenant Utility Belt
16548	Siegebreaker Combat Gloves
16549	Shadow Regiment Recon Vest
16550	Last Bastion Combat Helmet
16551	Dreadnought Shoulder Harness
16552	Storm Guard Combat Trousers
16553	War Council Wrist Guards
16554	Ghost Division Patrol Boots
16555	Storm Guard Combat Gloves
16556	Obsidian Guard Utility Belt
16557	War Council Utility Belt
16558	Siegebreaker Patrol Boots
16559	Dawn Brigade Wrist Guards
16560	Nightfall Combat Gloves
16561	Iron Covenant Combat Helmet
16562	Storm Guard Shoulder Harness
16563	Praetorian Recon Vest
16564	Nightfall Combat Trousers
16565	Shadow Regiment Armored Vest
16566	Northshire Dawn Brigade Combat Helmet
16567	Last Bastion Combat Trousers
16568	Nightfall Shoulder Harness
16569	Dreadnought Patrol Boots
16570	Shadow Regiment Wrist Guards
16571	Last Bastion Combat Gloves
16572	Dawn Brigade Utility Belt
16573	Storm Guard Patrol Boots
16574	Northshire Iron Covenant Combat Gloves
16575	Shadow Regiment Utility Belt
16576	Praetorian Wrist Guards
16577	Blackwatch Armored Vest
16578	Northshire Shadow Regiment Combat Helmet
16579	Northshire Iron Covenant Combat Trousers
16580	Last Bastion Shoulder Harness
16582	Western Watch Salvaged {weapon}
16604	Stromgarde Field-Reinforced Field Jacket
16605	Alterac Expedition Field Jacket
16606	Alterac Campaign Field Jacket
16607	Alterac Frontline Field Jacket
16608	Menethil Ranger-Issue Utility Belt
16622	Silithus Trailblazer {weapon}
16623	Redridge Sentinel Service Pendant
16658	Silverpine Veteran Camouflage Cape
16659	Menethil Sapper Utility Belt
16660	Stonewatch Shock-Trooper Riot Shield
16661	Silverpine Trailblazer Camouflage Cape
16664	Arathi Shock-Trooper Wrist Guards
16666	Westfall Long-Range Armored Vest
16667	Duskwood Airborne Combat Helmet
16668	Duskwood Border-Guard Combat Trousers
16669	Duskwood Tunnel-Raider Shoulder Harness
16670	Redridge Vanguard Patrol Boots
16671	Redridge Combat-Rescue Wrist Guards
16672	Duskwood Vanguard Combat Gloves
16673	Redridge Marine Utility Belt
16674	Westfall Breach-Team Armored Vest
16675	Redridge Counter-Sniper Patrol Boots
16676	Duskwood Tunnel-Raider Combat Gloves
16677	Duskwood Night-Operations Combat Helmet
16678	Duskwood Rapid-Response Combat Trousers
16679	Duskwood Commando Shoulder Harness
16680	Redridge Siege-Engineer Utility Belt
16681	Redridge Counter-Sniper Wrist Guards
16682	Duskwood Combat-Rescue Patrol Boots
16683	Redridge Rapid-Response Wrist Guards
16684	Duskwood Combat-Rescue Combat Gloves
16685	Redridge Assault-Team Utility Belt
16686	Duskwood Tunnel-Raider Combat Helmet
16687	Duskwood Vanguard Combat Trousers
16688	Northshire Assault-Team Field Jacket
16689	Duskwood Counter-Sniper Shoulder Harness
16690	Northshire Combat-Rescue Field Jacket
16691	Duskwood Counter-Sniper Patrol Boots
16692	Duskwood Counter-Sniper Combat Gloves
16693	Duskwood Commando Combat Helmet
16694	Duskwood Tunnel-Raider Combat Trousers
16695	Duskwood Vanguard Shoulder Harness
16696	Redridge Combat-Rescue Utility Belt
16697	Redridge Assault-Team Wrist Guards
16698	Duskwood Special-Recon Combat Helmet
16699	Duskwood Assault-Team Combat Trousers
16700	Westfall Commando Field Jacket
16701	Duskwood Airborne Shoulder Harness
16702	Redridge Deep-Patrol Utility Belt
16703	Redridge Vanguard Wrist Guards
16704	Duskwood Vanguard Patrol Boots
16705	Duskwood Commando Combat Gloves
16706	Northshire Special-Recon Recon Vest
16707	Duskwood Marine Combat Helmet
16708	Duskwood Night-Operations Shoulder Harness
16709	Duskwood Combat-Rescue Combat Trousers
16710	Redridge Breach-Team Wrist Guards
16711	Duskwood Tunnel-Raider Patrol Boots
16712	Duskwood Marine Combat Gloves
16713	Redridge Border-Guard Utility Belt
16714	Redridge Night-Operations Wrist Guards
16715	Duskwood Commando Patrol Boots
16716	Redridge Rapid-Response Utility Belt
16717	Duskwood Siege-Engineer Combat Gloves
16718	Duskwood Special-Recon Shoulder Harness
16719	Duskwood Counter-Sniper Combat Trousers
16720	Duskwood Siege-Engineer Combat Helmet
16721	Northshire Marine Recon Vest
16722	Redridge Special-Recon Wrist Guards
16723	Duskwood Vanguard Utility Belt
16724	Duskwood Deep-Patrol Combat Gloves
16725	Duskwood Airborne Patrol Boots
16726	Northshire Breach-Team Assault Vest
16727	Duskwood Deep-Patrol Combat Helmet
16728	Stormwind Airborne Combat Trousers
16729	Duskwood Marine Shoulder Harness
16730	Northshire Night-Operations Assault Vest
16731	Duskwood Border-Guard Combat Helmet
16732	Stormwind Long-Range Combat Trousers
16733	Duskwood Siege-Engineer Shoulder Harness
16734	Duskwood Long-Range Patrol Boots
16735	Redridge Marine Wrist Guards
16736	Duskwood Tunnel-Raider Utility Belt
16737	Duskwood Border-Guard Combat Gloves
16738	Barrens Veteran Combat Gloves
16739	Silverpine Ranger-Issue Shoulder Harness
16740	Barrens Hardened Combat Gloves
16741	Barrens Ranger-Issue Combat Gloves
16768	Ironforge Stormproof Command Manual
16769	Silithus Frontline {weapon}
16788	Lordaeron Shock-Trooper Riot Shield
16789	Silithus Outrider {weapon}
16791	Arathi Field-Reinforced Wrist Guards
16792	Silithus Sapper {weapon}
16793	Silverpine Veteran Shoulder Harness
16794	Arathi Trailblazer Wrist Guards
16795	Northshire Siegebreaker Combat Helmet
16796	Northshire Siegebreaker Combat Trousers
16797	Kingsguard Shoulder Harness
16798	Dreadnought Field Jacket
16799	Blackwatch Wrist Guards
16800	Nightfall Patrol Boots
16801	Northshire Siegebreaker Combat Gloves
16802	Blackwatch Utility Belt
16803	Last Bastion Patrol Boots
16804	Iron Vanguard Wrist Guards
16805	Northshire Dreadnought Combat Gloves
16806	Iron Vanguard Utility Belt
16807	Iron Covenant Shoulder Harness
16808	Northshire Dreadnought Combat Helmet
16809	Storm Guard Field Jacket
16810	Northshire Dreadnought Combat Trousers
16811	Northshire Siegebreaker Patrol Boots
16812	Northshire Storm Guard Combat Gloves
16813	Northshire Storm Guard Combat Helmet
16814	Northshire Storm Guard Combat Trousers
16815	Nightfall Field Jacket
16816	Northshire Siegebreaker Shoulder Harness
16817	Northshire Siegebreaker Utility Belt
16818	Northshire Dawn Brigade Utility Belt
16819	Northshire Siegebreaker Wrist Guards
16820	Dreadnought Recon Vest
16821	Northshire Nightfall Combat Helmet
16822	Northshire Nightfall Combat Trousers
16823	Northshire Dreadnought Shoulder Harness
16824	Northshire Dreadnought Patrol Boots
16825	Northshire Dreadnought Wrist Guards
16826	Northshire Nightfall Combat Gloves
16827	Northshire Dreadnought Utility Belt
16828	Northshire Storm Guard Utility Belt
16829	Northshire Storm Guard Patrol Boots
16830	Northshire Storm Guard Wrist Guards
16831	Northshire Last Bastion Combat Gloves
16832	Northshire Shadow Regiment Shoulder Harness
16833	Storm Guard Recon Vest
16834	Northshire Last Bastion Combat Helmet
16835	Northshire Last Bastion Combat Trousers
16836	Northshire Storm Guard Shoulder Harness
16837	Northshire Nightfall Patrol Boots
16838	Northshire Nightfall Utility Belt
16839	Northshire Kingsguard Combat Gloves
16840	Northshire Nightfall Wrist Guards
16841	Storm Guard Armored Vest
16842	Northshire Kingsguard Combat Helmet
16843	Northshire Kingsguard Combat Trousers
16844	Northshire Nightfall Shoulder Harness
16845	Nightfall Armored Vest
16846	Northshire Wolfpack Combat Helmet
16847	Northshire Wolfpack Combat Trousers
16848	Northshire Last Bastion Shoulder Harness
16849	Northshire Last Bastion Patrol Boots
16850	Northshire Last Bastion Wrist Guards
16851	Northshire Last Bastion Utility Belt
16852	Northshire Wolfpack Combat Gloves
16853	Nightfall Assault Vest
16854	Northshire Iron Covenant Combat Helmet
16855	Northshire Obsidian Guard Combat Trousers
16856	Northshire Kingsguard Shoulder Harness
16857	Northshire Kingsguard Wrist Guards
16858	Northshire Kingsguard Utility Belt
16859	Northshire Kingsguard Patrol Boots
16860	Northshire Obsidian Guard Combat Gloves
16861	Northshire Wolfpack Wrist Guards
16862	Northshire Wolfpack Patrol Boots
16863	Northshire War Council Combat Gloves
16864	Northshire Wolfpack Utility Belt
16865	Last Bastion Assault Vest
16866	Northshire Obsidian Guard Combat Helmet
16867	Northshire War Council Combat Trousers
16868	Northshire Wolfpack Shoulder Harness
16873	Barrens Frontline Combat Gloves
16886	Orgrimmar Special-Recon {weapon}
16887	Northshire Long-Range Command Manual
16889	Silithus Forward-Observer {weapon}
16890	Silithus Mountain-Infantry {weapon}
16891	Silithus Sentinel {weapon}
16894	Silithus Hardened {weapon}
16897	Iron Vanguard Recon Vest
16898	Northshire Shadow Regiment Patrol Boots
16899	Northshire Shadow Regiment Combat Gloves
16900	Northshire Praetorian Combat Helmet
16901	Northshire Shadow Regiment Combat Trousers
16902	Northshire Praetorian Shoulder Harness
16903	Northshire Shadow Regiment Utility Belt
16904	Northshire Shadow Regiment Wrist Guards
16905	Ghost Division Recon Vest
16906	Northshire Praetorian Patrol Boots
16907	Northshire Praetorian Combat Gloves
16908	Northshire Blackwatch Combat Helmet
16909	Northshire Praetorian Combat Trousers
16910	Northshire Praetorian Utility Belt
16911	Northshire Praetorian Wrist Guards
16912	Northshire Dawn Brigade Patrol Boots
16913	Northshire Dawn Brigade Combat Gloves
16914	Northshire Iron Vanguard Combat Helmet
16915	Northshire Dawn Brigade Combat Trousers
16916	Dawn Brigade Field Jacket
16917	Northshire Dawn Brigade Shoulder Harness
16918	Northshire Dawn Brigade Wrist Guards
16919	Northshire Blackwatch Patrol Boots
16920	Northshire Blackwatch Combat Gloves
16921	Northshire Ghost Division Combat Helmet
16922	Northshire Blackwatch Combat Trousers
16923	Shadow Regiment Field Jacket
16924	Northshire Blackwatch Shoulder Harness
16925	Northshire Blackwatch Utility Belt
16926	Northshire Blackwatch Wrist Guards
16927	Northshire Iron Vanguard Patrol Boots
16928	Northshire Iron Vanguard Combat Gloves
16929	Northshire War Council Combat Helmet
16930	Northshire Iron Vanguard Combat Trousers
16931	Last Bastion Field Jacket
16932	Northshire Iron Vanguard Shoulder Harness
16933	Northshire Iron Vanguard Utility Belt
16934	Northshire Iron Vanguard Wrist Guards
16935	Northshire Ghost Division Wrist Guards
16936	Northshire Ghost Division Utility Belt
16937	Northshire Ghost Division Shoulder Harness
16938	Northshire Ghost Division Combat Trousers
16939	Westfall Praetorian Combat Helmet
16940	Northshire Ghost Division Combat Gloves
16941	Northshire Ghost Division Patrol Boots
16942	Siegebreaker Armored Vest
16943	Northshire Iron Covenant Wrist Guards
16944	Northshire Iron Covenant Utility Belt
16945	Northshire Iron Covenant Shoulder Harness
16946	Westfall Praetorian Combat Trousers
16947	Westfall Blackwatch Combat Helmet
16948	Westfall Praetorian Combat Gloves
16949	Northshire Iron Covenant Patrol Boots
16950	Dreadnought Armored Vest
16951	Northshire Obsidian Guard Wrist Guards
16952	Northshire Obsidian Guard Utility Belt
16953	Northshire Obsidian Guard Shoulder Harness
16954	Westfall Blackwatch Combat Trousers
16955	Westfall Iron Vanguard Combat Helmet
16956	Westfall Blackwatch Combat Gloves
16957	Northshire Obsidian Guard Patrol Boots
16958	Iron Vanguard Assault Vest
16959	Northshire War Council Wrist Guards
16960	Northshire War Council Utility Belt
16961	Northshire War Council Shoulder Harness
16962	Westfall Iron Vanguard Combat Trousers
16963	Westfall Ghost Division Combat Helmet
16964	Westfall Iron Vanguard Combat Gloves
16965	Northshire War Council Patrol Boots
16966	Siegebreaker Assault Vest
16975	Duskwood Combat-Rescue Utility Belt
16977	Duskwood Breach-Team Patrol Boots
16978	Duskwood Rapid-Response Combat Gloves
16979	Westfall Ghost Division Combat Gloves
16980	Westfall Shadow Regiment Shoulder Harness
16981	Arathi Sapper Wrist Guards
16982	Westfall Dawn Brigade Patrol Boots
16983	Westfall Shadow Regiment Combat Helmet
16984	Westfall Blackwatch Patrol Boots
16985	Theramore Shock-Trooper Patrol Boots
16986	Barrens Mountain-Infantry Combat Gloves
16987	Menethil Sentinel Utility Belt
16988	Westfall Iron Vanguard Shoulder Harness
16989	Westfall Shadow Regiment Utility Belt
16990	Silverpine Sentinel Camouflage Cape
16992	Winterspring Mountain-Infantry {weapon}
16993	Winterspring Hardened {weapon}
16994	Barrens Pathfinder Combat Gloves
16995	Silverpine Pathfinder Shoulder Harness
16996	Orgrimmar Long-Range {weapon}
16997	Orgrimmar Breach-Team {weapon}
16998	Northshire Airborne Riot Shield
16999	Redridge Assault-Team Service Signet
17000	Elwynn Sentinel Service Signet
17001	Elwynn Veteran Service Signet
17002	Winterspring Sapper {weapon}
17003	Winterspring Veteran {weapon}
17004	Winterspring Campaign {weapon}
17005	Elwynn Hardened Recon Vest
17006	Durotar Sentinel Combat Trousers
17007	Westfall Nightfall Combat Gloves
17013	Westfall Ghost Division Combat Trousers
17014	Westfall Praetorian Wrist Guards
17015	Orgrimmar Deep-Patrol {weapon}
17016	Orgrimmar Night-Operations {weapon}
17039	Winterspring Frontline {weapon}
17040	Western Watch Salt-Worn {weapon}
17041	Western Watch Battle-Worn {weapon}
17042	Winterspring Outrider {weapon}
17043	Alterac Forward-Observer Field Jacket
17044	Westfall Vanguard Service Pendant
17045	Redridge Vanguard Service Signet
17046	Winterspring Ranger-Issue {weapon}
17047	Arathi Mountain-Infantry Shoulder Harness
17050	Westfall Special-Recon Field Jacket
17054	Orgrimmar Border-Guard {weapon}
17055	Orgrimmar Marine {weapon}
17061	Westfall Assault-Team Camouflage Cape
17063	Praetorian Service Signet
17064	Last Bastion Field Device
17065	Dreadnought Service Pendant
17066	Wolfpack Riot Shield
17067	War Council Command Manual
17068	Westfall Obsidian Guard {weapon}
17069	Westfall Iron Covenant {weapon}
17070	Westfall War Council {weapon}
17071	Westfall Dreadnought {weapon}
17072	Westfall Dawn Brigade {weapon}
17073	Westfall Blackwatch {weapon}
17074	Westfall Iron Vanguard {weapon}
17075	Westfall Ghost Division {weapon}
17076	Westfall Siegebreaker {weapon}
17077	Redridge Ghost Division {weapon}
17078	Iron Covenant Camouflage Cape
17082	Iron Covenant Field Device
17102	Obsidian Guard Camouflage Cape
17103	Redridge Shadow Regiment {weapon}
17104	Redridge Dawn Brigade {weapon}
17105	Redridge Wolfpack {weapon}
17106	Ghost Division Riot Shield
17107	War Council Camouflage Cape
17108	Iron Vanguard Service Signet
17109	Iron Vanguard Service Pendant
17110	Nightfall Service Signet
17111	Storm Guard Service Pendant
17112	Redridge Nightfall {weapon}
17113	Redridge Praetorian {weapon}
17123	Western Watch Worn {weapon}
17142	Silent Thunder {weapon}
17182	Final Redoubt {weapon}
17183	Redridge Drill Riot Shield
17184	Redridge Padded Riot Shield
17185	Redridge Militia-Issue Riot Shield
17186	Redridge Standard Riot Shield
17187	Redridge Weatherproof Riot Shield
17188	Redridge Insulated Riot Shield
17189	Redridge Reserve-Issue Riot Shield
17190	Redridge Double-Stitched Riot Shield
17192	Redridge Strengthened Riot Shield
17193	Redridge Kingsguard {weapon}
17223	Redridge Storm Guard {weapon}
17282	Western Watch Discarded {weapon}
17283	Western Watch Tattered {weapon}
17342	Dun Morogh Reserve-Issue {weapon}
17343	Westfall Garrison-Issue Field Jacket
17382	Western Watch Weathered {weapon}
17383	Highland Patched {weapon}
17462	Highland Scuffed {weapon}
17463	Highland Frayed {weapon}
17482	Duskwood Patched Riot Shield
17508	Lordaeron Mountain-Infantry Riot Shield
17523	Silverpine Field-Reinforced Camouflage Cape
17562	Duskwood Night-Operations Patrol Boots
17563	Redridge Siege-Engineer Wrist Guards
17564	Duskwood Assault-Team Combat Gloves
17565	Duskwood Counter-Sniper Utility Belt
17566	Duskwood Rapid-Response Combat Helmet
17567	Stormwind Commando Combat Trousers
17568	Westfall Airborne Field Jacket
17569	Duskwood Deep-Patrol Shoulder Harness
17570	Duskwood Assault-Team Combat Helmet
17571	Stormwind Breach-Team Combat Trousers
17572	Westfall Long-Range Field Jacket
17573	Duskwood Border-Guard Shoulder Harness
17574	Duskwood Commando Utility Belt
17575	Redridge Deep-Patrol Wrist Guards
17576	Duskwood Special-Recon Patrol Boots
17577	Stormwind Commando Combat Gloves
17578	Westfall Obsidian Guard Combat Helmet
17579	Westfall Kingsguard Combat Trousers
17580	Westfall Obsidian Guard Shoulder Harness
17581	Wolfpack Field Jacket
17582	Westfall Ghost Division Wrist Guards
17583	Westfall Kingsguard Patrol Boots
17584	Westfall Kingsguard Combat Gloves
17585	Westfall Ghost Division Utility Belt
17586	Westfall Wolfpack Patrol Boots
17587	Westfall Siegebreaker Wrist Guards
17588	Westfall Wolfpack Combat Gloves
17589	Westfall Siegebreaker Utility Belt
17590	Westfall War Council Shoulder Harness
17591	Westfall War Council Combat Helmet
17592	Iron Covenant Field Jacket
17593	Westfall Wolfpack Combat Trousers
17594	Duskwood Marine Patrol Boots
17595	Redridge Border-Guard Wrist Guards
17596	Stormwind Airborne Combat Gloves
17597	Duskwood Airborne Utility Belt
17598	Duskwood Combat-Rescue Combat Helmet
17599	Stormwind Night-Operations Combat Trousers
17600	Westfall Breach-Team Field Jacket
17601	Duskwood Rapid-Response Shoulder Harness
17602	Westfall Dawn Brigade Combat Helmet
17603	Westfall Iron Covenant Combat Trousers
17604	Westfall Dawn Brigade Shoulder Harness
17605	Northshire Obsidian Guard Field Jacket
17606	Westfall Dreadnought Wrist Guards
17607	Westfall Iron Covenant Patrol Boots
17608	Westfall Iron Covenant Combat Gloves
17609	Westfall Dreadnought Utility Belt
17610	Duskwood Counter-Sniper Combat Helmet
17611	Stormwind Special-Recon Combat Trousers
17612	Westfall Night-Operations Field Jacket
17613	Duskwood Assault-Team Shoulder Harness
17614	Duskwood Long-Range Utility Belt
17615	Duskwood Counter-Sniper Wrist Guards
17616	Duskwood Siege-Engineer Patrol Boots
17617	Stormwind Long-Range Combat Gloves
17618	Westfall Obsidian Guard Patrol Boots
17619	Westfall Storm Guard Wrist Guards
17620	Westfall Obsidian Guard Combat Gloves
17621	Westfall Storm Guard Utility Belt
17622	Westfall Praetorian Shoulder Harness
17623	Westfall Siegebreaker Combat Helmet
17624	Northshire War Council Field Jacket
17625	Westfall Obsidian Guard Combat Trousers
17686	Winterspring Sentinel {weapon}
17687	Winterspring Pathfinder {weapon}
17688	Theramore Trailblazer Patrol Boots
17690	Wolfpack Field Device
17691	Northshire Trailblazer Field Device
17692	Elwynn Ranger-Issue Service Signet
17694	Elwynn Forward-Observer Service Signet
17695	Arathi Field-Reinforced Shoulder Harness
17704	Winterspring Expedition {weapon}
17705	Orgrimmar Combat-Rescue {weapon}
17707	Westfall Marine Service Pendant
17710	Orgrimmar Siege-Engineer {weapon}
17711	Stormwind Rapid-Response Combat Trousers
17713	Redridge Marine Service Signet
17714	Duskwood Border-Guard Wrist Guards
17715	Duskwood Vanguard Combat Helmet
17717	Orgrimmar Assault-Team {weapon}
17718	Westfall Assault-Team Riot Shield
17719	Orgrimmar Counter-Sniper {weapon}
17721	Barrens Outrider Combat Gloves
17723	Redridge Training Field Shirt
17728	Duskwood Deep-Patrol Patrol Boots
17730	Orgrimmar Vanguard {weapon}
17732	Duskwood Combat-Rescue Shoulder Harness
17733	Orgrimmar Tunnel-Raider {weapon}
17734	Stormwind Border-Guard Combat Helmet
17736	Stormwind Deep-Patrol Combat Gloves
17737	Northshire Special-Recon Command Manual
17738	Thunder Bluff Airborne {weapon}
17739	Westfall Border-Guard Camouflage Cape
17740	Stormwind Marine Combat Helmet
17741	Westfall Marine Field Jacket
17742	Northshire Siege-Engineer Recon Vest
17743	Thunder Bluff Tunnel-Raider {weapon}
17744	Northshire Night-Operations Field Device
17745	Thunder Bluff Marine {weapon}
17746	Duskwood Siege-Engineer Wrist Guards
17748	Duskwood Border-Guard Patrol Boots
17749	Stormwind Special-Recon Shoulder Harness
17750	Menethil Field-Reinforced Utility Belt
17751	Durotar Forward-Observer Combat Trousers
17752	Thunder Bluff Long-Range {weapon}
17753	Thunder Bluff Siege-Engineer {weapon}
17754	Stormwind Marine Combat Trousers
17755	Duskwood Breach-Team Utility Belt
17759	Northshire Sapper Field Device
17766	Thunder Bluff Assault-Team {weapon}
17767	Stormwind Siege-Engineer Combat Helmet
17768	Lakeshire Mountain-Infantry Service Signet
17769	Arathi Ranger-Issue Shoulder Harness
17770	Barrens Campaign Combat Gloves
17772	Redridge Mountain-Infantry Service Pendant
17773	Redridge Hardened Service Pendant
17774	Northshire Hardened Field Device
17775	Alterac Hardened Field Jacket
17776	Silverpine Veteran Combat Helmet
17777	Ironforge Outrider Armored Vest
17778	Menethil Veteran Utility Belt
17779	Arathi Pathfinder Shoulder Harness
17780	Redridge Last Bastion {weapon}
17782	Eternal Watch Service Pendant
17783	Stormbound Service Pendant
17802	Unbroken Line {weapon}
17900	Northshire Sentinel Field Device
17901	Northshire Mountain-Infantry Field Device
17902	Northshire Special-Recon Field Device
17903	Northshire Marine Field Device
17904	War Council Field Device
17905	Northshire Veteran Field Device
17906	Northshire Ranger-Issue Field Device
17907	Northshire Siege-Engineer Field Device
17908	Northshire Deep-Patrol Field Device
17909	Dawn Brigade Field Device
17922	Elwynn Trailblazer Recon Vest
17942	Highland Battle-Worn {weapon}
17943	Thunder Bluff Border-Guard {weapon}
17982	Redridge Airborne Service Signet
18002	Highland Mud-Stained {weapon}
18022	Redridge Commando Service Signet
18023	Westfall Assault-Team Service Pendant
18043	Duskwood Assault-Team Patrol Boots
18044	Thunder Bluff Counter-Sniper {weapon}
18047	Duskwood Rapid-Response Patrol Boots
18048	Thunder Bluff Commando {weapon}
18062	Highland Sun-Faded {weapon}
18082	Thunder Bluff Rapid-Response {weapon}
18083	Stormwind Breach-Team Combat Gloves
18102	Stormwind Commando Patrol Boots
18103	Redridge Long-Range Service Signet
18104	Duskwood Night-Operations Utility Belt
18122	Highland Tattered {weapon}
18123	Highland Weathered {weapon}
18161	Elwynn Field-Ready Patrol Boots
18162	Elwynn Toughened Patrol Boots
18163	Elwynn Padded Patrol Boots
18164	Lakeshire Strengthened Patrol Boots
18165	Lakeshire Reinforced Patrol Boots
18166	Duskwood Frayed Riot Shield
18167	Highland Salvaged {weapon}
18168	Last Bastion Riot Shield
18202	Redridge Blackwatch {weapon}
18203	Redridge Iron Vanguard {weapon}
18204	Siegebreaker Camouflage Cape
18205	Last Bastion Service Pendant
18208	Dreadnought Camouflage Cape
18238	Stormwind Rapid-Response Combat Gloves
18263	Westfall Iron Vanguard Wrist Guards
18282	Redridge Dreadnought {weapon}
18289	Westfall Deep-Patrol Service Pendant
18293	Highland Salt-Worn {weapon}
18295	Stormwind Deep-Patrol Patrol Boots
18296	Duskwood Assault-Team Wrist Guards
18298	Stormwind Assault-Team Combat Trousers
18301	Winterspring Stormproof {weapon}
18302	Lakeshire Shock-Trooper Service Signet
18303	Lordaeron Hardened Riot Shield
18304	Ironforge Shock-Trooper Armored Vest
18305	Durotar Veteran Combat Trousers
18306	Barrens Field-Reinforced Combat Gloves
18307	Theramore Field-Reinforced Patrol Boots
18308	Silverpine Trailblazer Combat Helmet
18309	Stormwind Counter-Sniper Combat Gloves
18310	Thunder Bluff Breach-Team {weapon}
18311	Thunder Bluff Night-Operations {weapon}
18312	Northshire Tunnel-Raider Assault Vest
18313	Stormwind Vanguard Combat Helmet
18314	Redridge Breach-Team Service Signet
18315	Redridge Night-Operations Service Signet
18316	Northshire Rapid-Response Command Manual
18317	Westfall Rapid-Response Service Pendant
18318	Stormwind Vanguard Patrol Boots
18319	Stormwind Counter-Sniper Combat Helmet
18320	Stormwind Counter-Sniper Shoulder Harness
18321	Thunder Bluff Special-Recon {weapon}
18322	Stormwind Combat-Rescue Patrol Boots
18323	Thunder Bluff Combat-Rescue {weapon}
18324	Thunder Bluff Vanguard {weapon}
18325	Stormwind Combat-Rescue Combat Helmet
18326	Stormwind Tunnel-Raider Combat Gloves
18327	Duskwood Special-Recon Utility Belt
18328	Westfall Rapid-Response Camouflage Cape
18337	Arathi Sentinel Wrist Guards
18338	Thunder Bluff Deep-Patrol {weapon}
18339	Silverpine Mountain-Infantry Camouflage Cape
18340	Westfall Combat-Rescue Service Pendant
18341	Menethil Trailblazer Utility Belt
18342	Westfall Airborne Riot Shield
18343	Lakeshire Field-Reinforced Service Signet
18344	Stormwind Vanguard Combat Gloves
18345	Lakeshire Trailblazer Service Signet
18346	Durotar Sapper Combat Trousers
18347	Winterspring Forward-Observer {weapon}
18348	Redridge Siegebreaker {weapon}
18349	Barrens Shock-Trooper Combat Gloves
18350	Silverpine Hardened Camouflage Cape
18351	Arathi Veteran Wrist Guards
18352	Lordaeron Pathfinder Riot Shield
18353	Winterspring Shock-Trooper {weapon}
18354	Northshire Border-Guard Field Device
18355	Northshire Rapid-Response Field Device
18366	Stormwind Night-Operations Combat Gloves
18367	Stormwind Special-Recon Combat Gloves
18368	Stormwind Marine Combat Gloves
18369	Stormwind Siege-Engineer Combat Gloves
18370	Northshire Assault-Team Field Device
18371	Westfall Counter-Sniper Field Device
18372	Stonetalon Counter-Sniper {weapon}
18373	Northshire Deep-Patrol Recon Vest
18374	Stormwind Commando Shoulder Harness
18375	Duskwood Commando Wrist Guards
18376	Stonetalon Long-Range {weapon}
18377	Stormwind Border-Guard Combat Gloves
18378	Stormwind Siege-Engineer Combat Trousers
18379	Stormwind Airborne Patrol Boots
18380	Stormwind Deep-Patrol Combat Trousers
18381	Westfall Commando Service Pendant
18382	Redridge Tunnel-Raider Camouflage Cape
18383	Stormwind Assault-Team Combat Gloves
18384	Stormwind Long-Range Shoulder Harness
18385	Westfall Tunnel-Raider Field Jacket
18386	Stormwind Vanguard Combat Trousers
18387	Stormwind Combat-Rescue Combat Gloves
18388	Stonetalon Commando {weapon}
18389	Redridge Commando Camouflage Cape
18390	Stormwind Tunnel-Raider Combat Trousers
18391	Duskwood Marine Utility Belt
18392	Stonetalon Vanguard {weapon}
18393	Duskwood Siege-Engineer Utility Belt
18394	Duskwood Airborne Wrist Guards
18395	Redridge Special-Recon Service Signet
18396	Stonetalon Special-Recon {weapon}
18397	Westfall Airborne Service Pendant
18398	Redridge Siege-Engineer Service Signet
18399	Redridge Deep-Patrol Service Signet
18400	Lakeshire Outrider Service Signet
18402	Lakeshire Sapper Service Signet
18403	War Council Service Signet
18404	Iron Covenant Service Pendant
18405	Westfall Praetorian Utility Belt
18406	Obsidian Guard Field Device
18407	Ironforge Tunnel-Raider Combat Gloves
18408	Ironforge Commando Combat Gloves
18409	Ironforge Airborne Combat Gloves
18410	Winterspring Field-Reinforced {weapon}
18411	Theramore Sapper Patrol Boots
18413	Redridge Airborne Camouflage Cape
18419	Highland Worn {weapon}
18420	Stonetalon Night-Operations {weapon}
18421	Stormwind Long-Range Combat Helmet
18424	Stormwind Long-Range Patrol Boots
18425	Ironforge Sentinel Command Manual
18427	Redridge Night-Operations Camouflage Cape
18428	Westfall Long-Range Service Pendant
18429	Duskwood Breach-Team Wrist Guards
18430	Duskwood Marine Wrist Guards
18432	Duskwood Special-Recon Wrist Guards
18434	Duskwood Long-Range Wrist Guards
18435	Duskwood Night-Operations Wrist Guards
18436	Duskwood Deep-Patrol Wrist Guards
18437	Duskwood Rapid-Response Wrist Guards
18438	Westfall Deep-Patrol Field Device
18439	Redridge Long-Range Camouflage Cape
18440	Redridge Special-Recon Camouflage Cape
18441	Redridge Breach-Team Camouflage Cape
18442	Westfall Breach-Team Service Pendant
18443	Westfall Night-Operations Service Pendant
18444	Westfall Special-Recon Service Pendant
18445	Duskwood Combat-Rescue Wrist Guards
18447	Duskwood Vanguard Wrist Guards
18448	Duskwood Tunnel-Raider Wrist Guards
18449	Stormwind Special-Recon Wrist Guards
18450	Alterac Sapper Field Jacket
18451	Menethil Mountain-Infantry Utility Belt
18452	Stormwind Airborne Wrist Guards
18453	Stormwind Night-Operations Wrist Guards
18454	Stormwind Long-Range Wrist Guards
18455	Stormwind Marine Wrist Guards
18456	Stormwind Commando Wrist Guards
18457	Stormwind Breach-Team Wrist Guards
18458	Arathi Mountain-Infantry Wrist Guards
18459	Arathi Hardened Wrist Guards
18460	Winterspring Trailblazer {weapon}
18461	Redridge Marine Camouflage Cape
18462	Eastern Watch Outrider {weapon}
18463	Eastern Watch Pathfinder {weapon}
18464	Lakeshire Sentinel Service Signet
18465	Westfall Vanguard Field Device
18466	Westfall Tunnel-Raider Field Device
18467	Westfall Commando Field Device
18468	Westfall Airborne Field Device
18469	Westfall Long-Range Field Device
18470	Westfall Breach-Team Field Device
18471	Westfall Night-Operations Field Device
18472	Westfall Special-Recon Field Device
18473	Westfall Marine Field Device
18475	Menethil Hardened Utility Belt
18476	Theramore Sentinel Patrol Boots
18477	Durotar Pathfinder Combat Trousers
18478	Elwynn Veteran Recon Vest
18479	Silverpine Mountain-Infantry Combat Helmet
18480	Silverpine Hardened Combat Helmet
18481	Eastern Watch Veteran {weapon}
18482	Eastern Watch Sentinel {weapon}
18483	Stonetalon Airborne {weapon}
18484	Stonetalon Marine {weapon}
18485	Westfall Breach-Team Riot Shield
18486	Westfall Vanguard Field Jacket
18490	Stormwind Tunnel-Raider Combat Helmet
18491	Stonetalon Deep-Patrol {weapon}
18493	Stormwind Airborne Shoulder Harness
18494	Stormwind Tunnel-Raider Shoulder Harness
18495	Redridge Siege-Engineer Camouflage Cape
18496	Redridge Counter-Sniper Camouflage Cape
18497	Stormwind Counter-Sniper Wrist Guards
18498	Stonetalon Combat-Rescue {weapon}
18499	Westfall Night-Operations Riot Shield
18500	Redridge Border-Guard Service Signet
18502	Stonetalon Siege-Engineer {weapon}
18503	Northshire Long-Range Assault Vest
18504	Duskwood Deep-Patrol Utility Belt
18505	Duskwood Border-Guard Utility Belt
18506	Stormwind Breach-Team Patrol Boots
18507	Stormwind Tunnel-Raider Patrol Boots
18508	Stormwind Siege-Engineer Wrist Guards
18509	Praetorian Camouflage Cape
18510	Blackwatch Camouflage Cape
18511	Iron Vanguard Camouflage Cape
18520	Stonetalon Border-Guard {weapon}
18521	Stormwind Night-Operations Patrol Boots
18522	Redridge Rapid-Response Service Signet
18523	Northshire Night-Operations Command Manual
18524	Stormwind Border-Guard Combat Trousers
18525	Stormwind Deep-Patrol Wrist Guards
18526	Stormwind Commando Combat Helmet
18527	Ironforge Long-Range Combat Gloves
18528	Stormwind Breach-Team Shoulder Harness
18529	Duskwood Rapid-Response Utility Belt
18530	Westfall Airborne Armored Vest
18531	Stonetalon Breach-Team {weapon}
18532	Westfall Siege-Engineer Field Jacket
18533	Stormwind Border-Guard Wrist Guards
18534	Stonetalon Rapid-Response {weapon}
18535	Westfall Long-Range Riot Shield
18536	Northshire Marine Command Manual
18537	Westfall Siege-Engineer Field Device
18538	Redridge Iron Covenant {weapon}
18541	Last Bastion Camouflage Cape
18542	Redridge War Council {weapon}
18543	Ghost Division Service Signet
18544	Westfall War Council Combat Gloves
18545	Westfall Nightfall Combat Trousers
18546	Westfall Kingsguard Combat Helmet
18547	Westfall Obsidian Guard Utility Belt
18582	Last Battalion {weapon}
18583	Warbringer {weapon}
18584	Sovereign Guard {weapon}
18585	Duskwood Breach-Team Service Signet
18586	Duskwood Night-Operations Service Signet
18596	Highland Discarded {weapon}
18602	Northshire Siege-Engineer Command Manual
18608	Redridge Obsidian Guard {weapon}
18609	Duskwood Storm Guard {weapon}
18610	Dun Morogh Training {weapon}
18611	Duskwood Strengthened Combat Trousers
18612	Lakeshire Insulated Patrol Boots
18644	Lowland Tattered {weapon}
18646	Shadow Regiment Field Device
18665	Blackwatch Field Device
18671	Stonetalon Tunnel-Raider {weapon}
18672	Ironforge Field-Reinforced Command Manual
18673	Westfall Special-Recon Riot Shield
18674	Lakeshire Hardened Service Signet
18676	Duskwood Assault-Team Utility Belt
18677	Silverpine Ranger-Issue Camouflage Cape
18678	Westfall Siege-Engineer Service Pendant
18679	Lakeshire Veteran Service Signet
18680	Stonetalon Assault-Team {weapon}
18681	Stormwind Vanguard Shoulder Harness
18682	Stormwind Combat-Rescue Combat Trousers
18683	Ashenvale Airborne {weapon}
18684	Duskwood Counter-Sniper Service Signet
18686	Stormwind Night-Operations Shoulder Harness
18689	Redridge Deep-Patrol Camouflage Cape
18690	Stormwind Counter-Sniper Combat Trousers
18691	Westfall Border-Guard Service Pendant
18692	Stormwind Special-Recon Patrol Boots
18693	Ironforge Breach-Team Combat Gloves
18694	Stormwind Marine Patrol Boots
18695	Westfall Vanguard Command Manual
18696	Westfall Marine Riot Shield
18697	Stormwind Border-Guard Patrol Boots
18698	Stormwind Rapid-Response Combat Helmet
18699	Stormwind Assault-Team Shoulder Harness
18700	Stormwind Combat-Rescue Wrist Guards
18701	Duskwood Assault-Team Service Signet
18702	Stormwind Commando Utility Belt
18709	Stormwind Rapid-Response Wrist Guards
18710	Stormwind Assault-Team Wrist Guards
18711	Stormwind Vanguard Wrist Guards
18712	Stormwind Tunnel-Raider Wrist Guards
18713	Duskwood Dawn Brigade {weapon}
18715	Duskwood Nightfall {weapon}
18716	Stormwind Siege-Engineer Patrol Boots
18717	Ashenvale Night-Operations {weapon}
18718	Stormwind Breach-Team Combat Helmet
18720	Stormwind Marine Shoulder Harness
18721	Stormwind Airborne Utility Belt
18722	Ironforge Night-Operations Combat Gloves
18723	Redridge Vanguard Service Pendant
18725	Ashenvale Long-Range {weapon}
18726	Ironforge Counter-Sniper Wrist Guards
18727	Stormwind Airborne Combat Helmet
18728	Redridge Combat-Rescue Service Pendant
18729	Ashenvale Vanguard {weapon}
18730	Ironforge Counter-Sniper Combat Gloves
18732	Padded Unit Tabard
18733	Insulated Unit Tabard
18734	Redridge Border-Guard Camouflage Cape
18735	Stormwind Rapid-Response Patrol Boots
18736	Ironforge Commando Combat Trousers
18737	Ashenvale Tunnel-Raider {weapon}
18738	Ashenvale Commando {weapon}
18739	Ironforge Airborne Combat Trousers
18740	Stormwind Vanguard Utility Belt
18741	Ironforge Airborne Wrist Guards
18742	Stormwind Siege-Engineer Shoulder Harness
18743	Redridge Combat-Rescue Camouflage Cape
18744	Ironforge Combat-Rescue Combat Gloves
18745	Ironforge Rapid-Response Combat Trousers
18747	Stormwind Deep-Patrol Shoulder Harness
18754	Ironforge Long-Range Wrist Guards
18755	Ashenvale Breach-Team {weapon}
18756	Westfall Siege-Engineer Riot Shield
18757	Stormwind Border-Guard Shoulder Harness
18758	Ashenvale Counter-Sniper {weapon}
18759	Ashenvale Special-Recon {weapon}
18760	Duskwood Vanguard Service Signet
18761	Ashenvale Marine {weapon}
18762	Westfall Marine Command Manual
18763	Eastern Watch Campaign {weapon}
18764	Eastern Watch Frontline {weapon}
18765	Eastern Watch Shock-Trooper {weapon}
18800	Duskwood Last Bastion {weapon}
18801	Duskwood Kingsguard {weapon}
18803	Duskwood Obsidian Guard {weapon}
18805	Duskwood Wolfpack {weapon}
18806	Westfall War Council Patrol Boots
18807	Stormwind Night-Operations Combat Helmet
18808	Westfall Last Bastion Combat Gloves
18809	Westfall Kingsguard Utility Belt
18810	Westfall Wolfpack Shoulder Harness
18811	Kingsguard Camouflage Cape
18812	Westfall Iron Covenant Wrist Guards
18813	Wolfpack Service Signet
18814	Shadow Regiment Service Pendant
18815	Iron Vanguard Field Device
18816	Duskwood War Council {weapon}
18817	Westfall Dreadnought Combat Helmet
18820	Ghost Division Field Device
18821	Siegebreaker Service Signet
18822	Duskwood Shadow Regiment {weapon}
18823	Westfall Dawn Brigade Combat Gloves
18824	Westfall Shadow Regiment Patrol Boots
18825	Storm Guard Riot Shield
18826	Nightfall Riot Shield
18827	Duskwood Praetorian {weapon}
18828	Duskwood Blackwatch {weapon}
18829	Westfall Iron Covenant Shoulder Harness
18830	Duskwood Iron Vanguard {weapon}
18831	Duskwood Ghost Division {weapon}
18832	Duskwood Siegebreaker {weapon}
18833	Duskwood Dreadnought {weapon}
18834	Westfall Border-Guard Field Device
18835	Duskwood Iron Covenant {weapon}
18836	Stormwind Blackwatch {weapon}
18837	Stormwind Iron Vanguard {weapon}
18838	Stormwind Dawn Brigade {weapon}
18840	Stormwind Shadow Regiment {weapon}
18842	Stormwind Ghost Division {weapon}
18843	Stormwind Obsidian Guard {weapon}
18844	Stormwind War Council {weapon}
18845	Westfall Rapid-Response Field Device
18846	Westfall Assault-Team Field Device
18847	Stormwind Praetorian {weapon}
18848	Stormwind Siegebreaker {weapon}
18849	Westfall Combat-Rescue Field Device
18850	Redridge Commando Field Device
18851	Redridge Airborne Field Device
18852	Redridge Long-Range Field Device
18853	Redridge Breach-Team Field Device
18854	Redridge Night-Operations Field Device
18855	Stormwind Dreadnought {weapon}
18856	Redridge Special-Recon Field Device
18857	Redridge Marine Field Device
18858	Redridge Siege-Engineer Field Device
18859	Redridge Deep-Patrol Field Device
18860	Stormwind Storm Guard {weapon}
18861	Westfall Siegebreaker Combat Trousers
18862	Redridge Border-Guard Field Device
18863	Redridge Rapid-Response Field Device
18864	Redridge Assault-Team Field Device
18865	Stormwind Nightfall {weapon}
18866	Stormwind Last Bastion {weapon}
18867	Stormwind Kingsguard {weapon}
18868	Stormwind Wolfpack {weapon}
18869	Stormwind Iron Covenant {weapon}
18870	Westfall Storm Guard Combat Helmet
18871	Ironforge Dreadnought {weapon}
18872	Westfall Dreadnought Combat Trousers
18873	Ironforge Kingsguard {weapon}
18874	Ironforge Wolfpack {weapon}
18875	Westfall Storm Guard Combat Trousers
18876	Ironforge Nightfall {weapon}
18877	Ironforge Last Bastion {weapon}
18878	Ironforge Blackwatch {weapon}
18879	Heavy-Duty Service Signet
18881	Stormbound {weapon}
18882	Ironforge Iron Covenant {weapon}
18948	Ironforge Breach-Team Wrist Guards
18951	Northshire Pathfinder Field Device
18957	Eastern Watch Ranger-Issue {weapon}
18968	Blackwatch Service Signet
18970	Storm Guard Service Signet
18971	Last Bastion Service Signet
18982	Kingsguard Service Signet
18983	Lowland Salvaged {weapon}
18984	Northshire Campaign Field Device
18985	Lowland Worn {weapon}
18986	Northshire Stormproof Field Device
19014	Lowland Scuffed {weapon}
19015	Lowland Patched {weapon}
19019	Iron Legacy {weapon}
19022	Eastern Watch Expedition {weapon}
19024	Redridge Combat-Rescue Field Device
19028	Standard Tactical Vest
19031	Wolfpack Unit Tabard
19032	Service Unit Tabard
19037	Arathi Stormproof Shoulder Harness
19038	Lakeshire Ranger-Issue Service Signet
19039	Silverpine Ranger-Issue Combat Helmet
19040	Eastern Watch Field-Reinforced {weapon}
19041	Elwynn Ranger-Issue Recon Vest
19042	Elwynn Stormproof Recon Vest
19043	Stormwind Counter-Sniper Utility Belt
19044	Stormwind Combat-Rescue Utility Belt
19047	Stormwind Assault-Team Utility Belt
19048	Stormwind Assault-Team Patrol Boots
19049	Ironforge Special-Recon Combat Gloves
19050	Stormwind Rapid-Response Shoulder Harness
19051	Stormwind Tunnel-Raider Utility Belt
19052	Stormwind Counter-Sniper Patrol Boots
19053	Lowland Frayed {weapon}
19056	Ironforge Assault-Team Patrol Boots
19057	Ironforge Marine Combat Gloves
19058	Stormwind Combat-Rescue Shoulder Harness
19059	Ironforge Airborne Shoulder Harness
19065	Duskwood Combat-Rescue Service Signet
19083	Redridge Vanguard Camouflage Cape
19084	Redridge Rapid-Response Camouflage Cape
19085	Redridge Assault-Team Camouflage Cape
19086	Duskwood Counter-Sniper Camouflage Cape
19087	Stormwind Long-Range Utility Belt
19088	Stormwind Breach-Team Utility Belt
19089	Stormwind Night-Operations Utility Belt
19090	Stormwind Special-Recon Utility Belt
19091	Stormwind Marine Utility Belt
19092	Stormwind Siege-Engineer Utility Belt
19093	Stormwind Deep-Patrol Utility Belt
19094	Stormwind Border-Guard Utility Belt
19095	Redridge Counter-Sniper Service Pendant
19096	Redridge Tunnel-Raider Service Pendant
19097	Redridge Commando Service Pendant
19098	Redridge Airborne Service Pendant
19099	Ashenvale Siege-Engineer {weapon}
19100	Ashenvale Deep-Patrol {weapon}
19101	Ashenvale Assault-Team {weapon}
19102	Ashenvale Combat-Rescue {weapon}
19103	Ashenvale Border-Guard {weapon}
19104	Ashenvale Rapid-Response {weapon}
19105	Stormwind Special-Recon Combat Helmet
19106	Desolace Special-Recon {weapon}
19107	Desolace Airborne {weapon}
19108	Desolace Long-Range {weapon}
19109	Duskwood Tunnel-Raider Service Signet
19110	Desolace Marine {weapon}
19111	Ironforge Long-Range Shoulder Harness
19112	Ironforge Night-Operations Wrist Guards
19113	Ironforge Special-Recon Wrist Guards
19114	Eastern Watch Forward-Observer {weapon}
19115	Ironforge Pathfinder Command Manual
19116	Durotar Pathfinder Combat Gloves
19117	Durotar Frontline Combat Trousers
19118	Eastern Watch Trailblazer {weapon}
19119	Durotar Stormproof Combat Gloves
19120	Northshire Forward-Observer Field Device
19121	Duskwood Night-Operations Camouflage Cape
19123	Durotar Veteran Combat Gloves
19124	Durotar Outrider Combat Trousers
19125	Menethil Pathfinder Utility Belt
19126	Durotar Forward-Observer Combat Gloves
19127	Elwynn Forward-Observer Recon Vest
19128	Elwynn Forward-Observer Armored Vest
19129	Alterac Ranger-Issue Field Jacket
19130	Ironforge Obsidian Guard {weapon}
19131	Westfall Nightfall Patrol Boots
19132	Westfall Nightfall Combat Helmet
19133	Westfall War Council Combat Trousers
19134	Westfall Nightfall Utility Belt
19135	Westfall Nightfall Wrist Guards
19136	Westfall Wolfpack Utility Belt
19137	Westfall Last Bastion Utility Belt
19138	Northshire Shadow Regiment Service Signet
19139	Westfall Blackwatch Shoulder Harness
19140	Northshire Last Bastion Service Signet
19141	Northshire Expedition Field Device
19142	Nightfall Command Manual
19143	Westfall Shadow Regiment Combat Gloves
19144	Westfall Last Bastion Patrol Boots
19145	Northshire Siegebreaker Field Jacket
19146	Westfall Last Bastion Wrist Guards
19147	Northshire Ghost Division Service Signet
19148	Westfall Last Bastion Combat Helmet
19149	Westfall Iron Covenant Utility Belt
19156	Northshire Dreadnought Field Jacket
19157	Westfall Siegebreaker Combat Gloves
19158	Northshire Oathkeeper {weapon}
19159	Redridge Breach-Team Service Pendant
19160	Training Unit Tabard
19162	Westfall War Council Utility Belt
19163	Westfall Dawn Brigade Utility Belt
19164	Westfall Dreadnought Combat Gloves
19165	Westfall Last Bastion Combat Trousers
19166	Ironforge Iron Vanguard {weapon}
19167	Ironforge War Council {weapon}
19168	Ironforge Dawn Brigade {weapon}
19169	Ironforge Shadow Regiment {weapon}
19170	Ironforge Praetorian {weapon}
19184	Desolace Commando {weapon}
19185	Desolace Breach-Team {weapon}
19186	Desolace Night-Operations {weapon}
19187	Desolace Siege-Engineer {weapon}
19188	Desolace Deep-Patrol {weapon}
19189	Desolace Border-Guard {weapon}
19190	Desolace Rapid-Response {weapon}
19191	Desolace Assault-Team {weapon}
19192	Desolace Combat-Rescue {weapon}
19193	Desolace Counter-Sniper {weapon}
19194	Desolace Vanguard {weapon}
19195	Desolace Tunnel-Raider {weapon}
19196	Tanaris Commando {weapon}
19197	Tanaris Airborne {weapon}
19198	Tanaris Long-Range {weapon}
19199	Tanaris Breach-Team {weapon}
19200	Tanaris Night-Operations {weapon}
19201	Tanaris Special-Recon {weapon}
19214	Lowland Weathered {weapon}
19226	Lowland Mud-Stained {weapon}
19287	Siegebreaker Field Device
19288	Dreadnought Field Device
19289	Storm Guard Field Device
19290	Nightfall Field Device
19292	Dun Morogh Toughened {weapon}
19293	Dun Morogh Insulated {weapon}
19294	Northshire Militia-Issue Command Manual
19295	Northshire Field-Ready Command Manual
19302	Duskwood Siege-Engineer Service Signet
19303	Redridge Siege-Engineer Service Pendant
19308	Iron Vanguard Command Manual
19309	Ghost Division Command Manual
19310	Siegebreaker Command Manual
19311	Dreadnought Command Manual
19312	Storm Guard Command Manual
19313	Tanaris Vanguard {weapon}
19314	Tanaris Tunnel-Raider {weapon}
19315	Last Bastion Command Manual
19321	Iron Covenant Riot Shield
19323	Ironforge Ghost Division {weapon}
19324	Ironforge Siegebreaker {weapon}
19325	Northshire Iron Vanguard Service Signet
19334	Ironforge Storm Guard {weapon}
19335	Elwynn Dawn Brigade {weapon}
19336	Northshire War Council Field Device
19337	Northshire Dawn Brigade Field Device
19339	Northshire Shadow Regiment Field Device
19340	Northshire Praetorian Field Device
19341	Northshire Blackwatch Field Device
19342	Northshire Iron Vanguard Field Device
19343	Northshire Ghost Division Field Device
19344	Northshire Siegebreaker Field Device
19345	Northshire Dreadnought Field Device
19346	Elwynn Wolfpack {weapon}
19347	Elwynn War Council {weapon}
19348	Blackwatch Riot Shield
19349	Siegebreaker Riot Shield
19350	Elwynn Shadow Regiment {weapon}
19351	Elwynn Ghost Division {weapon}
19352	Elwynn Dreadnought {weapon}
19353	Elwynn Praetorian {weapon}
19354	Elwynn Kingsguard {weapon}
19355	Elwynn Storm Guard {weapon}
19356	Elwynn Obsidian Guard {weapon}
19357	Elwynn Blackwatch {weapon}
19358	Elwynn Iron Vanguard {weapon}
19359	Elwynn Siegebreaker {weapon}
19360	Elwynn Nightfall {weapon}
19361	Elwynn Last Bastion {weapon}
19362	Elwynn Iron Covenant {weapon}
19363	Lakeshire Iron Vanguard {weapon}
19364	Lakeshire Wolfpack {weapon}
19365	Lakeshire Kingsguard {weapon}
19366	Kingsguard Command Manual
19367	Lakeshire Shadow Regiment {weapon}
19368	Lakeshire Praetorian {weapon}
19369	Westfall Storm Guard Combat Gloves
19370	Westfall Ghost Division Shoulder Harness
19371	Obsidian Guard Service Pendant
19372	Westfall Wolfpack Combat Helmet
19373	Westfall Siegebreaker Shoulder Harness
19374	Westfall War Council Wrist Guards
19375	Westfall Iron Covenant Combat Helmet
19376	Northshire Siegebreaker Service Signet
19377	Nightfall Service Pendant
19378	Storm Guard Camouflage Cape
19379	Northshire Storm Guard Field Device
19380	Westfall Blackwatch Utility Belt
19381	Westfall Storm Guard Patrol Boots
19382	Northshire Dreadnought Service Signet
19383	Kingsguard Service Pendant
19384	Northshire Storm Guard Service Signet
19385	Westfall Shadow Regiment Combat Trousers
19386	Shadow Regiment Camouflage Cape
19387	Westfall Iron Vanguard Patrol Boots
19388	Westfall Iron Vanguard Utility Belt
19389	Westfall Dreadnought Shoulder Harness
19390	Redridge Praetorian Combat Gloves
19391	Westfall Praetorian Patrol Boots
19392	Redridge Iron Vanguard Utility Belt
19393	Redridge Blackwatch Utility Belt
19394	Westfall Storm Guard Shoulder Harness
19395	Northshire Obsidian Guard Field Device
19396	Redridge Dawn Brigade Utility Belt
19397	Northshire Obsidian Guard Service Signet
19398	Nightfall Camouflage Cape
19399	Northshire Dawn Brigade Field Jacket
19400	Redridge War Council Utility Belt
19401	Westfall Dawn Brigade Combat Trousers
19402	Redridge Praetorian Combat Trousers
19403	Northshire War Council Service Signet
19404	Lowland Salt-Worn {weapon}
19405	Siegebreaker Recon Vest
19406	Northshire Nightfall Field Device
19407	Redridge War Council Combat Gloves
19426	Ghost Division Service Pendant
19427	Tanaris Marine {weapon}
19428	Tanaris Siege-Engineer {weapon}
19430	Northshire War Council Camouflage Cape
19431	Northshire Last Bastion Field Device
19432	Northshire Dawn Brigade Service Signet
19433	Redridge Shadow Regiment Combat Trousers
19434	Northshire Nightfall Service Signet
19435	Lakeshire Iron Covenant {weapon}
19436	Northshire Last Bastion Camouflage Cape
19437	Westfall Ghost Division Patrol Boots
19438	Westfall Siegebreaker Patrol Boots
19439	Iron Covenant Recon Vest
19455	Lakeshire Last Bastion {weapon}
19456	Lakeshire Obsidian Guard {weapon}
19457	Lakeshire War Council {weapon}
19485	Lowland Battle-Worn {weapon}
19486	Lowland Sun-Faded {weapon}
19487	Lowland Discarded {weapon}
19488	Coastal Frayed {weapon}
19489	Tanaris Deep-Patrol {weapon}
19490	Tanaris Border-Guard {weapon}
19491	Dawn Brigade Service Pendant
19502	Tanaris Rapid-Response {weapon}
19503	Lakeshire Dawn Brigade {weapon}
19504	Lakeshire Blackwatch {weapon}
19505	Rugged Unit Tabard
19506	Militia-Issue Unit Tabard
19507	Arathi Shock-Trooper Shoulder Harness
19508	Arathi Ranger-Issue Wrist Guards
19509	Theramore Mountain-Infantry Patrol Boots
19510	Duskwood Commando Service Signet
19511	Duskwood Special-Recon Service Signet
19512	Duskwood Airborne Service Signet
19513	Duskwood Long-Range Service Signet
19514	Duskwood Marine Service Signet
19515	Duskwood Deep-Patrol Service Signet
19516	Duskwood Border-Guard Service Signet
19517	Duskwood Rapid-Response Service Signet
19518	Stormwind Tunnel-Raider Service Signet
19519	Stormwind Special-Recon Service Signet
19520	Stormwind Assault-Team Service Signet
19521	Stormwind Airborne Service Signet
19522	Stormwind Commando Service Signet
19523	Stormwind Marine Service Signet
19524	Stormwind Combat-Rescue Service Signet
19525	Stormwind Long-Range Service Signet
19526	Duskwood Commando Camouflage Cape
19527	Duskwood Marine Camouflage Cape
19528	Duskwood Combat-Rescue Camouflage Cape
19529	Duskwood Long-Range Camouflage Cape
19530	Duskwood Airborne Camouflage Cape
19531	Duskwood Siege-Engineer Camouflage Cape
19532	Duskwood Vanguard Camouflage Cape
19533	Duskwood Breach-Team Camouflage Cape
19534	Redridge Long-Range Service Pendant
19535	Redridge Special-Recon Service Pendant
19536	Redridge Assault-Team Service Pendant
19537	Redridge Night-Operations Service Pendant
19538	Redridge Marine Service Pendant
19539	Redridge Deep-Patrol Service Pendant
19540	Redridge Border-Guard Service Pendant
19541	Redridge Rapid-Response Service Pendant
19542	Tanaris Assault-Team {weapon}
19543	Tanaris Combat-Rescue {weapon}
19544	Tanaris Counter-Sniper {weapon}
19545	Dustwallow Commando {weapon}
19546	Dustwallow Vanguard {weapon}
19547	Dustwallow Night-Operations {weapon}
19548	Dustwallow Rapid-Response {weapon}
19549	Dustwallow Airborne {weapon}
19550	Dustwallow Marine {weapon}
19551	Dustwallow Combat-Rescue {weapon}
19552	Dustwallow Long-Range {weapon}
19553	Dustwallow Deep-Patrol {weapon}
19554	Dustwallow Siege-Engineer {weapon}
19555	Dustwallow Counter-Sniper {weapon}
19556	Dustwallow Breach-Team {weapon}
19557	Dustwallow Border-Guard {weapon}
19558	Dustwallow Special-Recon {weapon}
19559	Dustwallow Assault-Team {weapon}
19560	Dustwallow Tunnel-Raider {weapon}
19561	Blackrock Breach-Team {weapon}
19562	Blackrock Airborne {weapon}
19563	Blackrock Siege-Engineer {weapon}
19564	Blackrock Counter-Sniper {weapon}
19565	Blackrock Night-Operations {weapon}
19566	Blackrock Border-Guard {weapon}
19567	Blackrock Tunnel-Raider {weapon}
19568	Blackrock Special-Recon {weapon}
19569	Blackrock Assault-Team {weapon}
19570	Blackrock Rapid-Response {weapon}
19571	Blackrock Commando {weapon}
19572	Blackrock Marine {weapon}
19573	Blackrock Combat-Rescue {weapon}
19574	Redridge Veteran Service Pendant
19575	Duskwood Combat-Rescue Service Pendant
19576	Duskwood Night-Operations Service Pendant
19577	Praetorian Service Pendant
19578	Westfall Kingsguard Wrist Guards
19579	Redridge Ranger-Issue Service Pendant
19580	Westfall Obsidian Guard Wrist Guards
19581	Westfall Wolfpack Wrist Guards
19582	Westfall Dawn Brigade Wrist Guards
19583	Westfall Shadow Regiment Wrist Guards
19584	Westfall Blackwatch Wrist Guards
19585	Duskwood Counter-Sniper Service Pendant
19586	Duskwood Special-Recon Service Pendant
19587	Redridge Siegebreaker Wrist Guards
19588	Northshire Iron Vanguard Service Pendant
19589	Redridge Wolfpack Wrist Guards
19590	Redridge Praetorian Wrist Guards
19591	Redridge Campaign Service Pendant
19592	Duskwood Vanguard Service Pendant
19593	Duskwood Marine Service Pendant
19594	Northshire Ghost Division Service Pendant
19595	Redridge Ghost Division Wrist Guards
19596	Redridge Kingsguard Wrist Guards
19597	Redridge Shadow Regiment Wrist Guards
19598	Redridge Frontline Service Pendant
19599	Duskwood Tunnel-Raider Service Pendant
19600	Duskwood Siege-Engineer Service Pendant
19601	Northshire Siegebreaker Service Pendant
19602	Duskwood Trailblazer Service Pendant
19603	Duskwood Commando Service Pendant
19604	Duskwood Deep-Patrol Service Pendant
19605	Northshire Dreadnought Service Pendant
19606	Duskwood Sapper Service Pendant
19607	Duskwood Airborne Service Pendant
19608	Duskwood Border-Guard Service Pendant
19609	Northshire Storm Guard Service Pendant
19610	Duskwood Sentinel Service Pendant
19611	Duskwood Long-Range Service Pendant
19612	Duskwood Rapid-Response Service Pendant
19613	Northshire Nightfall Service Pendant
19614	Duskwood Mountain-Infantry Service Pendant
19615	Duskwood Breach-Team Service Pendant
19616	Duskwood Assault-Team Service Pendant
19617	Northshire Last Bastion Service Pendant
19618	Duskwood Hardened Service Pendant
19619	Stormwind Combat-Rescue Service Pendant
19620	Stormwind Night-Operations Service Pendant
19621	Northshire Kingsguard Service Pendant
19622	Blackrock Vanguard {weapon}
19623	Coastal Battle-Worn {weapon}
19662	Lakeshire Ghost Division {weapon}
19682	Westfall Deep-Patrol Field Jacket
19683	Ironforge Long-Range Combat Trousers
19684	Ironforge Long-Range Patrol Boots
19685	Northshire Rapid-Response Recon Vest
19686	Ironforge Siege-Engineer Combat Gloves
19687	Ironforge Marine Wrist Guards
19688	Northshire Counter-Sniper Recon Vest
19689	Ironforge Breach-Team Shoulder Harness
19690	Westfall Night-Operations Armored Vest
19691	Ironforge Night-Operations Shoulder Harness
19692	Ironforge Deep-Patrol Combat Gloves
19693	Northshire Special-Recon Assault Vest
19694	Ironforge Special-Recon Combat Trousers
19695	Ironforge Special-Recon Shoulder Harness
19742	Ironforge Vanguard Combat Trousers
19743	Silverpine Frontline Combat Helmet
19762	Coastal Scuffed {weapon}
19763	Duskwood Mud-Stained Riot Shield
19808	Eastern Watch Stormproof {weapon}
19809	Blackrock Long-Range {weapon}
19810	Blackrock Deep-Patrol {weapon}
19811	Burning Steppes Counter-Sniper {weapon}
19812	Redridge Counter-Sniper Field Device
19822	Storm Guard Assault Vest
19823	Redridge Ghost Division Utility Belt
19824	Redridge Iron Vanguard Wrist Guards
19825	Kingsguard Assault Vest
19826	Redridge Siegebreaker Utility Belt
19827	Redridge Dreadnought Wrist Guards
19828	Last Bastion Armored Vest
19829	Redridge Dreadnought Utility Belt
19830	Redridge Blackwatch Wrist Guards
19831	Westfall Last Bastion Shoulder Harness
19832	Redridge Storm Guard Utility Belt
19833	Redridge Storm Guard Wrist Guards
19834	Nightfall Recon Vest
19835	Westfall Nightfall Shoulder Harness
19836	Redridge Nightfall Wrist Guards
19837	Breach-Team Field Kit
19838	Last Bastion Recon Vest
19839	Redridge Praetorian Utility Belt
19840	Redridge Last Bastion Wrist Guards
19841	Westfall Kingsguard Shoulder Harness
19842	Redridge Shadow Regiment Utility Belt
19843	Redridge Iron Covenant Wrist Guards
19844	Northshire Ghost Division Field Jacket
19845	Redridge Shadow Regiment Shoulder Harness
19846	Redridge Obsidian Guard Wrist Guards
19847	Northshire Storm Guard Field Jacket
19848	Redridge War Council Wrist Guards
19849	Redridge Praetorian Shoulder Harness
19852	Lakeshire Dreadnought {weapon}
19853	Lakeshire Siegebreaker {weapon}
19854	Lakeshire Storm Guard {weapon}
19855	Redridge Kingsguard Combat Trousers
19856	Northshire Wolfpack Service Pendant
19857	Northshire Storm Guard Camouflage Cape
19859	Lakeshire Nightfall {weapon}
19861	Sentinel Hill Last Bastion {weapon}
19862	Obsidian Guard Riot Shield
19863	Stormwind Siege-Engineer Service Signet
19864	Sentinel Hill Obsidian Guard {weapon}
19865	Sentinel Hill War Council {weapon}
19866	Sentinel Hill Wolfpack {weapon}
19867	Sentinel Hill Iron Covenant {weapon}
19868	Sentinel Hill Dreadnought {weapon}
19869	Ironforge Border-Guard Combat Gloves
19870	Duskwood Deep-Patrol Camouflage Cape
19871	Stormwind Special-Recon Service Pendant
19873	Stormwind Deep-Patrol Service Signet
19874	Sentinel Hill Kingsguard {weapon}
19875	Stormwind Assault-Team Combat Helmet
19876	Northshire Iron Covenant Service Pendant
19877	Ironforge Border-Guard Combat Trousers
19878	Ironforge Assault-Team Shoulder Harness
19879	Sentinel Hill Blackwatch {weapon}
19884	Sentinel Hill Dawn Brigade {weapon}
19885	Northshire Obsidian Guard Service Pendant
19886	Stormwind Deep-Patrol Combat Helmet
19887	Ironforge Assault-Team Combat Trousers
19888	Duskwood Border-Guard Camouflage Cape
19889	Ironforge Combat-Rescue Combat Trousers
19890	Sentinel Hill Nightfall {weapon}
19891	Wolfpack Command Manual
19892	Ironforge Border-Guard Patrol Boots
19893	Stormwind Border-Guard Service Signet
19894	Ironforge Assault-Team Combat Gloves
19895	Ironforge Deep-Patrol Combat Trousers
19896	Sentinel Hill Shadow Regiment {weapon}
19897	Westfall Dreadnought Patrol Boots
19898	Stormwind Night-Operations Service Signet
19899	Ironforge Marine Combat Trousers
19900	Burning Steppes Special-Recon {weapon}
19901	Burning Steppes Assault-Team {weapon}
19903	Sentinel Hill Iron Vanguard {weapon}
19904	Kingsguard Armored Vest
19905	Stormwind Rapid-Response Service Signet
19906	Ironforge Marine Patrol Boots
19907	Duskwood Special-Recon Camouflage Cape
19908	Burning Steppes Marine {weapon}
19909	Sentinel Hill Praetorian {weapon}
19910	Sentinel Hill Ghost Division {weapon}
19912	Stormwind Counter-Sniper Service Signet
19913	Ironforge Deep-Patrol Patrol Boots
19915	Westfall Rapid-Response Riot Shield
19916	Coastal Salt-Worn {weapon}
19917	Redridge Mud-Stained Command Manual
19918	Sentinel Hill Siegebreaker {weapon}
19919	Ironforge Siege-Engineer Patrol Boots
19920	Stormwind Vanguard Service Signet
19921	Burning Steppes Airborne {weapon}
19922	Westfall Night-Operations Command Manual
19923	Stormwind Marine Service Pendant
19924	Coastal Mud-Stained {weapon}
19925	Stormwind Breach-Team Service Signet
19926	Northshire Blackwatch Field Jacket
19927	Sentinel Hill Storm Guard {weapon}
19928	Ironforge Marine Shoulder Harness
19929	Ironforge Rapid-Response Combat Gloves
19930	Redridge Vanguard Field Device
19944	Stonewatch Obsidian Guard {weapon}
19945	Redridge Siegebreaker Combat Helmet
19946	Burning Steppes Rapid-Response {weapon}
19947	Redridge Tunnel-Raider Field Device
19948	Northshire Kingsguard Field Device
19949	Northshire Wolfpack Field Device
19950	Northshire Iron Covenant Field Device
19951	Westfall Iron Vanguard Field Device
19952	Westfall Ghost Division Field Device
19953	Westfall Siegebreaker Field Device
19954	Westfall Dreadnought Field Device
19955	Westfall Storm Guard Field Device
19956	Westfall Nightfall Field Device
19957	Westfall Last Bastion Field Device
19958	Westfall Kingsguard Field Device
19959	Westfall Wolfpack Field Device
19961	Burning Steppes Deep-Patrol {weapon}
19962	Burning Steppes Siege-Engineer {weapon}
19963	Burning Steppes Combat-Rescue {weapon}
19964	Burning Steppes Vanguard {weapon}
19965	Burning Steppes Breach-Team {weapon}
19966	Burning Steppes Border-Guard {weapon}
19967	Burning Steppes Tunnel-Raider {weapon}
19968	Burning Steppes Commando {weapon}
19969	Theramore Hardened Patrol Boots
19970	Burning Steppes Long-Range {weapon}
19972	Silverpine Outrider Combat Helmet
19979	Duskwood Airborne Field Device
19980	Coastal Sun-Faded {weapon}
19981	Coastal Worn {weapon}
19982	Duskwood Rapid-Response Camouflage Cape
19983	Coastal Salvaged {weapon}
19984	Ironforge Marine Combat Helmet
19985	Stormwind Rapid-Response Utility Belt
19986	Ironforge Siege-Engineer Combat Helmet
19987	Coastal Discarded {weapon}
19988	Coastal Tattered {weapon}
19989	Westfall Special-Recon Command Manual
19990	Duskwood Night-Operations Field Device
19991	Duskwood Special-Recon Field Device
19992	Duskwood Marine Field Device
19993	Burning Steppes Night-Operations {weapon}
19998	Ironforge Breach-Team Combat Helmet
19999	Ironforge Long-Range Combat Helmet
20003	Searing Gorge Airborne {weapon}
20005	Searing Gorge Long-Range {weapon}
20006	Ironforge Night-Operations Service Signet
20032	Northshire Nightfall Field Jacket
20033	Northshire Last Bastion Field Jacket
20034	Northshire Kingsguard Field Jacket
20035	Searing Gorge Breach-Team {weapon}
20036	Duskwood Siege-Engineer Field Device
20037	Stormwind Siege-Engineer Service Pendant
20038	Stonewatch Dreadnought {weapon}
20039	Redridge Iron Covenant Patrol Boots
20041	Ironforge Breach-Team Utility Belt
20042	Ironforge Night-Operations Utility Belt
20043	Ironforge Long-Range Utility Belt
20044	Ironforge Special-Recon Utility Belt
20045	Ironforge Airborne Utility Belt
20046	Ironforge Marine Utility Belt
20047	Ironforge Commando Utility Belt
20048	Ironforge Breach-Team Patrol Boots
20049	Ironforge Night-Operations Patrol Boots
20050	Ironforge Special-Recon Patrol Boots
20051	Ironforge Rapid-Response Patrol Boots
20052	Ironforge Airborne Patrol Boots
20053	Ironforge Combat-Rescue Patrol Boots
20054	Ironforge Commando Patrol Boots
20055	Redridge Dreadnought Shoulder Harness
20056	Redridge Storm Guard Shoulder Harness
20057	Redridge Nightfall Shoulder Harness
20058	Redridge Last Bastion Shoulder Harness
20059	Redridge Siegebreaker Shoulder Harness
20060	Redridge Kingsguard Shoulder Harness
20061	Redridge Ghost Division Shoulder Harness
20068	Northshire Ghost Division Camouflage Cape
20069	Stonewatch War Council {weapon}
20070	Stonewatch Blackwatch {weapon}
20071	Duskwood Tunnel-Raider Field Device
20072	Duskwood Commando Field Device
20073	Northshire Siegebreaker Camouflage Cape
20082	Searing Gorge Siege-Engineer {weapon}
20083	Searing Gorge Rapid-Response {weapon}
20086	Stormproof Combat Knife
20088	Ironforge Deep-Patrol Utility Belt
20089	Ironforge Vanguard Utility Belt
20090	Ironforge Siege-Engineer Utility Belt
20091	Ironforge Counter-Sniper Patrol Boots
20092	Ironforge Vanguard Patrol Boots
20093	Ironforge Tunnel-Raider Patrol Boots
20094	Elwynn Marine Patrol Boots
20095	Elwynn Combat-Rescue Patrol Boots
20096	Elwynn Long-Range Patrol Boots
20097	Ironforge Border-Guard Utility Belt
20098	Ironforge Combat-Rescue Utility Belt
20099	Ironforge Rapid-Response Utility Belt
20100	Elwynn Siege-Engineer Patrol Boots
20101	Elwynn Counter-Sniper Patrol Boots
20102	Elwynn Breach-Team Patrol Boots
20103	Ironforge Assault-Team Utility Belt
20104	Ironforge Counter-Sniper Utility Belt
20105	Ironforge Tunnel-Raider Utility Belt
20106	Elwynn Border-Guard Utility Belt
20107	Elwynn Tunnel-Raider Utility Belt
20108	Elwynn Night-Operations Utility Belt
20109	Elwynn Border-Guard Patrol Boots
20110	Elwynn Tunnel-Raider Patrol Boots
20111	Elwynn Night-Operations Patrol Boots
20112	Elwynn Deep-Patrol Patrol Boots
20113	Elwynn Vanguard Patrol Boots
20114	Elwynn Special-Recon Patrol Boots
20115	Elwynn Siege-Engineer Utility Belt
20116	Elwynn Counter-Sniper Utility Belt
20117	Elwynn Breach-Team Utility Belt
20118	Elwynn Deep-Patrol Utility Belt
20119	Elwynn Vanguard Utility Belt
20120	Elwynn Special-Recon Utility Belt
20121	Elwynn Rapid-Response Patrol Boots
20122	Elwynn Commando Patrol Boots
20123	Elwynn Assault-Team Patrol Boots
20124	Elwynn Rapid-Response Utility Belt
20125	Elwynn Commando Utility Belt
20126	Elwynn Marine Utility Belt
20127	Elwynn Airborne Patrol Boots
20128	Lakeshire Tunnel-Raider Patrol Boots
20129	Lakeshire Night-Operations Patrol Boots
20130	Duskwood Deep-Patrol Field Device
20131	Standard Unit Tabard
20132	Northshire Weatherproof Unit Tabard
20133	Redridge Ghost Division Combat Gloves
20134	Redridge Iron Vanguard Combat Helmet
20135	Redridge Dawn Brigade Wrist Guards
20136	Dreadnought Assault Vest
20137	Redridge Shadow Regiment Combat Gloves
20138	Redridge Shadow Regiment Combat Helmet
20139	Redridge Blackwatch Combat Trousers
20140	Redridge Blackwatch Shoulder Harness
20141	Redridge Shadow Regiment Patrol Boots
20142	Redridge Nightfall Utility Belt
20143	Northshire War Council Service Pendant
20144	Northshire Iron Covenant Service Signet
20145	Northshire Obsidian Guard Camouflage Cape
20146	Stonewatch Dawn Brigade {weapon}
20149	Stonewatch Shadow Regiment {weapon}
20150	Elwynn Long-Range Utility Belt
20151	Elwynn Assault-Team Utility Belt
20152	Elwynn Combat-Rescue Utility Belt
20153	Elwynn Airborne Utility Belt
20154	Lakeshire Long-Range Patrol Boots
20155	Lakeshire Deep-Patrol Patrol Boots
20156	Lakeshire Vanguard Patrol Boots
20157	Lakeshire Breach-Team Patrol Boots
20158	Redridge Wolfpack Shoulder Harness
20159	Lakeshire Commando Patrol Boots
20160	Lakeshire Marine Patrol Boots
20161	Lakeshire Combat-Rescue Patrol Boots
20162	Lakeshire Special-Recon Patrol Boots
20163	Lakeshire Commando Utility Belt
20164	Lakeshire Long-Range Utility Belt
20165	Lakeshire Marine Utility Belt
20166	Lakeshire Combat-Rescue Utility Belt
20167	Lakeshire Airborne Patrol Boots
20168	Lakeshire Counter-Sniper Patrol Boots
20169	Lakeshire Siege-Engineer Patrol Boots
20170	Lakeshire Border-Guard Patrol Boots
20171	Lakeshire Airborne Utility Belt
20172	Lakeshire Breach-Team Utility Belt
20173	Lakeshire Counter-Sniper Utility Belt
20174	Lakeshire Siege-Engineer Utility Belt
20175	Redridge Iron Covenant Shoulder Harness
20176	Redridge Obsidian Guard Shoulder Harness
20177	Lakeshire Night-Operations Utility Belt
20178	Lakeshire Special-Recon Utility Belt
20179	Lakeshire Border-Guard Utility Belt
20180	Lakeshire Tunnel-Raider Utility Belt
20181	Lakeshire Rapid-Response Patrol Boots
20182	Lakeshire Assault-Team Patrol Boots
20183	Sentinel Hill Tunnel-Raider Patrol Boots
20184	Redridge War Council Shoulder Harness
20185	Sentinel Hill Border-Guard Patrol Boots
20186	Sentinel Hill Airborne Patrol Boots
20187	Sentinel Hill Counter-Sniper Patrol Boots
20188	Sentinel Hill Breach-Team Patrol Boots
20189	Sentinel Hill Siege-Engineer Patrol Boots
20190	Lakeshire Deep-Patrol Utility Belt
20191	Lakeshire Rapid-Response Utility Belt
20192	Lakeshire Vanguard Utility Belt
20193	Lakeshire Assault-Team Utility Belt
20194	Redridge Dawn Brigade Shoulder Harness
20195	Sentinel Hill Long-Range Utility Belt
20196	Sentinel Hill Deep-Patrol Utility Belt
20197	Sentinel Hill Breach-Team Utility Belt
20198	Sentinel Hill Vanguard Utility Belt
20199	Sentinel Hill Long-Range Patrol Boots
20200	Sentinel Hill Vanguard Patrol Boots
20201	Sentinel Hill Night-Operations Patrol Boots
20202	Sentinel Hill Deep-Patrol Patrol Boots
20203	Redridge Iron Vanguard Shoulder Harness
20204	Sentinel Hill Night-Operations Utility Belt
20205	Sentinel Hill Border-Guard Utility Belt
20206	Sentinel Hill Tunnel-Raider Utility Belt
20207	Sentinel Hill Special-Recon Utility Belt
20208	Sentinel Hill Special-Recon Patrol Boots
20209	Sentinel Hill Commando Patrol Boots
20210	Sentinel Hill Marine Patrol Boots
20211	Sentinel Hill Rapid-Response Patrol Boots
20212	Duskwood Storm Guard Shoulder Harness
20213	Sentinel Hill Rapid-Response Utility Belt
20214	Stonewatch Iron Vanguard {weapon}
20215	Sentinel Hill Assault-Team Utility Belt
20216	Sentinel Hill Combat-Rescue Utility Belt
20217	Sentinel Hill Siege-Engineer Utility Belt
20218	Duskwood Tunnel-Raider Camouflage Cape
20219	Duskwood Assault-Team Camouflage Cape
20220	Stonewatch Praetorian {weapon}
20238	Eastern Watch Sapper {weapon}
20239	Arathi Pathfinder Wrist Guards
20240	Westfall Sentinel Assault Vest
20241	Silverpine Pathfinder Camouflage Cape
20242	Durotar Sentinel Combat Gloves
20245	Eastern Watch Mountain-Infantry {weapon}
20246	Silverpine Sentinel Combat Helmet
20247	Durotar Trailblazer Combat Trousers
20248	Duskwood Shock-Trooper Service Pendant
20249	Arathi Sentinel Shoulder Harness
20250	Lakeshire Pathfinder Service Signet
20251	Theramore Veteran Patrol Boots
20252	Theramore Sentinel Utility Belt
20255	Sentinel Hill Assault-Team Patrol Boots
20257	Redridge Last Bastion Combat Gloves
20258	Searing Gorge Assault-Team {weapon}
20259	Ironforge Vanguard Combat Gloves
20260	Ironforge Siege-Engineer Combat Trousers
20261	Sentinel Hill Marine Utility Belt
20262	Sentinel Hill Combat-Rescue Patrol Boots
20263	Ironforge Special-Recon Combat Helmet
20264	Redridge Kingsguard Combat Gloves
20265	Stonewatch Deep-Patrol Patrol Boots
20266	Ironforge Counter-Sniper Combat Trousers
20267	Redridge Last Bastion Utility Belt
20268	Redridge War Council Patrol Boots
20269	Duskwood War Council Wrist Guards
20270	Redridge War Council Combat Helmet
20271	Redridge Dawn Brigade Combat Gloves
20272	Redridge War Council Combat Trousers
20273	Duskwood War Council Shoulder Harness
20274	Kingsguard Recon Vest
20275	Northshire Dawn Brigade Service Pendant
20276	Northshire Dawn Brigade Camouflage Cape
20277	Northshire Praetorian Service Signet
20278	Stonewatch Ghost Division {weapon}
20279	Stonewatch Wolfpack {weapon}
20280	Eastern Watch Hardened {weapon}
20281	Dun Morogh Pathfinder Wrist Guards
20282	Westfall Pathfinder Assault Vest
20283	Silverpine Forward-Observer Camouflage Cape
20284	Durotar Expedition Combat Gloves
20285	Western Watch Ranger-Issue {weapon}
20286	Silverpine Pathfinder Combat Helmet
20287	Orgrimmar Pathfinder Combat Trousers
20288	Duskwood Veteran Service Pendant
20289	Arathi Forward-Observer Shoulder Harness
20290	Lakeshire Stormproof Service Signet
20291	Theramore Pathfinder Patrol Boots
20292	Theramore Pathfinder Utility Belt
20294	Stonewatch Counter-Sniper Patrol Boots
20295	Ironforge Tunnel-Raider Combat Trousers
20296	Elwynn Assault-Team Combat Gloves
20297	Theramore Trailblazer Utility Belt
20298	Theramore Ranger-Issue Patrol Boots
20299	Western Watch Trailblazer {weapon}
20300	Dun Morogh Trailblazer Wrist Guards
20301	Silverpine Sapper Combat Helmet
20302	Silverpine Expedition Camouflage Cape
20303	Western Watch Outrider {weapon}
20304	Durotar Trailblazer Combat Gloves
20305	Duskwood Field-Reinforced Service Pendant
20306	Orgrimmar Trailblazer Combat Trousers
20307	Lakeshire Forward-Observer Service Signet
20308	Arathi Trailblazer Shoulder Harness
20309	Elwynn Expedition Recon Vest
20311	Theramore Veteran Utility Belt
20312	Barrens Veteran Patrol Boots
20313	Western Watch Veteran {weapon}
20314	Dun Morogh Veteran Wrist Guards
20315	Silverpine Shock-Trooper Combat Helmet
20316	Silverpine Campaign Camouflage Cape
20317	Western Watch Sentinel {weapon}
20318	Durotar Ranger-Issue Combat Gloves
20319	Duskwood Ranger-Issue Service Pendant
20320	Orgrimmar Veteran Combat Trousers
20321	Lakeshire Expedition Service Signet
20322	Arathi Veteran Shoulder Harness
20323	Elwynn Campaign Recon Vest
20324	Redridge Obsidian Guard Utility Belt
20325	Duskwood Obsidian Guard Wrist Guards
20326	Redridge Obsidian Guard Patrol Boots
20327	Redridge Obsidian Guard Combat Helmet
20328	Redridge Obsidian Guard Combat Gloves
20329	Redridge Obsidian Guard Combat Trousers
20330	Duskwood Obsidian Guard Shoulder Harness
20331	Northshire Shadow Regiment Field Jacket
20332	Northshire Shadow Regiment Service Pendant
20333	Northshire Blackwatch Service Signet
20334	Stonewatch Storm Guard {weapon}
20335	Stonewatch Siegebreaker {weapon}
20336	Northshire Shadow Regiment Camouflage Cape
20338	Theramore Field-Reinforced Utility Belt
20339	Dun Morogh Field-Reinforced Wrist Guards
20340	Barrens Field-Reinforced Patrol Boots
20341	Silverpine Field-Reinforced Combat Helmet
20342	Durotar Field-Reinforced Combat Gloves
20343	Orgrimmar Field-Reinforced Combat Trousers
20344	Arathi Sapper Shoulder Harness
20345	Duskwood Pathfinder Service Pendant
20346	Lakeshire Campaign Service Signet
20347	Alterac Field-Reinforced Field Jacket
20348	Silverpine Frontline Camouflage Cape
20349	Western Watch Stormproof {weapon}
20350	Western Watch Sapper {weapon}
20351	Theramore Hardened Utility Belt
20352	Dun Morogh Hardened Wrist Guards
20353	Barrens Hardened Patrol Boots
20354	Arathi Hardened Combat Helmet
20355	Durotar Hardened Combat Gloves
20356	Orgrimmar Hardened Combat Trousers
20357	Arathi Hardened Shoulder Harness
20358	Duskwood Stormproof Service Pendant
20359	Lakeshire Frontline Service Signet
20360	Alterac Veteran Field Jacket
20361	Silverpine Outrider Camouflage Cape
20362	Western Watch Shock-Trooper {weapon}
20363	Western Watch Pathfinder {weapon}
20368	Searing Gorge Vanguard {weapon}
20369	Elwynn Siege-Engineer Combat Gloves
20370	Stonewatch Nightfall {weapon}
20372	Stonewatch Last Bastion {weapon}
20380	Wolfpack Armored Vest
20391	Redridge Reinforced Combat Helmet
20392	Redridge Garrison-Issue Combat Helmet
20406	Arathi Expedition Shoulder Harness
20407	Alterac Sentinel Field Jacket
20408	Arathi Sapper Combat Helmet
20412	Coastal Weathered {weapon}
20417	Coastal Patched {weapon}
20425	Searing Gorge Night-Operations {weapon}
20426	Ironforge Siege-Engineer Service Signet
20427	Stormwind Deep-Patrol Camouflage Cape
20428	Stormwind Border-Guard Camouflage Cape
20429	Ironforge Deep-Patrol Service Signet
20430	Searing Gorge Tunnel-Raider {weapon}
20431	Ironforge Border-Guard Service Signet
20434	Searing Gorge Special-Recon {weapon}
20437	Searing Gorge Border-Guard {weapon}
20438	Searing Gorge Combat-Rescue {weapon}
20439	Ironforge Rapid-Response Service Signet
20440	Searing Gorge Commando {weapon}
20441	Searing Gorge Marine {weapon}
20442	Stormwind Deep-Patrol Service Pendant
20443	Searing Gorge Deep-Patrol {weapon}
20444	Stormwind Border-Guard Service Pendant
20445	Ironforge Combat-Rescue Service Signet
20446	Ironforge Counter-Sniper Service Signet
20468	Mountain Frayed {weapon}
20476	Ironforge Siege-Engineer Wrist Guards
20477	Elwynn Airborne Combat Gloves
20478	Westfall Special-Recon Armored Vest
20479	Westfall Marine Armored Vest
20480	Elwynn Long-Range Combat Gloves
20481	Ironforge Deep-Patrol Wrist Guards
20487	Stonewatch Kingsguard {weapon}
20488	Stonewatch Iron Covenant {weapon}
20502	Westfall Combat-Rescue Riot Shield
20503	Duskwood Border-Guard Field Device
20504	Searing Gorge Counter-Sniper {weapon}
20505	Ironforge Special-Recon Service Signet
20512	Duskwood Rapid-Response Field Device
20517	Ironforge Deep-Patrol Shoulder Harness
20521	Ironforge Deep-Patrol Combat Helmet
20522	Stranglethorn Vanguard {weapon}
20523	Redridge Nightfall Combat Trousers
20524	Ironforge Breach-Team Combat Trousers
20525	Duskwood Assault-Team Field Device
20529	Westfall Border-Guard Field Jacket
20530	Westfall Rapid-Response Field Jacket
20534	Duskwood Combat-Rescue Field Device
20536	Stranglethorn Tunnel-Raider {weapon}
20537	Stonewatch Commando Patrol Boots
20538	Ironforge Night-Operations Combat Trousers
20539	Sentinel Hill Commando Utility Belt
20549	Elwynn Breach-Team Combat Gloves
20550	Northshire Marine Assault Vest
20551	Ironforge Night-Operations Combat Helmet
20556	Stranglethorn Commando {weapon}
20561	Redridge Weatherproof Combat Helmet
20562	Redridge Double-Stitched Combat Helmet
20563	Redridge Field-Ready Combat Helmet
20564	Redridge Toughened Combat Helmet
20565	Redridge Reserve-Issue Combat Helmet
20566	Redridge Drill Combat Helmet
20567	Redridge Padded Combat Helmet
20568	Redridge Insulated Combat Helmet
20569	Redridge Service Combat Helmet
20570	Redridge Training Combat Helmet
20571	Redridge Rugged Combat Helmet
20572	Redridge Militia-Issue Combat Helmet
20573	Duskwood Strengthened Combat Helmet
20574	Duskwood Reinforced Combat Helmet
20575	Elwynn Frontline Recon Vest
20577	Lordaeron Shadow Regiment {weapon}
20578	Lordaeron Nightfall {weapon}
20579	Northshire Kingsguard Camouflage Cape
20580	Lordaeron Obsidian Guard {weapon}
20581	Lordaeron Iron Vanguard {weapon}
20582	Iron Covenant Command Manual
20583	Arathi Sentinel Combat Helmet
20584	Arathi Mountain-Infantry Combat Helmet
20585	Arathi Veteran Combat Helmet
20586	Arathi Ranger-Issue Combat Helmet
20587	Arathi Pathfinder Combat Helmet
20588	Arathi Stormproof Combat Helmet
20589	Arathi Forward-Observer Combat Helmet
20590	Arathi Expedition Combat Helmet
20591	Arathi Campaign Combat Helmet
20592	Arathi Frontline Combat Helmet
20593	Arathi Outrider Combat Helmet
20594	Arathi Shock-Trooper Combat Helmet
20595	Arathi Field-Reinforced Combat Helmet
20596	Arathi Trailblazer Combat Helmet
20597	Dun Morogh Sapper Combat Helmet
20598	Dun Morogh Sentinel Combat Helmet
20599	Lordaeron Wolfpack {weapon}
20600	Northshire Kingsguard Service Signet
20615	Duskwood Wolfpack Wrist Guards
20616	Duskwood Dawn Brigade Wrist Guards
20617	Redridge Dawn Brigade Combat Trousers
20618	Redridge Wolfpack Combat Gloves
20619	Redridge Dawn Brigade Patrol Boots
20621	Redridge Praetorian Patrol Boots
20622	Northshire Praetorian Service Pendant
20623	Redridge Iron Covenant Combat Helmet
20624	Northshire Wolfpack Service Signet
20625	Redridge Kingsguard Utility Belt
20626	Duskwood Kingsguard Wrist Guards
20627	Redridge Wolfpack Combat Trousers
20628	Redridge Dawn Brigade Combat Helmet
20629	Redridge Blackwatch Patrol Boots
20630	Redridge Blackwatch Combat Gloves
20631	Redridge Kingsguard Patrol Boots
20632	Westfall Last Bastion Service Signet
20633	Duskwood Iron Covenant Shoulder Harness
20634	Redridge Iron Vanguard Patrol Boots
20635	Northshire Wolfpack Field Jacket
20636	Westfall Iron Covenant Field Device
20637	Duskwood Dawn Brigade Shoulder Harness
20638	Redridge Iron Vanguard Combat Trousers
20639	Redridge Ghost Division Combat Trousers
20640	Dun Morogh Veteran Combat Helmet
20641	Barrens Sentinel Patrol Boots
20642	Alterac Pathfinder Field Jacket
20643	Dun Morogh Ranger-Issue Combat Helmet
20645	Duskwood Forward-Observer Service Pendant
20646	Western Watch Mountain-Infantry {weapon}
20647	Western Watch Field-Reinforced {weapon}
20648	Stranglethorn Breach-Team {weapon}
20649	Duskwood Expedition Service Pendant
20650	Durotar Campaign Combat Gloves
20652	Barrens Sapper Patrol Boots
20653	Durotar Frontline Combat Gloves
20654	Stranglethorn Marine {weapon}
20655	Durotar Sapper Combat Gloves
20656	Barrens Mountain-Infantry Patrol Boots
20657	Stranglethorn Assault-Team {weapon}
20658	Barrens Ranger-Issue Patrol Boots
20659	Durotar Mountain-Infantry Combat Gloves
20660	Stranglethorn Long-Range {weapon}
20661	Durotar Outrider Combat Gloves
20662	Barrens Pathfinder Patrol Boots
20663	Stranglethorn Airborne {weapon}
20664	Theramore Ranger-Issue Utility Belt
20665	Elwynn Commando Combat Trousers
20666	Stranglethorn Night-Operations {weapon}
20667	Theramore Stormproof Utility Belt
20668	Elwynn Airborne Combat Trousers
20669	Stranglethorn Siege-Engineer {weapon}
20670	Theramore Forward-Observer Utility Belt
20671	Elwynn Long-Range Combat Trousers
20672	Stranglethorn Special-Recon {weapon}
20673	Theramore Expedition Utility Belt
20674	Elwynn Tunnel-Raider Combat Trousers
20675	Stranglethorn Deep-Patrol {weapon}
20680	Ironforge Siege-Engineer Shoulder Harness
20681	Ironforge Border-Guard Wrist Guards
20682	Westfall Iron Vanguard Service Signet
20683	Ironforge Border-Guard Shoulder Harness
20684	Ironforge Rapid-Response Wrist Guards
20685	Northshire Blackwatch Service Pendant
20686	Ironforge Rapid-Response Shoulder Harness
20687	Ironforge Assault-Team Wrist Guards
20688	War Council Riot Shield
20689	Ironforge Combat-Rescue Shoulder Harness
20690	Ironforge Combat-Rescue Wrist Guards
20691	Northshire Dreadnought Camouflage Cape
20692	Sentinel Hill Trailblazer Service Signet
20693	Silverpine Shock-Trooper Camouflage Cape
20694	Ironforge Hardened Command Manual
20695	Stormwind Tunnel-Raider Service Pendant
20696	Stranglethorn Border-Guard {weapon}
20697	Stormwind Commando Camouflage Cape
20698	Lordaeron Last Bastion {weapon}
20699	Elwynn Breach-Team Combat Trousers
20700	Elwynn Night-Operations Combat Trousers
20701	Elwynn Special-Recon Combat Trousers
20702	Elwynn Marine Combat Trousers
20703	Elwynn Siege-Engineer Combat Trousers
20704	Elwynn Deep-Patrol Combat Trousers
20705	Elwynn Border-Guard Combat Trousers
20706	Elwynn Rapid-Response Combat Trousers
20707	Elwynn Assault-Team Combat Trousers
20710	Stonewatch Breach-Team Patrol Boots
20711	Stonewatch Night-Operations Patrol Boots
20712	Elwynn Night-Operations Combat Gloves
20713	Elwynn Special-Recon Combat Gloves
20714	Stonewatch Airborne Patrol Boots
20715	Stonewatch Long-Range Patrol Boots
20716	Elwynn Commando Combat Gloves
20717	Elwynn Marine Combat Gloves
20718	Mountain Tattered {weapon}
20719	Mountain Weathered {weapon}
20720	Stranglethorn Rapid-Response {weapon}
20721	Ironforge Airborne Service Signet
20722	Stranglethorn Combat-Rescue {weapon}
20723	Western Watch Hardened {weapon}
20724	Western Watch Frontline {weapon}
20738	Mountain Salt-Worn {weapon}
20814	Northshire Strengthened Combat Knife
21040	Double-Stitched Tactical Vest
21101	Stranglethorn Counter-Sniper {weapon}
21102	Feralas Border-Guard {weapon}
21115	Duskwood Counter-Sniper Field Device
21116	Duskwood Vanguard Field Device
21117	Duskwood Long-Range Field Device
21118	Duskwood Breach-Team Field Device
21119	Stormwind Airborne Field Device
21120	Stormwind Long-Range Field Device
21121	Mountain Mud-Stained {weapon}
21122	Mountain Battle-Worn {weapon}
21123	Mountain Sun-Faded {weapon}
21124	Lordaeron Praetorian {weapon}
21125	Lordaeron Storm Guard {weapon}
21126	Lordaeron Siegebreaker {weapon}
21127	Lordaeron Blackwatch {weapon}
21128	Lordaeron Kingsguard {weapon}
21129	Mountain Scuffed {weapon}
21134	Lordaeron Iron Covenant {weapon}
21135	Tunnel-Raider Combat Knife
21154	Field-Ready Tactical Vest
21157	Toughened Tactical Vest
21178	Elwynn Deep-Patrol Combat Gloves
21179	Ironforge Vanguard Service Signet
21180	Westfall Obsidian Guard Field Device
21181	Stormwind Breach-Team Field Device
21182	Ironforge Long-Range Service Signet
21183	Westfall Assault-Team Field Jacket
21184	Duskwood Ghost Division Wrist Guards
21185	Shadow Regiment Command Manual
21186	Duskwood Praetorian Wrist Guards
21187	Stormwind Tunnel-Raider Camouflage Cape
21188	Lordaeron War Council {weapon}
21189	Westfall Shadow Regiment Service Signet
21190	Westfall Ghost Division Service Signet
21192	Mountain Patched {weapon}
21196	Westfall War Council Service Signet
21197	Westfall Siegebreaker Service Signet
21198	Westfall Nightfall Service Signet
21199	Westfall Obsidian Guard Service Signet
21200	Westfall Blackwatch Service Signet
21201	Westfall Dawn Brigade Service Signet
21202	Westfall Dreadnought Service Signet
21203	Westfall Kingsguard Service Signet
21204	Westfall Praetorian Service Signet
21205	Westfall Storm Guard Service Signet
21206	Westfall Wolfpack Service Signet
21207	Westfall Iron Covenant Service Signet
21208	Redridge Nightfall Service Signet
21209	Redridge Obsidian Guard Service Signet
21210	Redridge Blackwatch Service Signet
21242	Lordaeron Ghost Division {weapon}
21244	Lordaeron Dreadnought {weapon}
21268	Lordaeron Dawn Brigade {weapon}
21269	Dawn Brigade Riot Shield
21272	Stromgarde Ghost Division {weapon}
21273	Stromgarde Wolfpack {weapon}
21275	Stromgarde Iron Covenant {weapon}
21276	Stromgarde Obsidian Guard {weapon}
21278	Elwynn Border-Guard Combat Gloves
21286	Mountain Salvaged {weapon}
21311	Alterac Stormproof Field Jacket
21312	Theramore Campaign Utility Belt
21316	Orgrimmar Sapper Combat Trousers
21317	Dun Morogh Outrider Combat Helmet
21318	Durotar Shock-Trooper Combat Gloves
21319	Orgrimmar Trailblazer Combat Gloves
21320	Elwynn Sapper Armored Vest
21322	Westfall Mountain-Infantry Assault Vest
21326	Westfall Shadow Regiment Field Device
21329	Redridge Storm Guard Combat Helmet
21330	Duskwood Ghost Division Shoulder Harness
21331	War Council Assault Vest
21332	Redridge Storm Guard Combat Trousers
21333	Redridge Ghost Division Patrol Boots
21334	Northshire Iron Covenant Field Jacket
21335	Duskwood Praetorian Shoulder Harness
21336	Redridge Siegebreaker Combat Trousers
21337	Redridge Ghost Division Combat Helmet
21338	Redridge Siegebreaker Patrol Boots
21339	Redridge Iron Vanguard Combat Gloves
21343	Northshire Praetorian Field Jacket
21344	Redridge Dreadnought Patrol Boots
21345	Duskwood Blackwatch Shoulder Harness
21346	Redridge Dreadnought Combat Trousers
21347	Redridge Dreadnought Combat Helmet
21348	Redridge Nightfall Combat Helmet
21349	Redridge Storm Guard Patrol Boots
21350	Duskwood Iron Vanguard Shoulder Harness
21351	Northshire Iron Vanguard Field Jacket
21352	Redridge Last Bastion Combat Trousers
21353	Redridge Last Bastion Combat Helmet
21354	Duskwood Siegebreaker Shoulder Harness
21355	Redridge Nightfall Patrol Boots
21356	Redridge Iron Covenant Combat Trousers
21357	Obsidian Guard Recon Vest
21359	Redridge Last Bastion Patrol Boots
21360	Redridge Kingsguard Combat Helmet
21361	Duskwood Dreadnought Shoulder Harness
21362	Duskwood Siegebreaker Combat Trousers
21364	Northshire Iron Covenant Recon Vest
21365	Redridge Wolfpack Patrol Boots
21366	Redridge Wolfpack Combat Helmet
21367	Duskwood Nightfall Shoulder Harness
21368	Duskwood Dreadnought Combat Trousers
21370	Obsidian Guard Armored Vest
21372	Redridge Praetorian Combat Helmet
21373	Duskwood Iron Vanguard Patrol Boots
21374	Iron Covenant Armored Vest
21375	Duskwood Storm Guard Combat Trousers
21376	Duskwood Last Bastion Shoulder Harness
21387	Redridge Blackwatch Combat Helmet
21388	Duskwood Ghost Division Patrol Boots
21389	Dawn Brigade Assault Vest
21390	Duskwood Nightfall Combat Trousers
21391	Duskwood Kingsguard Shoulder Harness
21392	Stromgarde Nightfall {weapon}
21393	Redridge Iron Vanguard Service Signet
21394	Northshire Nightfall Camouflage Cape
21395	Stromgarde Dawn Brigade {weapon}
21396	Redridge Ghost Division Service Signet
21397	Northshire Wolfpack Camouflage Cape
21398	Stromgarde War Council {weapon}
21399	Redridge Siegebreaker Service Signet
21400	Northshire Iron Covenant Camouflage Cape
21401	Stromgarde Last Bastion {weapon}
21402	Redridge Dreadnought Service Signet
21403	Northshire Praetorian Camouflage Cape
21404	Stromgarde Storm Guard {weapon}
21405	Redridge Storm Guard Service Signet
21406	Northshire Blackwatch Camouflage Cape
21407	Stromgarde Shadow Regiment {weapon}
21408	Redridge Last Bastion Service Signet
21409	Northshire Iron Vanguard Camouflage Cape
21410	Stromgarde Praetorian {weapon}
21411	Redridge Kingsguard Service Signet
21412	Westfall Dreadnought Camouflage Cape
21413	Stromgarde Blackwatch {weapon}
21414	Redridge Wolfpack Service Signet
21415	Westfall Storm Guard Camouflage Cape
21416	Stromgarde Kingsguard {weapon}
21417	Redridge Iron Covenant Service Signet
21418	Westfall Nightfall Camouflage Cape
21419	Duskwood Garrison-Issue Combat Trousers
21420	Drill Tactical Vest
21421	Northshire Strengthened Tactical Vest
21422	Northshire Reinforced Tactical Vest
21423	Duskwood Weatherproof Combat Trousers
21424	Westfall Weatherproof Shoulder Harness
21425	Ironforge Strengthened Utility Belt
21426	Duskwood Garrison-Issue Combat Helmet
21427	Lakeshire Garrison-Issue Patrol Boots
21428	Ironforge Weatherproof Combat Gloves
21429	Ironforge Reinforced Utility Belt
21430	Northshire Garrison-Issue Tactical Vest
21431	Lakeshire Weatherproof Patrol Boots
21432	Ironforge Field-Ready Wrist Guards
21433	Ironforge Toughened Wrist Guards
21434	Duskwood Weatherproof Combat Helmet
21435	Westfall Double-Stitched Shoulder Harness
21437	Ironforge Double-Stitched Combat Gloves
21439	Duskwood Double-Stitched Combat Helmet
21440	Duskwood Double-Stitched Combat Trousers
21441	Ironforge Garrison-Issue Utility Belt
21442	Lakeshire Double-Stitched Patrol Boots
21443	Redridge Strengthened Shoulder Harness
21444	Ironforge Field-Ready Combat Gloves
21445	Ironforge Reserve-Issue Wrist Guards
21446	Duskwood Field-Ready Combat Helmet
21447	Redridge Reinforced Shoulder Harness
21448	Stormwind Strengthened Combat Trousers
21449	Lakeshire Field-Ready Patrol Boots
21450	Ironforge Toughened Combat Gloves
21451	Ironforge Weatherproof Utility Belt
21452	Stromgarde Siegebreaker {weapon}
21453	Duskwood Shadow Regiment Shoulder Harness
21454	Duskwood Wolfpack Shoulder Harness
21455	Ironforge Combat-Rescue Combat Helmet
21456	Westfall Wolfpack Camouflage Cape
21457	Duskwood Shadow Regiment Wrist Guards
21458	Redridge Iron Covenant Combat Gloves
21459	Stromgarde Iron Vanguard {weapon}
21460	Duskwood War Council Combat Helmet
21461	Duskwood Wolfpack Combat Trousers
21462	Redridge Siegebreaker Combat Gloves
21463	Redridge Wolfpack Utility Belt
21464	Duskwood Iron Covenant Wrist Guards
21465	Mountain Worn {weapon}
21466	Stromgarde Dreadnought {weapon}
21467	Northshire Last Bastion Recon Vest
21468	Ironforge Counter-Sniper Shoulder Harness
21469	Elwynn Combat-Rescue Combat Gloves
21470	Stormwind Assault-Team Camouflage Cape
21471	Obsidian Guard Command Manual
21472	Duskwood Nightfall Combat Helmet
21473	Stormwind Rapid-Response Field Device
21474	Ironforge Vanguard Shoulder Harness
21475	Elwynn Vanguard Combat Trousers
21476	Elwynn Counter-Sniper Combat Trousers
21477	Ironforge Assault-Team Service Signet
21478	Alterac Nightfall {weapon}
21479	Redridge Dreadnought Combat Gloves
21480	Elwynn Counter-Sniper Combat Gloves
21481	Stonewatch Vanguard Patrol Boots
21482	Stonewatch Combat-Rescue Patrol Boots
21483	Ironforge Tunnel-Raider Service Signet
21484	Ironforge Assault-Team Combat Helmet
21485	Shadow Regiment Riot Shield
21486	Redridge Storm Guard Combat Gloves
21487	Redridge Nightfall Combat Gloves
21488	Stormwind Border-Guard Field Device
21489	Stonewatch Rapid-Response Patrol Boots
21490	Stonewatch Tunnel-Raider Patrol Boots
21491	Ironforge Vanguard Wrist Guards
21492	Alterac Iron Covenant {weapon}
21493	Duskwood Dreadnought Patrol Boots
21494	Sentinel Hill Counter-Sniper Utility Belt
21495	Elwynn Combat-Rescue Combat Trousers
21496	Ironforge Tunnel-Raider Wrist Guards
21497	Stonewatch Assault-Team Patrol Boots
21498	Alterac Iron Vanguard {weapon}
21499	Westfall Siegebreaker Field Jacket
21500	Sentinel Hill Airborne Utility Belt
21501	Elwynn Rapid-Response Combat Gloves
21502	Ironforge Commando Wrist Guards
21503	Stonewatch Assault-Team Utility Belt
21504	Westfall Nightfall Service Pendant
21505	Westfall Last Bastion Service Pendant
21506	Westfall Kingsguard Service Pendant
21507	Westfall Wolfpack Service Pendant
21516	Feralas Vanguard {weapon}
21517	Duskwood Dawn Brigade Combat Helmet
21518	Feralas Tunnel-Raider {weapon}
21520	Alterac Siegebreaker {weapon}
21521	Alterac Dreadnought {weapon}
21522	Alterac Obsidian Guard {weapon}
21523	Alterac War Council {weapon}
21524	Dun Morogh Pathfinder Combat Helmet
21525	Dun Morogh Stormproof Combat Helmet
21526	Redridge Dawn Brigade Service Signet
21527	Westfall Shadow Regiment Field Jacket
21529	Westfall Dawn Brigade Service Pendant
21530	Duskwood Blackwatch Combat Trousers
21531	Westfall Shadow Regiment Service Pendant
21532	Duskwood Praetorian Patrol Boots
21538	Northshire Weatherproof Tactical Vest
21539	Northshire Double-Stitched Tactical Vest
21541	Northshire Field-Ready Tactical Vest
21542	Northshire Toughened Tactical Vest
21543	Northshire Reserve-Issue Tactical Vest
21544	Northshire Drill Tactical Vest
21549	Duskwood Salt-Worn Riot Shield
21550	Mountain Discarded {weapon}
21551	Desert Mud-Stained {weapon}
21553	Desert Worn {weapon}
21554	Desert Salt-Worn {weapon}
21555	Desert Battle-Worn {weapon}
21563	Redridge War Council Service Signet
21564	Desert Sun-Faded {weapon}
21565	Stormwind Counter-Sniper Field Device
21566	Stormwind Assault-Team Field Device
21567	Stormwind Vanguard Field Device
21568	Stormwind Combat-Rescue Field Device
21572	Duskwood Battle-Worn Riot Shield
21573	Desert Salvaged {weapon}
21579	Westfall War Council Field Device
21580	Desert Patched {weapon}
21581	Duskwood War Council Combat Gloves
21582	Redridge Iron Covenant Utility Belt
21583	Westfall Iron Covenant Camouflage Cape
21584	Duskwood Blackwatch Wrist Guards
21585	Duskwood Wolfpack Combat Gloves
21586	Duskwood Iron Covenant Utility Belt
21587	Duskwood Iron Vanguard Wrist Guards
21588	Duskwood Siegebreaker Wrist Guards
21594	Duskwood Dreadnought Wrist Guards
21596	Redridge Shadow Regiment Service Signet
21597	Dawn Brigade Command Manual
21598	Duskwood Storm Guard Utility Belt
21599	Duskwood Dreadnought Combat Gloves
21600	Duskwood Siegebreaker Patrol Boots
21601	Redridge Praetorian Service Signet
21602	Duskwood Storm Guard Wrist Guards
21603	Alterac Ghost Division {weapon}
21604	Duskwood Nightfall Wrist Guards
21605	Duskwood Siegebreaker Combat Gloves
21606	Duskwood Nightfall Utility Belt
21607	Duskwood Dreadnought Utility Belt
21608	Westfall Iron Vanguard Service Pendant
21609	Duskwood Siegebreaker Utility Belt
21610	Northshire Last Bastion Riot Shield
21611	Duskwood Last Bastion Wrist Guards
21612	Duskwood Storm Guard Patrol Boots
21613	Duskwood Nightfall Patrol Boots
21614	Duskwood Siegebreaker Combat Helmet
21615	Duskwood Ghost Division Combat Helmet
21616	Alterac Blackwatch {weapon}
21617	Duskwood Blackwatch Combat Gloves
21618	Stormwind Ghost Division Wrist Guards
21619	Duskwood Praetorian Combat Gloves
21620	Duskwood Shadow Regiment Service Signet
21621	Westfall Praetorian Camouflage Cape
21622	Alterac Storm Guard {weapon}
21623	Duskwood Ghost Division Combat Gloves
21624	Duskwood Iron Vanguard Combat Gloves
21625	Westfall Praetorian Field Device
21626	Duskwood Iron Vanguard Combat Trousers
21627	Westfall Shadow Regiment Camouflage Cape
21635	Alterac Last Bastion {weapon}
21639	Stormwind Iron Vanguard Shoulder Harness
21645	Duskwood Blackwatch Patrol Boots
21647	Westfall Dawn Brigade Field Device
21648	Duskwood Dawn Brigade Patrol Boots
21650	Alterac Kingsguard {weapon}
21651	Duskwood Ghost Division Combat Trousers
21652	Iron Covenant Assault Vest
21663	Westfall Praetorian Field Jacket
21664	Westfall Praetorian Service Pendant
21665	Stormwind Praetorian Shoulder Harness
21666	Blackwatch Command Manual
21667	Duskwood Last Bastion Combat Trousers
21668	Duskwood Praetorian Combat Trousers
21669	Duskwood Shadow Regiment Combat Helmet
21670	Westfall Blackwatch Field Device
21671	Westfall Dawn Brigade Field Jacket
21672	Duskwood Shadow Regiment Combat Gloves
21673	Alterac Wolfpack {weapon}
21674	Duskwood Storm Guard Combat Gloves
21675	Duskwood Shadow Regiment Utility Belt
21676	Duskwood Dawn Brigade Combat Trousers
21677	Duskwood Praetorian Service Signet
21678	Westfall War Council Service Pendant
21679	Alterac Dawn Brigade {weapon}
21680	Northshire Blackwatch Recon Vest
21681	Duskwood Blackwatch Service Signet
21682	Duskwood Nightfall Combat Gloves
21683	Stormwind Blackwatch Shoulder Harness
21684	Stormwind Ghost Division Shoulder Harness
21685	Redridge War Council Field Device
21686	Stormwind Dawn Brigade Shoulder Harness
21687	Duskwood War Council Service Signet
21688	Duskwood Last Bastion Patrol Boots
21689	Duskwood Dawn Brigade Combat Gloves
21690	Westfall Obsidian Guard Service Pendant
21691	Duskwood Last Bastion Combat Gloves
21692	Duskwood Praetorian Utility Belt
21693	Duskwood Praetorian Combat Helmet
21694	Stormwind War Council Shoulder Harness
21695	Duskwood Obsidian Guard Service Signet
21696	Westfall War Council Field Jacket
21697	Westfall War Council Camouflage Cape
21698	Duskwood Obsidian Guard Combat Trousers
21699	Stormwind Shadow Regiment Shoulder Harness
21700	Westfall Iron Covenant Service Pendant
21701	Westfall Obsidian Guard Camouflage Cape
21702	Westfall Blackwatch Service Pendant
21703	Alterac Shadow Regiment {weapon}
21704	Duskwood Shadow Regiment Patrol Boots
21705	Duskwood War Council Patrol Boots
21706	Duskwood Kingsguard Patrol Boots
21707	Duskwood Wolfpack Service Signet
21708	Stormwind Obsidian Guard Wrist Guards
21709	Duskwood Kingsguard Service Signet
21710	Westfall Dawn Brigade Camouflage Cape
21712	Westfall Ghost Division Service Pendant
21715	Alterac Praetorian {weapon}
21782	Feralas Marine {weapon}
21794	Desert Discarded {weapon}
21795	Desert Tattered {weapon}
21796	Desert Frayed {weapon}
21797	Southshore War Council {weapon}
21798	Southshore Dawn Brigade {weapon}
21799	Southshore Kingsguard {weapon}
21800	Feralas Siege-Engineer {weapon}
21801	Feralas Deep-Patrol {weapon}
21802	Feralas Breach-Team {weapon}
21803	Ironforge Border-Guard Combat Helmet
21804	Ironforge Rapid-Response Combat Helmet
21805	Ironforge Tunnel-Raider Shoulder Harness
21806	Feralas Combat-Rescue {weapon}
21809	Stormwind Rapid-Response Service Pendant
21810	Stonewatch Border-Guard Patrol Boots
21814	Obsidian Guard Assault Vest
21836	Duskwood Last Bastion Service Signet
21837	Southshore Obsidian Guard {weapon}
21838	Westfall Kingsguard Field Jacket
21839	Southshore Wolfpack {weapon}
21856	Southshore Iron Covenant {weapon}
21888	Duskwood Kingsguard Combat Gloves
21889	Duskwood Iron Covenant Combat Gloves
21890	Duskwood Obsidian Guard Combat Gloves
21891	Redridge Obsidian Guard Field Device
21994	Stonewatch Special-Recon Utility Belt
21995	Duskwood Wolfpack Patrol Boots
21996	Elwynn Special-Recon Wrist Guards
21997	Northshire Blackwatch Assault Vest
21998	Stormwind Obsidian Guard Combat Gloves
21999	Duskwood Blackwatch Combat Helmet
22000	Lakeshire Marine Combat Trousers
22001	Ironforge Commando Shoulder Harness
22002	Stonewatch Breach-Team Utility Belt
22003	Duskwood Iron Covenant Patrol Boots
22004	Elwynn Breach-Team Wrist Guards
22005	Duskwood Iron Vanguard Combat Helmet
22006	Stormwind Wolfpack Combat Gloves
22007	Lakeshire Night-Operations Combat Trousers
22008	Elwynn Breach-Team Shoulder Harness
22009	Northshire Shadow Regiment Recon Vest
22010	Stonewatch Night-Operations Utility Belt
22011	Elwynn Night-Operations Wrist Guards
22013	Duskwood Dreadnought Combat Helmet
22015	Stormwind Iron Covenant Combat Gloves
22016	Elwynn Night-Operations Shoulder Harness
22017	Lakeshire Special-Recon Combat Trousers
22060	Northshire Praetorian Armored Vest
22061	Duskwood Obsidian Guard Patrol Boots
22062	Stonewatch Long-Range Utility Belt
22063	Elwynn Long-Range Wrist Guards
22064	Stormwind Dawn Brigade Patrol Boots
22065	Duskwood Storm Guard Combat Helmet
22066	Stormwind Kingsguard Combat Gloves
22067	Lakeshire Breach-Team Combat Trousers
22068	Elwynn Long-Range Shoulder Harness
22069	Westfall Blackwatch Field Jacket
22070	Stonewatch Marine Utility Belt
22071	Elwynn Marine Wrist Guards
22072	Lakeshire Siege-Engineer Combat Trousers
22073	Elwynn Special-Recon Shoulder Harness
22074	Duskwood Last Bastion Combat Helmet
22075	Westfall Iron Vanguard Field Jacket
22076	Stormwind Shadow Regiment Patrol Boots
22077	Stormwind War Council Combat Gloves
22078	Stonewatch Siege-Engineer Utility Belt
22079	Elwynn Siege-Engineer Wrist Guards
22080	Duskwood Kingsguard Combat Helmet
22081	Stormwind Dawn Brigade Combat Gloves
22082	Elwynn Marine Shoulder Harness
22083	Westfall Ghost Division Field Jacket
22084	Stormwind Praetorian Patrol Boots
22085	Lakeshire Deep-Patrol Combat Trousers
22086	Stonewatch Deep-Patrol Utility Belt
22087	Stormwind Blackwatch Patrol Boots
22088	Elwynn Deep-Patrol Wrist Guards
22089	Northshire Iron Vanguard Assault Vest
22090	Stormwind Shadow Regiment Combat Gloves
22091	Duskwood Wolfpack Combat Helmet
22092	Lakeshire Border-Guard Combat Trousers
22093	Elwynn Siege-Engineer Shoulder Harness
22095	Elwynn Border-Guard Wrist Guards
22096	Stormwind Iron Vanguard Patrol Boots
22097	Duskwood Iron Covenant Combat Helmet
22098	Stonewatch Border-Guard Utility Belt
22099	Stormwind Praetorian Combat Gloves
22100	Lakeshire Rapid-Response Combat Trousers
22101	Elwynn Deep-Patrol Shoulder Harness
22102	Northshire Blackwatch Armored Vest
22106	Stonewatch Rapid-Response Utility Belt
22107	Stormwind Ghost Division Patrol Boots
22108	Elwynn Rapid-Response Wrist Guards
22109	Duskwood Obsidian Guard Combat Helmet
22110	Stormwind Blackwatch Combat Gloves
22111	Lakeshire Assault-Team Combat Trousers
22112	Elwynn Border-Guard Shoulder Harness
22113	Northshire Praetorian Recon Vest
22149	Stormwind Commando Service Pendant
22150	Stormwind Airborne Service Pendant
22191	Northshire Obsidian Guard Armored Vest
22194	Stormwind Iron Vanguard Combat Gloves
22195	Stonewatch Combat-Rescue Utility Belt
22196	Northshire War Council Assault Vest
22197	Stonewatch Counter-Sniper Utility Belt
22198	Northshire War Council Riot Shield
22199	Desert Weathered {weapon}
22204	Elwynn Vanguard Wrist Guards
22205	Elwynn Counter-Sniper Wrist Guards
22206	Ironforge Ranger-Issue Command Manual
22207	Stonewatch Tunnel-Raider Utility Belt
22208	Feralas Commando {weapon}
22210	Desert Scuffed {weapon}
22211	Jungle Patched {weapon}
22212	Elwynn Assault-Team Shoulder Harness
22213	Jungle Salt-Worn {weapon}
22215	Jungle Mud-Stained {weapon}
22223	Ironforge Counter-Sniper Combat Helmet
22225	Ironforge Vanguard Combat Helmet
22230	Stormwind Special-Recon Camouflage Cape
22231	Stonewatch Special-Recon Patrol Boots
22232	Stonewatch Commando Utility Belt
22234	Elwynn Rapid-Response Shoulder Harness
22240	Stonewatch Marine Patrol Boots
22241	Elwynn Combat-Rescue Shoulder Harness
22242	Stonewatch Vanguard Utility Belt
22245	Stonewatch Siege-Engineer Patrol Boots
22247	Lordaeron Commando Patrol Boots
22253	Westfall Tunnel-Raider Command Manual
22254	Feralas Counter-Sniper {weapon}
22255	Ironforge Commando Service Signet
22256	Elwynn Vanguard Combat Gloves
22257	Ironforge Breach-Team Service Signet
22266	Feralas Rapid-Response {weapon}
22267	Ironforge Commando Combat Helmet
22268	Stormwind Tunnel-Raider Field Device
22269	Stormwind Airborne Camouflage Cape
22270	Lordaeron Assault-Team Patrol Boots
22271	Lakeshire Combat-Rescue Combat Trousers
22272	Westfall Marine Recon Vest
22273	Ironforge Tunnel-Raider Combat Helmet
22274	Westfall Siege-Engineer Recon Vest
22275	Lordaeron Combat-Rescue Patrol Boots
22276	Northshire Padded Tactical Vest
22277	Northshire Insulated Tactical Vest
22278	Northshire Service Tactical Vest
22279	Northshire Training Tactical Vest
22280	Northshire Rugged Tactical Vest
22281	Northshire Militia-Issue Tactical Vest
22282	Northshire Standard Tactical Vest
22301	Westfall Combat-Rescue Field Jacket
22302	Ironforge Airborne Combat Helmet
22303	Lakeshire Tunnel-Raider Combat Trousers
22304	Elwynn Tunnel-Raider Combat Gloves
22305	Elwynn Vanguard Shoulder Harness
22306	Stonewatch Airborne Utility Belt
22311	Lordaeron Vanguard Patrol Boots
22313	Elwynn Tunnel-Raider Wrist Guards
22314	Feralas Night-Operations {weapon}
22315	Feralas Airborne {weapon}
22316	Assault-Team Field Kit
22317	Feralas Assault-Team {weapon}
22318	Feralas Long-Range {weapon}
22319	Westfall Counter-Sniper Command Manual
22321	Stormwind Commando Field Device
22322	Feralas Special-Recon {weapon}
22325	Lordaeron Tunnel-Raider Utility Belt
22326	Ironforge Marine Service Signet
22327	Stormwind Long-Range Service Pendant
22328	Lakeshire Counter-Sniper Combat Trousers
22329	Westfall Commando Command Manual
22330	Stormwind Vanguard Camouflage Cape
22331	Elwynn Vanguard Service Signet
22332	Hinterlands Special-Recon {weapon}
22333	Hinterlands Breach-Team {weapon}
22334	Elwynn Tunnel-Raider Service Signet
22335	Hinterlands Border-Guard {weapon}
22336	Westfall Deep-Patrol Riot Shield
22337	Stormwind Long-Range Camouflage Cape
22339	Elwynn Commando Service Signet
22340	Stormwind Breach-Team Service Pendant
22341	Jungle Battle-Worn {weapon}
22342	Lakeshire Commando Combat Trousers
22343	Lakeshire Long-Range Combat Gloves
22345	Siege-Engineer Field Kit
22346	Jungle Sun-Faded {weapon}
22347	Hinterlands Night-Operations {weapon}
22348	Hinterlands Marine {weapon}
22377	Hinterlands Commando {weapon}
22378	Hinterlands Deep-Patrol {weapon}
22379	Hinterlands Airborne {weapon}
22380	Hinterlands Siege-Engineer {weapon}
22383	Southshore Last Bastion {weapon}
22384	Southshore Siegebreaker {weapon}
22385	Duskwood Kingsguard Combat Trousers
22391	Hinterlands Rapid-Response {weapon}
22394	Hinterlands Assault-Team {weapon}
22395	Long-Range Field Kit
22396	Last Bastion Field Kit
22397	Airborne Field Kit
22398	Marine Field Kit
22399	Nightfall Field Kit
22400	Commando Field Kit
22401	Special-Recon Field Kit
22402	Storm Guard Field Kit
22403	Stormwind Counter-Sniper Service Pendant
22404	Hinterlands Combat-Rescue {weapon}
22405	Elwynn Tunnel-Raider Shoulder Harness
22406	Hinterlands Counter-Sniper {weapon}
22407	Elwynn Tunnel-Raider Combat Helmet
22408	Hinterlands Long-Range {weapon}
22409	Westfall Airborne Recon Vest
22410	Lakeshire Breach-Team Combat Gloves
22411	Elwynn Breach-Team Combat Helmet
22412	Elwynn Commando Shoulder Harness
22416	Northshire Ghost Division Assault Vest
22417	Duskwood War Council Combat Trousers
22418	Stormwind War Council Combat Helmet
22419	Stormwind Iron Covenant Shoulder Harness
22420	Stormwind Iron Covenant Patrol Boots
22421	Stormwind Ghost Division Combat Gloves
22422	Duskwood War Council Utility Belt
22423	Stormwind War Council Wrist Guards
22424	Stormwind Dawn Brigade Wrist Guards
22425	Northshire Siegebreaker Assault Vest
22426	Stormwind Siegebreaker Combat Gloves
22427	Duskwood Shadow Regiment Combat Trousers
22428	Stormwind Dawn Brigade Combat Helmet
22429	Stormwind Obsidian Guard Shoulder Harness
22430	Stormwind Obsidian Guard Patrol Boots
22431	Duskwood Dawn Brigade Utility Belt
22433	Elwynn Airborne Service Signet
22436	Northshire Iron Vanguard Armored Vest
22437	Duskwood Iron Covenant Combat Trousers
22438	Stormwind Obsidian Guard Combat Helmet
22439	Stormwind Wolfpack Shoulder Harness
22440	Stormwind Wolfpack Patrol Boots
22441	Stormwind Dreadnought Combat Gloves
22442	Duskwood Obsidian Guard Utility Belt
22443	Stormwind Shadow Regiment Wrist Guards
22458	Hinterlands Vanguard {weapon}
22464	Northshire Ghost Division Armored Vest
22465	Stormwind Obsidian Guard Combat Trousers
22466	Stormwind Shadow Regiment Combat Helmet
22467	Stormwind Siegebreaker Shoulder Harness
22468	Stormwind War Council Patrol Boots
22469	Stormwind Storm Guard Combat Gloves
22470	Duskwood Blackwatch Utility Belt
22471	Stormwind Praetorian Wrist Guards
22472	Lordaeron Tunnel-Raider Patrol Boots
22476	Northshire Iron Vanguard Recon Vest
22477	Stormwind Iron Covenant Combat Trousers
22478	Stormwind Iron Covenant Combat Helmet
22479	Stormwind Kingsguard Shoulder Harness
22480	Stormwind Kingsguard Patrol Boots
22481	Stormwind Nightfall Combat Gloves
22482	Duskwood Iron Vanguard Utility Belt
22483	Stormwind Iron Covenant Wrist Guards
22488	Northshire Ghost Division Recon Vest
22489	Stormwind War Council Combat Trousers
22490	Stormwind Praetorian Combat Helmet
22491	Stormwind Dreadnought Shoulder Harness
22492	Stormwind Siegebreaker Patrol Boots
22493	Stormwind Last Bastion Combat Gloves
22494	Duskwood Ghost Division Utility Belt
22495	Stormwind Blackwatch Wrist Guards
22496	Westfall Dreadnought Field Jacket
22497	Stormwind Wolfpack Combat Trousers
22498	Stormwind Wolfpack Combat Helmet
22499	Stormwind Last Bastion Shoulder Harness
22500	Stormwind Last Bastion Patrol Boots
22501	Ironforge Wolfpack Combat Gloves
22502	Duskwood Wolfpack Utility Belt
22503	Stormwind Wolfpack Wrist Guards
22504	Westfall Storm Guard Field Jacket
22505	Stormwind Dawn Brigade Combat Trousers
22506	Stormwind Blackwatch Combat Helmet
22507	Stormwind Storm Guard Shoulder Harness
22508	Stormwind Dreadnought Patrol Boots
22509	Ironforge Iron Covenant Combat Gloves
22510	Duskwood Last Bastion Utility Belt
22511	Stormwind Iron Vanguard Wrist Guards
22512	Westfall Nightfall Field Jacket
22513	Stormwind Shadow Regiment Combat Trousers
22514	Stormwind Iron Vanguard Combat Helmet
22515	Stormwind Nightfall Shoulder Harness
22516	Stormwind Storm Guard Patrol Boots
22517	Ironforge Obsidian Guard Combat Gloves
22518	Duskwood Kingsguard Utility Belt
22519	Stormwind Siegebreaker Wrist Guards
22589	Northshire Unbroken Line {weapon}
22596	Dun Morogh Drill {weapon}
22630	Northshire Warbringer {weapon}
22631	Northshire Ashen Victory {weapon}
22632	Northshire Sovereign Guard {weapon}
22651	Stormwind Storm Guard Combat Trousers
22652	Westfall Last Bastion Field Jacket
22654	Ironforge Iron Vanguard Combat Gloves
22655	Stormwind Dreadnought Wrist Guards
22656	Southshore Praetorian {weapon}
22657	Westfall Siegebreaker Service Pendant
22658	Westfall Iron Vanguard Camouflage Cape
22659	Westfall Dreadnought Service Pendant
22660	Stormwind Siege-Engineer Camouflage Cape
22661	Northshire Siegebreaker Recon Vest
22662	Ironforge Ghost Division Combat Gloves
22663	Stormwind Storm Guard Wrist Guards
22664	Northshire Siegebreaker Armored Vest
22665	Stormwind Nightfall Wrist Guards
22666	Ironforge Siegebreaker Combat Gloves
22667	Stormwind Last Bastion Wrist Guards
22668	Stormwind Kingsguard Wrist Guards
22669	Northshire Dreadnought Assault Vest
22670	Ironforge Dreadnought Combat Gloves
22671	Ironforge Dreadnought Wrist Guards
22672	Stormwind Nightfall Combat Trousers
22673	Stormwind Dreadnought Combat Trousers
22676	Stormwind Last Bastion Combat Trousers
22678	Redridge Dawn Brigade Field Device
22680	Elwynn Long-Range Service Signet
22681	Elwynn Breach-Team Service Signet
22688	Hinterlands Tunnel-Raider {weapon}
22689	Elwynn Night-Operations Combat Helmet
22690	Lakeshire Vanguard Combat Trousers
22691	Southshore Shadow Regiment {weapon}
22699	Stormwind Kingsguard Combat Trousers
22700	Stormwind Iron Vanguard Combat Trousers
22701	Stormwind Ghost Division Combat Trousers
22702	Stormwind Siegebreaker Combat Trousers
22707	Duskwood Iron Vanguard Service Signet
22709	Jungle Worn {weapon}
22711	Stormwind Marine Camouflage Cape
22712	Stormwind Rapid-Response Camouflage Cape
22713	Silithus Deep-Patrol {weapon}
22714	Lakeshire Deep-Patrol Combat Gloves
22715	Lakeshire Siege-Engineer Combat Gloves
22716	Lordaeron Special-Recon Utility Belt
22718	Elwynn Marine Combat Helmet
22720	Elwynn Special-Recon Combat Helmet
22721	Duskwood Ghost Division Service Signet
22722	Duskwood Siegebreaker Service Signet
22724	Jungle Salvaged {weapon}
22725	Elwynn Marine Service Signet
22730	Stormwind Wolfpack Utility Belt
22731	Westfall Blackwatch Camouflage Cape
22732	Westfall Storm Guard Service Pendant
22736	Northshire Last Battalion {weapon}
22738	Jungle Discarded {weapon}
22740	Stormwind Praetorian Combat Trousers
22741	Stormwind Blackwatch Combat Trousers
22742	Frontline Tactical Vest
22744	Lakeshire Toughened Patrol Boots
22745	Stormwind Reinforced Combat Trousers
22747	Ironforge Ghost Division Combat Trousers
22748	Ironforge Dreadnought Combat Trousers
22749	Ironforge Siegebreaker Combat Trousers
22750	Ironforge Storm Guard Combat Trousers
22751	Ironforge Nightfall Combat Trousers
22752	Ironforge Last Bastion Combat Trousers
22753	Ironforge Kingsguard Combat Trousers
22756	Westfall Counter-Sniper Field Jacket
22757	Elwynn Siege-Engineer Combat Helmet
22758	Elwynn Counter-Sniper Shoulder Harness
22759	Elwynn Deep-Patrol Combat Helmet
22760	Lordaeron Deep-Patrol Patrol Boots
22761	Lordaeron Deep-Patrol Utility Belt
22762	Northshire Rapid-Response Assault Vest
22763	Lakeshire Rapid-Response Combat Gloves
22764	Lordaeron Rapid-Response Utility Belt
22798	Southshore Blackwatch {weapon}
22799	Southshore Dreadnought {weapon}
22800	Southshore Iron Vanguard {weapon}
22801	Southshore Ghost Division {weapon}
22802	Southshore Storm Guard {weapon}
22803	Southshore Nightfall {weapon}
22804	Hillsbrad Ghost Division {weapon}
22805	Hillsbrad Dreadnought {weapon}
22806	Hillsbrad Kingsguard {weapon}
22807	Hillsbrad Iron Covenant {weapon}
22808	Hillsbrad Last Bastion {weapon}
22809	Hillsbrad Wolfpack {weapon}
22810	Hillsbrad Storm Guard {weapon}
22811	Hillsbrad Nightfall {weapon}
22812	Hillsbrad Obsidian Guard {weapon}
22813	Hillsbrad War Council {weapon}
22814	Hillsbrad Dawn Brigade {weapon}
22815	Hillsbrad Siegebreaker {weapon}
22816	Hillsbrad Shadow Regiment {weapon}
22817	Hillsbrad Praetorian {weapon}
22818	Northshire Wolfpack Riot Shield
22819	Northshire Ghost Division Riot Shield
22820	Hillsbrad Blackwatch {weapon}
22821	Hillsbrad Iron Vanguard {weapon}
22843	Lordaeron Special-Recon Patrol Boots
22852	Lordaeron Night-Operations Patrol Boots
22855	Lordaeron Breach-Team Patrol Boots
22856	Lordaeron Marine Patrol Boots
22857	Lordaeron Siege-Engineer Patrol Boots
22858	Lordaeron Border-Guard Patrol Boots
22859	Lordaeron Rapid-Response Patrol Boots
22860	Lordaeron Counter-Sniper Patrol Boots
22862	Lakeshire Special-Recon Combat Gloves
22863	Lakeshire Night-Operations Combat Gloves
22864	Lakeshire Marine Combat Gloves
22865	Lakeshire Border-Guard Combat Gloves
22867	Lakeshire Assault-Team Combat Gloves
22868	Lakeshire Combat-Rescue Combat Gloves
22869	Lakeshire Counter-Sniper Combat Gloves
22870	Lakeshire Vanguard Combat Gloves
22872	Northshire Deep-Patrol Assault Vest
22873	Lakeshire Airborne Combat Trousers
22874	Westfall Siege-Engineer Armored Vest
22875	Lakeshire Long-Range Combat Trousers
22876	Westfall Deep-Patrol Armored Vest
22877	Westfall Deep-Patrol Recon Vest
22878	Sentinel Hill Marine Combat Trousers
22879	Westfall Border-Guard Recon Vest
22880	Sentinel Hill Siege-Engineer Combat Trousers
22881	Sentinel Hill Special-Recon Combat Trousers
22882	Sentinel Hill Deep-Patrol Combat Trousers
22883	Sentinel Hill Border-Guard Combat Trousers
22884	Redridge Special-Recon Field Jacket
22885	Redridge Marine Field Jacket
22886	Redridge Siege-Engineer Field Jacket
22887	Sentinel Hill Rapid-Response Combat Trousers
22935	Redridge Siegebreaker Service Pendant
22936	Ironforge Last Bastion Wrist Guards
22937	Northshire Siegebreaker Command Manual
22938	Westfall Last Bastion Camouflage Cape
22939	Duskwood Dreadnought Service Signet
22940	Ironforge Last Bastion Shoulder Harness
22941	Ironforge Storm Guard Shoulder Harness
22942	Silverpine Storm Guard {weapon}
22943	Redridge Dreadnought Service Pendant
22947	Redridge Storm Guard Service Pendant
22954	Redridge Storm Guard Field Device
22960	Westfall Kingsguard Camouflage Cape
22961	Duskwood Storm Guard Service Signet
22967	Ironforge Nightfall Shoulder Harness
22968	Ironforge Dreadnought Shoulder Harness
22981	Redridge Nightfall Service Pendant
22983	Ironforge Kingsguard Shoulder Harness
22988	Silverpine Last Bastion {weapon}
22994	Northshire Dreadnought Command Manual
22999	Northshire Service Unit Tabard
23000	Northshire Wolfpack Assault Vest
23001	Redridge Nightfall Field Device
23004	Obsidian Guard Field Kit
23005	War Council Field Kit
23006	Iron Covenant Field Kit
23009	Silverpine Nightfall {weapon}
23014	Silverpine Kingsguard {weapon}
23017	Westfall Ghost Division Camouflage Cape
23018	Duskwood Nightfall Service Signet
23019	Stormwind Last Bastion Combat Helmet
23020	Stormwind Storm Guard Combat Helmet
23021	Ironforge Storm Guard Wrist Guards
23023	Redridge Last Bastion Service Pendant
23025	Duskwood Iron Covenant Service Signet
23027	Redridge Last Bastion Field Device
23028	Duskwood Dawn Brigade Service Signet
23029	Northshire Storm Guard Command Manual
23030	Westfall Siegebreaker Camouflage Cape
23031	Stormwind Siegebreaker Service Signet
23032	Stormwind Dreadnought Combat Helmet
23033	Stormwind Nightfall Combat Helmet
23034	Ironforge Wolfpack Shoulder Harness
23035	Stormwind Kingsguard Combat Helmet
23036	Redridge Kingsguard Service Pendant
23037	Stormwind Storm Guard Service Signet
23038	Stormwind Nightfall Service Signet
23039	Silverpine Wolfpack {weapon}
23040	Redridge Iron Covenant Field Device
23041	Redridge Shadow Regiment Field Device
23042	Redridge Kingsguard Field Device
23043	Northshire Blackwatch Riot Shield
23044	Silverpine Ghost Division {weapon}
23045	Redridge Obsidian Guard Camouflage Cape
23046	Redridge Praetorian Field Device
23047	Redridge Blackwatch Field Device
23048	Northshire Iron Covenant Command Manual
23049	Northshire Obsidian Guard Command Manual
23050	Redridge War Council Camouflage Cape
23051	Northshire Stormbound {weapon}
23053	Redridge War Council Service Pendant
23054	Silverpine Blackwatch {weapon}
23056	Silverpine Dawn Brigade {weapon}
23057	Redridge Dawn Brigade Service Pendant
23058	Redridge Shadow Regiment Service Pendant
23059	Stormwind War Council Service Signet
23060	Stormwind Dawn Brigade Service Signet
23061	Stormwind Shadow Regiment Service Signet
23062	Stormwind Praetorian Service Signet
23063	Stormwind Blackwatch Service Signet
23064	Stormwind Iron Vanguard Service Signet
23065	Stormwind Ghost Division Service Signet
23066	Stormwind Dreadnought Service Signet
23067	Stormwind Last Bastion Service Signet
23068	Ironforge Wolfpack Combat Trousers
23069	Westfall Wolfpack Field Jacket
23070	Ironforge Iron Covenant Combat Trousers
23071	Ironforge Obsidian Guard Combat Trousers
23072	Ironforge Shadow Regiment Combat Gloves
23073	Stormwind Nightfall Patrol Boots
23075	Northshire Iron Covenant Riot Shield
23078	Lakeshire Tunnel-Raider Combat Gloves
23081	Lakeshire Airborne Combat Gloves
23082	Lakeshire Commando Combat Gloves
23084	Sentinel Hill Commando Combat Gloves
23085	Redridge Commando Field Jacket
23087	Northshire Siege-Engineer Assault Vest
23088	Westfall Border-Guard Armored Vest
23089	Westfall Long-Range Recon Vest
23090	Elwynn Assault-Team Wrist Guards
23091	Elwynn Commando Wrist Guards
23092	Elwynn Combat-Rescue Wrist Guards
23093	Elwynn Airborne Wrist Guards
23124	Silithus Marine {weapon}
23125	Stormwind Vanguard Service Pendant
23126	Lordaeron Counter-Sniper Utility Belt
23127	Stormwind Breach-Team Camouflage Cape
23128	Sentinel Hill Tunnel-Raider Combat Gloves
23129	Lakeshire Tunnel-Raider Wrist Guards
23132	Silithus Special-Recon {weapon}
23139	Westfall Border-Guard Riot Shield
23156	Westfall Airborne Command Manual
23168	Silithus Long-Range {weapon}
23169	Stormwind Assault-Team Service Pendant
23170	Sentinel Hill Marine Combat Gloves
23171	Silithus Rapid-Response {weapon}
23173	Sentinel Hill Assault-Team Combat Trousers
23177	Silithus Combat-Rescue {weapon}
23178	Stormwind Combat-Rescue Camouflage Cape
23192	Northshire Strengthened Unit Tabard
23197	Border-Guard Field Kit
23198	Rapid-Response Field Kit
23199	Combat-Rescue Field Kit
23200	Counter-Sniper Field Kit
23201	Deep-Patrol Field Kit
23203	Vanguard Field Kit
23206	Redridge Iron Vanguard Field Device
23207	Redridge Ghost Division Field Device
23219	Stormwind Iron Covenant Utility Belt
23220	Westfall Iron Covenant Field Jacket
23221	Silverpine Iron Covenant {weapon}
23226	Northshire Storm Guard Recon Vest
23237	Stormwind Kingsguard Service Signet
23238	Northshire Obsidian Guard Riot Shield
23242	Silverpine Obsidian Guard {weapon}
23243	Elwynn Airborne Shoulder Harness
23244	Elwynn Assault-Team Combat Helmet
23251	Elwynn Rapid-Response Combat Helmet
23252	Lakeshire Rapid-Response Shoulder Harness
23253	Elwynn Border-Guard Combat Helmet
23254	Lakeshire Border-Guard Shoulder Harness
23255	Elwynn Combat-Rescue Combat Helmet
23256	Lakeshire Deep-Patrol Shoulder Harness
23257	Elwynn Counter-Sniper Combat Helmet
23258	Lakeshire Assault-Team Shoulder Harness
23259	Elwynn Vanguard Combat Helmet
23260	Lakeshire Combat-Rescue Shoulder Harness
23261	Elwynn Commando Combat Helmet
23262	Lakeshire Counter-Sniper Shoulder Harness
23263	Elwynn Airborne Combat Helmet
23264	Lakeshire Vanguard Shoulder Harness
23272	Northshire Border-Guard Assault Vest
23273	Sentinel Hill Combat-Rescue Combat Trousers
23274	Sentinel Hill Siege-Engineer Combat Gloves
23275	Lordaeron Airborne Patrol Boots
23276	Elwynn Long-Range Combat Helmet
23277	Lakeshire Tunnel-Raider Shoulder Harness
23278	Lordaeron Long-Range Patrol Boots
23279	Sentinel Hill Special-Recon Combat Gloves
23280	Sentinel Hill Night-Operations Combat Gloves
23281	Stromgarde Night-Operations Patrol Boots
23282	Sentinel Hill Breach-Team Combat Gloves
23283	Stromgarde Breach-Team Patrol Boots
23284	Sentinel Hill Deep-Patrol Combat Gloves
23285	Stromgarde Special-Recon Patrol Boots
23286	Sentinel Hill Border-Guard Combat Gloves
23287	Stromgarde Marine Patrol Boots
23288	Sentinel Hill Rapid-Response Combat Gloves
23289	Stromgarde Siege-Engineer Patrol Boots
23290	Sentinel Hill Assault-Team Combat Gloves
23291	Stromgarde Deep-Patrol Patrol Boots
23292	Westfall Rapid-Response Armored Vest
23293	Sentinel Hill Counter-Sniper Combat Trousers
23294	Westfall Rapid-Response Recon Vest
23295	Sentinel Hill Vanguard Combat Trousers
23296	Sentinel Hill Tunnel-Raider Combat Trousers
23297	Redridge Deep-Patrol Field Jacket
23298	Westfall Assault-Team Recon Vest
23299	Sentinel Hill Commando Combat Trousers
23300	Northshire Assault-Team Assault Vest
23301	Sentinel Hill Airborne Combat Trousers
23302	Sentinel Hill Long-Range Combat Trousers
23303	Redridge Border-Guard Field Jacket
23304	Sentinel Hill Breach-Team Combat Trousers
23305	Redridge Rapid-Response Field Jacket
23306	Lakeshire Rapid-Response Combat Helmet
23307	Lakeshire Commando Shoulder Harness
23308	Lakeshire Border-Guard Combat Helmet
23309	Lakeshire Airborne Shoulder Harness
23310	Lakeshire Deep-Patrol Combat Helmet
23311	Lakeshire Long-Range Shoulder Harness
23312	Lakeshire Assault-Team Combat Helmet
23313	Lakeshire Breach-Team Shoulder Harness
23314	Lakeshire Combat-Rescue Combat Helmet
23315	Lakeshire Night-Operations Shoulder Harness
23316	Lakeshire Counter-Sniper Combat Helmet
23317	Lakeshire Special-Recon Shoulder Harness
23318	Lakeshire Vanguard Combat Helmet
23319	Lakeshire Marine Shoulder Harness
23323	Duskwood Toughened Combat Helmet
23324	Redridge Garrison-Issue Shoulder Harness
23328	Jungle Tattered {weapon}
23356	Stormwind Sun-Faded Riot Shield
23369	Jungle Weathered {weapon}
23451	Silverpine Shadow Regiment {weapon}
23452	Northshire Shadow Regiment Command Manual
23453	Northshire Praetorian Command Manual
23454	Silverpine Siegebreaker {weapon}
23455	Silverpine Dreadnought {weapon}
23456	Silverpine War Council {weapon}
23464	Silverpine Praetorian {weapon}
23465	Silverpine Iron Vanguard {weapon}
23466	Arathi Dawn Brigade {weapon}
23467	Arathi Storm Guard {weapon}
23468	Northshire Blackwatch Command Manual
23469	Northshire Iron Vanguard Command Manual
23557	Arathi Dreadnought {weapon}
23558	Redridge Siegebreaker Field Device
23570	Redridge Dreadnought Field Device
23577	Arathi Blackwatch {weapon}
23582	Jungle Scuffed {weapon}
23583	Jungle Frayed {weapon}
23663	Stormwind Kingsguard Utility Belt
23664	Ironforge Iron Covenant Shoulder Harness
23665	Ironforge War Council Combat Trousers
23666	Stormwind Obsidian Guard Utility Belt
23667	Ironforge Obsidian Guard Shoulder Harness
23668	Ironforge Dawn Brigade Combat Trousers
23705	Northshire Reinforced Unit Tabard
23709	Northshire Garrison-Issue Unit Tabard
23710	Northshire Double-Stitched Unit Tabard
23714	Northshire Toughened Field Device
23716	Northshire Insulated Field Device
23743	Marsh Salvaged {weapon}
24071	Silithus Night-Operations {weapon}
24222	Silithus Border-Guard {weapon}
24358	Stormwind Wolfpack Service Signet
24418	Marsh Mud-Stained {weapon}
25818	Stormwind Salvaged Riot Shield
