224	4	11	0
242	4	8	0
245	4	8	0
249	4	8	0
257	4	8	0
261	4	8	0
295	4	8	0
311	4	8	0
365	4	7	1
368	4	7	1
369	4	4	0
370	4	7	1
371	4	4	0
372	4	7	1
373	4	4	0
374	4	7	1
383	4	4	0
386	4	7	1
387	4	4	0
392	4	7	1
393	4	4	0
394	4	7	1
395	4	4	0
396	4	7	1
472	2	17	10
685	4	7	3
687	4	7	3
691	4	7	2
697	4	7	3
703	4	8	2
704	4	7	3
845	4	8	0
859	2	21	7
963	4	11	0
972	4	10	2
977	4	5	3
1019	4	5	3
1057	4	3	1
1058	4	3	1
1080	4	5	2
1115	2	21	7
1121	2	22	7
1184	4	4	4
1225	4	11	0
1236	4	12	0
1262	4	12	0
1330	4	5	2
1357	4	7	1
1399	4	2	0
1399	4	12	0
1504	4	12	0
1515	2	21	4
1542	2	21	7
1544	2	21	7
1546	2	21	7
1547	2	21	7
1550	2	21	7
1600	2	17	10
1628	2	17	8
1644	4	14	6
1661	2	17	10
1673	4	14	6
1680	4	14	6
1684	4	14	6
1685	4	14	6
1705	4	14	6
1706	4	14	6
1727	4	5	3
1755	4	14	6
1757	4	14	6
1758	2	21	4
1787	4	5	2
1795	4	10	1
1805	4	12	0
1818	4	7	1
1861	4	8	1
1926	2	17	10
1927	2	17	10
1938	2	21	4
1963	4	7	2
1966	4	8	2
1978	4	7	2
1981	4	8	2
2052	4	14	6
2057	4	10	2
2080	4	14	6
2083	4	8	2
2101	4	10	2
2106	4	5	2
2161	4	14	6
2163	4	4	0
2208	4	14	6
2210	4	14	6
2211	4	14	6
2215	4	5	3
2217	4	7	3
2222	4	5	3
2228	4	7	3
2265	4	5	3
2269	4	5	3
2270	4	7	3
2311	4	7	1
2324	4	14	6
2329	4	14	6
2355	4	8	2
2358	4	10	2
2362	4	10	2
2368	4	10	2
2373	4	8	2
2380	2	17	8
2388	2	17	10
2398	2	21	7
2399	2	17	8
2440	2	17	5
2456	4	14	6
2466	2	17	5
2469	2	17	10
2470	4	4	0
2486	4	8	1
2489	4	10	1
2490	4	5	1
2516	4	12	0
2539	4	3	1
2552	4	14	6
2553	4	14	6
2559	4	14	6
2563	4	3	2
2594	4	14	6
2618	4	12	0
2628	4	7	2
2632	4	14	6
2633	4	14	6
2644	4	5	2
2645	4	5	1
2686	4	10	2
2777	2	17	5
2786	2	15	2
2787	2	15	2
2829	4	5	3
2839	2	17	5
2840	2	17	10
2861	2	21	4
2916	4	14	6
2922	4	7	3
2934	4	14	6
2960	4	3	2
2967	4	5	3
2969	4	7	3
2976	4	7	3
2989	4	7	3
3006	2	13	15
3007	2	13	13
3036	4	8	2
3040	4	5	2
3043	4	7	3
3057	4	5	3
3058	4	7	3
3083	4	7	3
3092	2	17	8
3127	4	14	6
3151	2	17	5
3155	2	25	16
3169	4	3	2
3173	4	7	1
3175	2	13	15
3179	4	7	1
3185	2	15	2
3186	2	15	2
3187	2	15	2
3191	2	22	4
3193	4	7	3
3205	4	7	2
3206	4	10	2
3217	4	7	1
3243	2	17	1
3248	4	7	2
3258	4	11	0
3260	4	7	1
3261	4	8	0
3265	4	4	0
3268	4	7	1
3269	4	8	0
3288	2	13	15
3289	4	4	0
3291	4	4	0
3292	4	7	1
3293	4	5	3
3304	4	14	6
3331	4	12	0
3363	2	13	15
3367	2	17	1
3385	2	17	1
3390	4	5	2
3396	4	3	1
3409	4	7	3
3410	4	12	0
3413	4	5	4
3414	4	7	4
3432	4	7	1
3434	2	21	7
3442	4	7	2
3443	4	8	1
3445	4	14	6
3447	2	21	7
3453	4	11	0
3498	2	21	4
3502	2	17	5
3509	2	17	10
3519	4	7	3
3528	4	10	1
3541	4	7	3
3550	2	13	15
3573	4	23	0
3587	4	7	1
3602	4	9	2
3606	4	9	2
3613	4	9	2
3642	4	9	1
3645	4	9	1
3652	4	9	2
3653	4	9	2
3657	4	9	2
3658	4	9	1
3666	4	11	0
3708	4	9	2
3709	4	8	2
3725	4	14	6
3740	4	9	1
3746	2	21	14
3747	4	3	3
3749	4	8	1
3750	4	8	1
3755	4	8	1
3757	4	8	1
3760	4	5	3
3780	2	21	4
3797	2	17	1
3839	4	10	2
3846	4	10	2
3855	2	21	7
3864	4	19	0
3865	4	19	0
3879	2	17	5
3895	4	9	1
3931	4	14	6
3932	4	14	6
3947	2	21	14
3992	4	10	2
4006	4	2	0
4016	4	8	2
4024	4	8	2
4085	4	5	3
4107	4	14	6
4119	2	13	15
4129	2	17	8
4130	4	14	6
4202	4	7	3
4260	2	21	7
4272	4	8	1
4284	4	11	0
4291	2	21	8
4301	4	8	1
4318	4	10	2
4333	4	7	3
4339	4	7	3
4346	4	7	3
4351	2	21	4
4365	4	7	1
4382	4	9	2
4385	4	8	2
4389	4	8	2
4400	4	14	6
4403	4	14	6
4405	4	14	6
4419	4	7	3
4426	2	15	2
4427	2	26	3
4438	4	10	2
4439	4	7	2
4440	4	8	2
4441	2	15	2
4446	4	6	1
4458	4	14	6
4462	4	9	1
4471	4	9	2
4483	4	3	2
4485	4	10	2
4486	4	3	2
4488	4	3	1
4493	4	8	2
4494	4	9	2
4497	4	7	2
4499	4	6	0
4500	4	6	1
4503	4	6	2
4506	4	6	1
4507	4	6	0
4511	4	6	1
4517	4	6	0
4519	4	6	0
4522	4	6	0
4523	4	6	0
4524	4	6	0
4525	4	6	0
4528	4	6	0
4532	4	6	2
4535	4	6	0
4538	4	6	0
4540	4	6	0
4541	4	6	0
4542	4	6	0
4543	4	6	0
4544	4	6	0
4545	4	6	2
4553	4	6	0
4557	4	6	1
4562	4	6	0
4569	4	6	0
4570	4	6	0
4571	4	6	0
4572	4	6	0
4607	4	9	1
4609	2	21	4
4615	4	8	1
4631	4	8	1
4685	4	10	1
4713	4	8	2
4723	4	5	3
4743	4	14	6
4744	4	7	3
4765	4	7	1
4788	2	13	7
4800	2	21	7
4805	2	21	7
4835	4	8	1
4841	4	2	0
4843	4	23	0
4869	4	3	1
4873	4	8	1
4878	4	6	1
4904	4	3	1
4909	2	17	8
4912	4	7	3
4919	4	10	2
4924	4	3	1
4978	4	7	3
4983	4	14	6
4994	2	17	10
5007	2	21	7
5009	2	21	4
5010	2	17	10
5012	2	21	0
5027	2	17	0
5040	2	13	7
5066	2	21	0
5072	4	23	0
5093	4	3	1
5094	4	3	1
5098	2	17	10
5108	2	17	10
5115	4	3	1
5116	4	3	1
5120	2	17	10
5125	2	17	8
5128	2	17	1
5137	2	17	5
5139	2	21	7
5140	2	21	7
5144	2	13	7
5151	2	13	7
5151	2	21	7
5153	2	21	7
5161	2	21	7
5163	2	21	7
5165	2	21	7
5170	2	21	7
5175	2	17	8
5176	2	17	8
5193	2	17	8
5194	2	21	4
5195	2	21	4
5197	2	21	4
5198	2	21	4
5199	2	13	4
5203	2	21	4
5204	2	21	4
5207	2	21	4
5208	2	21	4
5211	2	21	4
5212	2	13	4
5215	2	13	4
5217	2	21	4
5218	2	21	4
5219	2	21	4
5221	2	21	4
5223	2	13	4
5223	2	21	4
5224	2	13	4
5224	2	21	4
5225	2	21	4
5226	2	17	5
5228	2	17	5
5232	2	17	5
5233	2	17	5
5243	4	5	2
5279	2	21	14
5289	2	17	17
5290	2	17	6
5291	2	26	19
5337	4	7	3
5392	2	15	2
5394	4	3	1
5404	2	17	10
5406	4	10	2
5411	4	14	6
5414	4	3	2
5417	2	17	10
5418	4	10	2
5422	4	14	6
5434	4	9	1
5435	4	10	2
5494	4	3	1
5495	4	3	2
5509	2	17	1
5527	2	17	5
5530	2	17	5
5533	2	17	5
5534	2	17	5
5536	2	17	8
5540	2	17	10
5542	2	17	10
5569	2	21	14
5636	2	17	6
5638	2	17	6
5638	2	17	17
5639	2	13	0
5640	2	21	0
5702	4	4	0
5750	2	21	7
5805	4	4	0
5808	4	14	6
5901	4	8	0
5949	2	17	6
6001	4	12	0
6006	4	12	0
6008	4	23	0
6011	4	11	0
6012	4	11	0
6081	2	26	19
6093	2	26	19
6097	2	26	19
6098	2	26	19
6098	4	23	0
6099	2	26	19
6101	2	26	19
6109	2	26	19
6140	2	26	19
6190	4	8	1
6231	2	15	2
6232	2	15	2
6233	2	15	2
6234	2	15	2
6235	2	15	2
6249	2	13	15
6259	2	21	0
6261	2	21	0
6262	2	21	0
6264	2	17	1
6272	4	14	6
6274	4	14	6
6275	4	14	6
6277	4	6	1
6291	4	10	1
6295	4	10	1
6297	4	7	1
6305	4	9	1
6315	4	6	1
6322	4	8	1
6337	4	12	0
6338	4	12	0
6358	4	12	0
6381	4	12	0
6432	2	13	15
6433	2	13	15
6434	2	13	15
6436	2	13	15
6437	2	13	15
6439	2	13	15
6440	2	13	14
6440	2	13	15
6441	2	13	15
6442	2	13	15
6443	2	13	15
6443	2	22	15
6444	2	13	15
6445	2	13	15
6447	2	13	15
6448	2	13	15
6451	2	13	15
6452	2	13	15
6454	2	13	15
6455	2	13	15
6457	2	13	15
6458	2	13	15
6459	2	13	15
6460	2	13	15
6468	2	13	15
6469	2	13	15
6470	2	13	15
6471	2	13	15
6472	2	13	15
6474	2	22	15
6475	2	13	15
6478	4	11	0
6479	4	23	0
6480	4	3	3
6483	4	23	0
6484	4	2	0
6484	4	12	0
6485	4	12	0
6486	4	11	0
6487	4	23	0
6488	4	23	0
6489	4	23	0
6492	4	12	0
6494	4	2	0
6496	4	12	0
6497	4	2	0
6497	4	12	0
6498	4	12	0
6499	4	12	0
6501	4	12	0
6502	4	2	0
6502	4	12	0
6503	4	12	0
6504	4	12	0
6505	4	12	0
6506	4	12	0
6507	4	12	0
6508	4	12	0
6509	4	12	0
6510	4	12	0
6511	4	12	0
6513	4	12	0
6514	4	12	0
6515	4	12	0
6521	4	12	0
6522	4	2	0
6524	4	2	0
6526	4	12	0
6529	4	23	0
6530	4	23	0
6531	4	23	0
6532	4	23	0
6533	4	23	0
6534	4	23	0
6535	4	23	0
6536	4	23	0
6537	4	23	0
6539	4	2	0
6540	4	12	0
6541	4	23	0
6543	4	2	0
6545	4	3	1
6546	4	2	0
6548	4	12	0
6549	4	23	0
6550	4	12	0
6551	4	12	0
6552	4	12	0
6553	4	12	0
6554	4	12	0
6555	2	13	15
6555	4	23	0
6556	4	12	0
6557	4	3	1
6560	4	23	0
6562	4	12	0
6563	4	12	0
6564	4	12	0
6566	2	17	14
6566	4	17	0
6567	2	21	14
6568	2	21	14
6569	2	21	4
6589	2	13	14
6590	2	26	3
6591	2	26	3
6592	2	26	3
6592	2	26	13
6593	2	26	3
6594	2	26	3
6595	2	26	3
6596	2	26	3
6600	2	26	3
6601	2	26	3
6606	2	26	3
6607	2	26	3
6612	2	26	3
6638	4	8	3
6716	4	3	2
6717	4	10	2
6718	4	7	2
6720	4	8	2
6721	4	9	2
6722	4	5	2
6723	4	10	2
6724	4	7	2
6729	4	3	2
6730	4	8	2
6731	4	7	2
6735	4	10	2
6738	4	9	2
6741	4	8	2
6742	4	9	2
6743	4	5	2
6744	4	10	2
6745	4	7	2
6751	4	10	2
6755	4	6	2
6756	4	9	2
6758	4	9	2
6760	4	6	2
6762	4	8	2
6763	4	9	2
6764	4	5	2
6765	4	10	2
6766	4	7	2
6772	4	7	2
6774	4	7	2
6775	4	3	2
6777	4	8	2
6779	4	8	2
6781	4	3	2
6784	4	5	2
6785	4	10	2
6786	4	7	2
6787	4	9	2
6794	2	21	4
6795	2	21	4
6796	2	21	4
6798	2	21	4
6799	2	17	5
6806	2	17	5
6808	2	17	5
6813	2	17	5
6819	4	6	3
6820	4	8	3
6821	4	9	3
6822	4	10	3
6832	4	3	3
6833	4	6	3
6834	4	8	3
6835	4	9	3
6836	4	10	3
6841	4	8	3
6842	4	10	3
6843	4	9	3
6844	4	10	3
6845	4	8	3
6847	4	6	3
6852	4	9	3
6853	4	6	3
6854	4	8	3
6855	4	9	3
6856	4	10	3
6864	4	6	3
6869	4	8	3
6871	4	10	3
6875	4	6	3
6876	4	8	3
6879	4	3	3
6880	4	8	3
6883	4	10	3
6884	4	9	3
6885	4	8	3
6898	4	8	3
6899	4	9	3
6901	4	10	3
6902	4	6	3
6903	4	8	3
6904	4	9	3
6905	4	10	3
6906	4	3	3
6907	4	8	3
6912	4	3	3
6914	4	3	3
6915	4	9	3
6919	4	3	3
6920	4	10	3
6926	4	6	3
6929	4	3	3
6930	4	10	3
6931	4	8	3
6934	4	9	3
6935	4	3	3
6944	4	8	3
6946	4	6	3
6947	4	8	3
6948	4	9	3
6949	4	10	3
6952	4	8	3
6953	4	9	3
6954	4	10	3
6955	4	10	3
6956	4	8	3
6958	4	6	3
6961	4	6	3
6964	4	6	3
6965	4	8	3
6966	4	9	3
6967	4	10	3
6969	4	10	3
6971	4	3	3
6972	4	8	3
6973	4	9	3
6975	4	10	3
6976	4	9	3
6977	4	9	3
6981	4	6	3
6982	4	10	3
6985	4	9	3
6986	4	10	3
6987	4	8	3
6991	4	10	3
6996	4	9	3
6997	4	8	3
6998	4	9	3
6999	4	10	3
7000	4	10	3
7001	4	6	3
7002	4	8	3
7004	4	3	3
7005	4	9	3
7007	4	6	3
7016	4	4	4
7017	4	8	4
7018	4	10	4
7019	4	3	4
7093	4	2	0
7122	4	12	0
7143	4	12	0
7193	4	7	3
7248	4	12	0
7308	2	17	10
7310	2	17	10
7311	2	13	7
7312	2	21	7
7313	2	21	7
7314	2	21	7
7319	2	17	8
7324	2	17	8
7418	4	12	0
7419	2	13	7
7420	2	13	7
7421	4	5	3
7422	4	7	3
7424	4	5	3
7426	2	13	0
7427	2	13	0
7428	2	13	0
7429	2	13	0
7429	2	21	0
7430	2	13	13
7430	2	22	15
7431	2	13	0
7432	2	13	4
7433	2	13	15
7434	2	13	15
7437	2	17	6
7438	2	13	4
7438	2	21	4
7439	2	13	4
7440	2	13	4
7441	2	13	4
7442	2	13	4
7443	2	13	4
7444	2	13	4
7445	2	13	14
7446	2	13	14
7447	2	13	14
7448	2	13	14
7449	2	13	14
7453	2	13	4
7454	2	13	14
7455	2	13	14
7456	2	13	14
7457	2	13	14
7459	2	13	14
7460	2	13	14
7461	2	13	14
7462	2	13	4
7463	2	13	4
7464	2	17	6
7465	2	13	14
7466	2	13	14
7467	2	13	14
7468	2	13	14
7469	2	13	4
7473	2	13	14
7474	2	13	14
7475	2	13	14
7476	2	13	4
7477	2	13	4
7478	2	13	4
7479	2	13	4
7480	2	17	6
7480	2	17	17
7481	2	17	6
7482	2	13	7
7483	2	13	7
7484	2	13	7
7485	2	13	7
7486	2	13	7
7487	2	13	7
7488	2	13	7
7489	2	17	8
7490	2	17	8
7491	2	13	8
7492	2	13	7
7493	2	13	0
7494	2	13	4
7494	2	21	14
7494	2	22	0
7494	4	23	0
7495	2	17	5
7495	2	17	6
7508	2	13	0
7524	2	17	10
7526	2	13	7
7530	4	10	2
7531	2	26	3
7533	4	7	1
7537	4	8	2
7540	4	10	3
7544	4	11	0
7545	4	6	2
7553	4	3	2
7554	4	8	3
7557	4	23	0
7559	4	14	6
7560	4	7	2
7563	4	6	3
7578	4	8	1
7603	2	15	2
7662	4	6	2
7823	4	10	2
7834	4	7	2
7835	4	8	3
7836	4	3	2
7843	4	4	0
7848	4	4	0
7849	4	4	0
7881	4	6	1
7888	4	12	0
7899	4	2	0
7902	4	4	0
7903	4	4	0
7904	4	4	0
7905	4	4	0
7906	4	4	0
7908	4	4	0
7912	4	4	0
7932	4	6	3
7965	2	21	0
8000	2	17	8
8011	2	13	4
8016	2	13	7
8028	2	13	15
8043	2	13	4
8078	2	13	14
8089	4	9	1
8090	2	13	7
8090	2	21	7
8095	2	26	3
8098	4	3	2
8104	2	15	2
8106	2	15	2
8107	2	15	2
8127	2	21	14
8232	4	12	0
8233	4	12	0
8257	2	26	3
8258	2	26	3
8272	2	13	7
8274	2	13	7
8279	2	13	7
8279	2	21	7
8287	2	13	4
8292	4	10	3
8295	4	6	3
8296	4	14	6
8298	2	17	5
8308	4	8	2
8374	4	3	1
8376	2	13	6
8377	2	13	0
8378	2	13	0
8379	2	13	13
8399	4	3	3
8419	4	6	2
8436	4	23	0
8437	4	9	2
8449	4	10	2
8450	4	10	2
8456	2	21	0
8457	2	13	0
8459	2	21	0
8461	2	13	0
8466	2	13	0
8467	2	21	0
8470	2	21	0
8472	2	21	0
8473	2	21	0
8478	2	21	0
8480	2	21	0
8482	2	21	0
8485	2	21	0
8488	2	13	0
8489	2	13	0
8490	2	21	0
8495	2	21	0
8496	2	21	0
8498	2	21	0
8499	2	17	1
8501	2	17	1
8506	2	17	1
8511	2	17	1
8512	2	17	1
8513	2	17	1
8516	2	17	1
8525	2	17	1
8526	2	17	1
8528	2	17	1
8531	2	17	1
8533	2	17	1
8534	2	17	1
8565	2	21	4
8567	2	13	4
8568	2	21	4
8568	2	21	14
8570	2	21	4
8572	2	21	4
8575	2	21	4
8576	2	21	4
8579	2	21	4
8581	2	21	4
8583	2	21	4
8585	2	17	5
8586	2	17	5
8587	2	17	5
8588	2	17	5
8590	2	17	5
8593	2	17	5
8600	2	17	5
8601	2	17	5
8602	2	17	5
8634	4	5	3
8635	4	5	1
8638	4	5	3
8639	4	5	3
8642	4	5	3
8647	4	5	2
8655	4	5	2
8658	4	5	2
8660	4	5	2
8662	4	5	2
8664	4	5	2
8665	4	5	2
8666	4	5	1
8668	4	5	3
8672	4	5	3
8676	4	5	2
8677	4	5	1
8678	4	5	3
8682	4	5	2
8683	4	5	3
8690	2	17	5
8691	2	17	5
8698	4	5	2
8701	4	5	2
8702	4	5	1
8703	4	5	2
8717	4	5	2
8719	4	5	3
8720	4	5	1
8721	4	5	1
8725	4	5	2
8732	4	5	2
8745	2	17	6
8746	2	17	6
8747	2	17	6
8749	4	6	3
8753	4	1	2
8776	4	16	1
8801	4	16	1
8803	2	21	4
8899	2	17	1
8905	4	6	2
8908	4	5	2
8912	4	9	2
8969	4	7	1
9038	4	3	3
9055	2	13	8
9055	2	17	8
9057	2	17	5
9060	2	15	2
9077	4	3	1
9080	4	8	2
9082	4	10	3
9112	4	5	2
9117	2	13	4
9118	2	21	0
9122	2	17	10
9123	4	5	2
9169	4	8	2
9174	4	8	2
9184	4	8	1
9242	4	7	3
9346	4	4	0
9365	4	6	2
9374	4	10	2
9378	4	9	3
9380	4	7	2
9381	2	21	4
9388	4	9	4
9390	4	10	3
9403	4	5	3
9404	4	8	3
9406	4	10	3
9407	4	3	3
9412	4	8	3
9414	4	10	3
9415	4	7	3
9417	4	9	3
9422	4	3	3
9424	4	3	3
9425	4	5	3
9426	4	8	3
9465	2	13	7
9499	4	5	2
9500	4	7	2
9501	4	6	2
9502	4	5	2
9503	4	10	2
9505	4	7	2
9508	4	6	2
9510	4	8	2
9511	4	5	2
9513	4	6	2
9514	4	7	2
9526	4	10	2
9527	4	3	2
9529	4	10	2
9530	4	8	2
9531	4	5	2
9532	4	5	2
9535	4	7	2
9536	4	5	2
9538	4	6	2
9541	4	7	2
9543	4	10	2
9544	4	3	2
9545	4	5	2
9546	4	9	2
9548	4	5	2
9549	4	10	2
9550	4	9	2
9552	4	6	1
9557	4	23	0
9559	4	9	1
9584	4	6	2
9587	4	10	2
9634	4	9	3
9640	4	7	2
9644	4	9	3
9653	4	8	2
9657	4	2	0
9657	4	12	0
9658	4	2	0
9671	4	7	2
9738	4	7	3
9739	4	5	2
9742	4	7	3
9744	4	4	0
9823	4	11	0
9832	4	11	0
9833	4	11	0
9834	4	11	0
9835	4	11	0
9836	4	11	0
9837	4	11	0
9838	4	11	0
9839	4	11	0
9840	4	11	0
9841	4	11	0
9842	4	11	0
9843	4	11	0
9845	4	11	0
9846	4	11	0
9847	4	11	0
9849	4	11	0
9850	4	11	0
9851	4	11	0
9852	4	2	0
9853	4	2	0
9854	4	2	0
9857	4	2	0
9858	4	2	0
9859	4	2	0
9860	4	2	0
9880	4	4	0
9889	4	5	1
9891	4	4	0
9892	4	7	1
9894	4	9	1
9895	4	6	3
9898	4	6	1
9906	4	4	0
9907	4	6	1
9908	4	6	1
9912	4	6	1
9913	4	7	1
9915	4	8	0
9916	4	6	1
9917	4	6	1
9920	4	6	3
9924	4	7	1
9925	4	5	2
9929	4	8	0
9930	4	5	2
9937	4	7	1
9944	4	4	0
9945	4	7	1
9946	4	8	0
9972	4	4	0
9974	4	7	1
9975	4	7	1
9975	4	7	2
9976	4	4	0
9977	4	8	0
9983	4	4	0
9984	4	7	1
9985	4	8	0
9987	4	7	1
9988	4	7	1
9992	4	8	0
9995	4	4	0
9996	4	4	0
9996	4	5	1
9997	4	3	1
10002	4	7	1
10003	4	8	0
10005	4	4	0
10006	4	7	1
10006	4	7	2
10008	4	8	0
10028	4	20	1
10050	4	7	2
10058	4	4	0
10079	4	7	1
10108	4	4	0
10109	4	7	2
10112	4	4	0
10114	4	7	1
10115	4	8	0
10126	4	4	0
10141	4	8	0
10166	4	3	3
10167	4	3	3
10169	4	3	1
10170	4	3	3
10177	4	3	1
10179	4	3	2
10216	4	9	2
10244	4	7	1
10272	4	8	0
10400	4	7	3
10402	4	9	3
10410	4	6	3
10411	4	6	2
10412	4	9	2
10434	4	8	3
10448	4	3	3
10454	4	8	1
10508	4	10	1
10529	4	9	2
10530	4	11	0
10532	4	6	3
10535	4	10	1
10642	2	17	5
10654	2	17	10
10671	2	26	18
10672	2	26	18
10673	2	26	18
10711	4	8	2
10721	4	14	6
10814	2	13	14
10814	2	22	14
10815	2	13	14
10815	2	22	14
10816	2	13	14
10816	2	22	14
10817	2	13	14
10817	2	22	14
10820	2	13	14
10821	2	13	14
10822	2	13	14
10823	2	13	14
10824	2	13	14
10825	2	13	14
10834	4	4	0
10840	4	4	0
10845	4	4	0
10891	4	5	1
10892	4	4	0
10968	4	14	6
11060	4	8	1
11131	4	6	3
11138	4	5	2
11144	4	10	1
11165	2	17	1
11166	4	7	1
11167	4	6	2
11182	4	20	1
11247	2	26	18
11253	4	6	2
11257	4	14	6
11259	2	17	10
11269	4	8	3
11270	4	3	2
11271	2	17	5
11274	4	3	2
11275	4	1	2
11289	2	13	4
11327	4	3	3
11330	4	8	2
11368	4	5	2
11369	4	7	2
11373	4	8	2
11382	4	5	2
11387	4	9	2
11410	4	23	0
11421	4	7	1
11447	4	8	3
11453	2	13	4
11473	4	3	1
11518	4	4	0
11519	4	4	0
11525	4	7	3
11533	4	6	1
11548	4	8	1
11558	4	6	2
11559	4	14	6
11563	4	5	3
11565	4	5	3
11571	4	8	1
11571	4	8	2
11580	4	5	2
11581	4	8	2
11598	4	5	3
11626	4	10	3
11638	4	3	1
11832	4	8	2
11919	4	23	0
11925	4	14	6
11935	4	8	3
11945	4	6	3
11946	4	3	1
11952	4	10	2
11953	4	6	2
11956	4	6	2
11958	2	13	4
11960	4	6	2
11997	4	6	1
11999	4	8	1
12068	4	10	3
12070	4	8	1
12236	2	13	4
12274	2	13	7
12282	4	5	3
12286	2	17	10
12312	4	23	0
12313	4	23	0
12345	4	7	1
12368	4	5	2
12369	4	5	2
12370	4	5	2
12371	4	5	2
12372	4	5	2
12386	4	20	1
12387	4	5	1
12388	4	7	1
12389	4	20	1
12393	4	20	1
12394	4	5	1
12395	4	7	1
12397	4	20	1
12399	4	7	1
12400	4	5	1
12402	4	7	2
12403	4	3	2
12413	4	7	0
12415	4	10	2
12420	4	10	1
12422	4	20	1
12424	4	6	1
12426	4	20	1
12439	4	8	1
12450	4	10	3
12453	4	7	3
12456	4	9	3
12464	4	6	2
12473	4	3	1
12482	4	5	2
12503	4	3	2
12562	2	17	6
12595	4	5	3
12601	2	26	19
12610	2	13	7
12632	4	5	3
12643	4	11	0
12645	4	20	1
12646	4	20	1
12647	4	20	1
12648	4	20	1
12649	4	20	1
12650	4	20	1
12652	4	20	1
12653	4	20	1
12654	4	20	1
12655	4	20	1
12656	4	20	1
12661	4	20	1
12662	4	20	1
12669	4	20	1
12670	4	20	1
12671	4	20	1
12672	4	20	1
12673	4	20	1
12674	4	20	1
12675	4	20	1
12676	4	20	1
12679	4	20	1
12680	4	20	1
12681	4	20	1
12682	4	20	1
12683	4	20	1
12684	4	20	1
12687	4	20	1
12693	4	20	1
12694	4	20	1
12695	4	20	1
12696	4	20	1
12699	4	20	1
12701	4	20	1
12702	4	20	1
12704	4	20	1
12707	4	20	1
12716	4	20	1
12718	4	20	1
12723	4	5	3
12745	4	8	3
12777	4	7	1
12782	4	3	1
12783	4	9	3
12784	4	8	3
12788	4	8	2
12794	4	5	2
12795	4	7	3
12802	4	4	0
12803	4	5	1
12804	4	9	3
12805	4	14	6
12813	4	10	2
12827	2	21	7
12830	4	3	2
12857	2	17	6
12858	4	20	1
12864	4	4	0
12865	4	10	1
12880	2	13	15
12883	2	15	2
12906	4	1	3
12924	4	5	2
12928	4	7	1
12930	4	7	1
12934	4	5	3
12935	4	9	3
12943	4	10	2
12944	4	5	3
12945	4	5	3
12948	4	10	3
12960	4	5	3
12965	4	5	3
12966	4	5	3
12971	4	5	3
12973	4	7	1
12977	4	6	2
12980	4	3	1
12981	4	6	3
12984	4	11	0
12986	4	3	3
12987	4	11	0
12992	2	13	4
13001	2	13	15
13011	4	5	3
13012	4	23	0
13023	4	6	1
13026	4	10	2
13043	4	20	0
13046	4	20	1
13051	4	8	1
13052	4	3	3
13053	4	9	3
13055	4	4	0
13056	4	4	0
13057	4	4	0
13060	2	26	3
13077	4	20	1
13078	2	13	7
13084	2	26	19
13088	4	5	3
13090	4	5	3
13095	4	7	3
13109	4	23	0
13115	4	4	0
13116	4	5	0
13116	4	5	1
13117	4	7	0
13117	4	7	1
13119	4	20	0
13119	4	20	1
13195	4	10	1
13206	4	7	4
13215	4	1	1
13217	4	1	1
13218	4	1	1
13219	4	1	1
13223	4	1	1
13228	4	1	1
13236	4	1	1
13244	4	1	1
13247	4	1	2
13248	4	1	2
13249	4	1	2
13250	4	1	2
13252	4	1	2
13253	4	1	2
13255	4	1	2
13256	4	1	2
13259	4	1	2
13266	4	1	2
13273	4	1	3
13274	4	1	3
13275	4	1	3
13276	4	1	3
13277	4	1	3
13278	4	1	3
13279	4	1	3
13282	4	1	3
13283	4	1	3
13300	4	1	2
13337	4	20	1
13343	4	8	2
13355	4	9	2
13357	4	7	1
13360	2	17	1
13361	4	10	3
13365	4	7	1
13455	2	13	4
13466	2	17	5
13484	4	10	3
13488	2	13	7
13500	4	8	1
13508	4	9	3
13524	4	8	1
13537	4	1	1
13539	4	1	1
13542	4	1	1
13550	4	1	2
13551	4	1	2
13552	4	1	2
13564	4	1	3
13583	2	17	14
13585	2	13	7
13617	4	9	3
13649	4	7	1
13656	4	10	1
13664	4	6	1
13670	4	3	3
13671	4	5	1
13672	4	3	1
13673	4	3	1
13677	4	3	1
13678	4	6	1
13679	4	7	1
13681	4	10	1
13684	4	5	1
13685	4	20	1
13711	2	17	10
13758	4	6	3
13806	4	12	0
13848	2	13	15
13853	2	17	14
13863	4	14	6
13864	4	8	2
13908	2	13	15
13913	2	13	0
13984	4	16	1
14001	4	9	2
14002	4	9	2
14004	4	10	2
14029	2	21	0
14035	2	21	0
14036	2	21	0
14038	2	17	1
14039	2	21	0
14040	2	17	1
14064	4	7	1
14065	4	10	1
14068	4	5	2
14069	4	5	3
14091	4	3	1
14111	4	9	1
14121	4	3	1
14127	4	10	1
14152	4	10	1
14154	4	5	1
14161	4	9	1
14162	4	8	1
14174	4	6	1
14190	4	5	2
14205	4	3	2
14232	4	3	2
14249	4	9	2
14259	4	5	2
14260	4	5	2
14261	4	5	2
14272	4	5	2
14276	4	8	2
14278	4	5	2
14279	4	5	2
14282	4	9	2
14295	4	8	2
14316	4	3	2
14323	4	10	1
14332	4	7	1
14335	4	6	2
14336	4	9	2
14338	4	7	2
14339	4	5	2
14342	4	9	1
14344	4	6	2
14345	4	10	2
14346	4	7	2
14348	4	10	1
14353	4	8	2
14354	4	8	2
14360	4	6	2
14361	4	3	2
14370	4	10	1
14371	4	3	1
14373	4	10	1
14374	4	7	1
14376	4	5	1
14377	4	5	1
14378	4	5	1
14389	4	6	2
14396	4	3	1
14403	4	8	1
14408	4	6	2
14410	4	9	2
14411	4	10	2
14414	4	6	1
14418	4	5	2
14421	4	3	2
14423	4	9	1
14425	4	6	2
14426	4	8	2
14427	4	9	2
14429	4	7	2
14430	4	5	2
14431	4	6	1
14432	4	11	0
14433	4	11	0
14434	4	11	0
14436	4	11	0
14437	4	2	0
14437	4	11	0
14438	4	11	0
14443	4	6	2
14444	4	8	2
14445	4	10	2
14449	4	10	1
14450	4	7	1
14456	4	6	1
14457	4	10	1
14458	4	7	1
14459	4	5	1
14466	4	5	1
14467	4	10	1
14468	4	7	1
14469	4	6	2
14470	4	8	2
14471	4	9	2
14472	4	5	2
14474	4	8	2
14475	4	10	2
14476	4	7	2
14477	4	5	1
14478	4	10	1
14479	4	7	1
14480	4	10	2
14481	4	7	2
14482	4	10	1
14483	4	7	1
14484	4	5	1
14492	4	6	2
14493	4	9	2
14495	4	7	2
14496	4	5	2
14497	4	10	1
14498	4	7	1
14499	4	5	1
14509	4	10	1
14510	4	9	1
14511	4	7	1
14513	4	5	1
14514	4	8	1
14515	4	6	1
14522	4	7	2
14524	4	5	1
14525	4	8	1
14528	4	10	1
14529	4	7	1
14530	4	6	1
14531	4	8	1
14533	4	6	2
14534	4	8	2
14535	4	9	2
14536	4	10	2
14537	4	7	2
14539	4	5	2
14541	4	9	1
14542	4	10	1
14544	4	8	2
14545	4	9	2
14546	4	10	2
14547	4	7	2
14549	4	20	1
14550	4	3	1
14551	4	5	1
14552	4	8	1
14554	4	7	1
14555	4	6	1
14566	4	9	1
14589	4	3	1
14590	4	7	1
14599	4	3	2
14601	4	9	1
14601	4	9	2
14602	4	5	2
14603	4	10	2
14606	4	20	1
14613	4	7	1
14615	4	7	1
14617	4	8	1
14618	4	9	1
14623	4	10	1
14624	4	6	1
14625	4	7	1
14635	4	7	2
14640	4	9	1
14644	4	7	1
14645	4	8	1
14646	4	5	1
14647	4	9	1
14648	4	6	1
14649	4	3	1
14651	4	8	1
14652	4	9	1
14656	4	6	1
14657	4	5	1
14659	4	7	1
14661	4	10	1
14671	4	6	2
14672	4	8	2
14673	4	9	2
14674	4	5	2
14675	4	7	2
14676	4	10	2
14677	4	3	2
14678	4	5	1
14679	4	8	1
14680	4	9	1
14684	4	10	1
14685	4	7	1
14686	4	6	1
14696	4	3	2
14697	4	7	2
14698	4	10	2
14700	4	9	2
14701	4	8	2
14702	4	6	2
14705	4	9	1
14706	4	10	1
14710	4	6	1
14711	4	7	1
14728	4	9	2
14729	4	10	2
14730	4	7	2
14731	4	5	2
14735	4	6	1
14736	4	9	1
14737	4	10	1
14738	4	7	1
14739	4	5	1
14746	4	7	1
14748	4	5	1
14749	4	8	1
14750	4	9	1
14752	4	6	1
14755	4	10	2
14757	4	7	2
14758	4	5	2
14759	4	8	2
14765	4	10	1
14769	4	8	2
14770	4	9	2
14773	4	5	2
14774	4	6	2
14775	4	10	2
14776	4	7	2
14777	4	7	2
14781	4	5	2
14803	4	9	2
14831	4	9	2
14832	4	6	2
14846	4	8	2
14895	4	8	3
14936	4	6	2
14950	4	3	2
14986	4	5	1
14989	4	7	1
14990	4	20	1
14995	4	5	2
14996	4	8	2
14997	4	9	2
14999	4	6	2
15000	4	10	2
15001	4	7	2
15002	4	3	2
15003	4	5	1
15005	4	20	1
15008	4	10	1
15012	4	6	1
15014	4	3	1
15015	4	7	1
15016	4	6	2
15017	4	8	2
15018	4	10	2
15020	4	7	2
15023	4	9	2
15032	4	16	1
15040	4	16	1
15042	4	16	1
15061	4	16	1
15065	4	16	1
15068	4	16	1
15074	4	16	1
15076	4	16	1
15079	4	16	1
15082	4	16	1
15089	4	16	1
15106	4	16	1
15120	4	16	1
15121	4	16	1
15148	4	16	1
15149	4	16	1
15156	4	16	1
15161	4	16	1
15163	4	16	1
15164	4	16	1
15165	4	16	1
15166	4	16	1
15175	4	16	1
15178	4	16	1
15181	4	16	1
15183	4	16	1
15196	4	16	1
15201	4	20	1
15206	4	16	1
15211	4	16	1
15214	4	16	1
15217	4	16	1
15223	4	20	1
15232	4	20	1
15236	4	16	1
15238	2	26	19
15239	4	16	1
15243	4	16	1
15244	4	16	1
15246	4	16	1
15247	4	16	1
15248	4	16	1
15267	4	16	1
15272	4	16	1
15273	4	16	1
15278	4	1	1
15283	4	1	1
15284	4	1	1
15287	4	1	1
15288	4	1	3
15290	4	1	3
15293	4	1	1
15293	4	1	2
15293	4	1	4
15294	4	1	2
15295	4	1	1
15297	4	1	2
15298	4	1	1
15298	4	1	2
15299	4	1	2
15302	4	1	2
15304	4	1	2
15305	4	1	2
15307	4	1	2
15308	4	1	0
15308	4	1	1
15314	4	1	1
15318	4	1	3
15319	4	1	1
15319	4	1	2
15320	4	1	3
15322	4	1	1
15324	4	1	3
15327	4	1	3
15330	4	1	2
15333	4	1	3
15336	4	1	1
15339	4	1	1
15340	4	1	3
15340	4	1	4
15398	4	5	1
15399	4	6	1
15400	4	20	1
15401	4	7	1
15402	4	3	1
15405	4	10	1
15406	4	16	1
15407	4	9	1
15409	4	8	1
15410	4	9	1
15411	4	6	2
15412	4	8	2
15413	4	9	2
15415	4	10	2
15416	4	7	2
15417	4	3	2
15420	4	2	0
15420	4	12	0
15421	4	2	0
15422	4	11	0
15424	4	23	0
15427	4	23	0
15428	4	23	0
15430	4	23	0
15466	2	17	5
15467	2	17	5
15468	2	17	5
15492	4	1	3
15501	4	1	3
15506	4	1	3
15517	4	1	3
15547	4	1	1
15561	4	23	0
15564	4	23	0
15576	2	17	1
15591	2	21	7
15704	2	17	8
15720	2	13	13
15721	4	10	3
15725	4	23	0
15726	2	13	4
15731	4	5	3
15753	4	10	2
15786	2	13	5
15795	2	17	5
15800	4	3	1
15804	2	13	7
15806	2	17	10
15809	4	3	3
15810	4	1	3
15811	4	1	3
15816	4	10	3
15817	4	19	0
15820	4	20	1
15821	2	26	3
15824	4	7	1
15835	2	26	3
15858	4	4	0
15863	4	1	1
15866	4	16	1
15884	4	23	0
15886	4	8	2
15887	2	13	4
15887	2	21	4
15889	4	8	2
15890	4	3	2
15894	4	10	2
15897	4	5	1
15897	4	5	3
15897	4	5	4
15905	4	1	1
15906	4	1	1
15908	4	1	1
15909	4	1	1
15910	4	1	1
15911	4	1	1
15912	4	1	1
15938	2	13	0
15966	4	20	0
15990	2	17	10
16079	4	3	3
16080	4	5	3
16081	4	3	3
16084	4	1	3
16086	4	8	3
16087	4	10	3
16089	4	3	4
16091	4	10	4
16092	4	7	4
16093	4	1	4
16101	4	5	3
16102	4	10	3
16103	4	7	4
16105	4	10	4
16106	4	3	4
16109	4	5	4
16110	4	1	3
16111	4	3	3
16113	4	8	4
16114	4	5	3
16115	4	1	4
16117	4	5	4
16118	4	8	4
16119	4	1	4
16124	4	10	4
16126	2	21	0
16128	2	21	7
16130	2	13	15
16131	4	6	2
16132	4	2	0
16132	4	11	0
16133	4	7	2
16134	4	5	2
16136	4	8	2
16137	4	1	2
16146	2	17	5
16147	2	17	8
16155	2	21	7
16184	4	5	3
16209	4	12	0
16223	4	10	3
16224	4	1	1
16368	4	8	0
16452	4	12	0
16470	4	3	1
16482	4	5	2
16483	4	1	2
16487	4	7	3
16488	4	10	3
16492	4	1	3
16497	4	3	2
16505	4	8	2
16506	4	9	3
16508	4	20	2
16510	4	7	2
16513	4	5	3
16515	4	10	3
16516	4	9	3
16517	4	7	3
16519	4	3	3
16520	4	1	3
16521	4	8	3
16522	4	20	1
16523	4	20	1
16526	4	3	2
16528	4	20	1
16531	4	20	1
16534	4	7	2
16538	2	21	7
16539	2	13	7
16539	2	21	7
16544	4	1	1
16545	4	1	1
16548	4	1	0
16548	4	1	1
16551	4	5	1
16552	4	7	1
16553	4	8	1
16554	4	6	1
16555	4	9	1
16557	4	4	0
16560	4	5	1
16561	4	7	1
16562	4	10	1
16563	4	8	1
16565	4	6	1
16566	4	9	1
16567	4	20	1
16568	4	5	1
16569	4	10	1
16571	4	9	1
16572	4	3	1
16575	4	5	1
16576	4	8	1
16577	4	6	1
16579	4	5	1
16580	4	7	1
16581	4	10	1
16582	4	8	1
16583	4	6	1
16584	4	9	1
16585	4	5	1
16586	4	10	1
16587	4	8	1
16588	4	9	1
16589	4	5	1
16590	4	5	1
16591	4	7	1
16592	4	10	1
16594	4	6	1
16595	4	9	1
16599	4	5	1
16600	4	7	1
16601	4	10	1
16603	4	6	1
16604	4	9	1
16604	4	9	2
16605	4	8	1
16606	4	3	1
16607	4	20	1
16610	4	4	0
16611	4	20	1
16612	4	20	1
16614	4	20	1
16615	4	20	1
16631	4	5	1
16632	4	7	1
16633	4	10	1
16634	4	8	1
16636	4	9	1
16637	4	3	1
16638	4	1	1
16642	4	10	1
16643	4	20	1
16651	4	10	1
16652	4	3	1
16654	4	20	1
16655	4	20	1
16656	4	7	1
16657	4	10	1
16659	4	8	1
16663	4	6	1
16664	4	9	1
16666	4	20	1
16667	4	20	1
16670	4	20	1
16671	4	20	1
16673	4	20	1
16676	4	20	1
16678	4	10	2
16694	4	20	1
16695	4	20	1
16696	4	20	1
16698	4	20	1
16700	4	5	1
16701	4	7	1
16702	4	10	1
16703	4	8	1
16704	4	6	1
16706	4	3	1
16707	4	16	1
16708	4	5	1
16709	4	7	1
16710	4	10	1
16711	4	10	1
16712	4	8	1
16713	4	8	1
16714	4	9	1
16715	4	3	1
16716	4	6	1
16717	4	6	1
16718	4	5	1
16719	4	7	1
16720	4	10	1
16721	4	8	1
16722	4	6	1
16723	4	6	1
16724	4	9	1
16729	4	5	3
16731	4	10	3
16751	2	25	16
16752	2	25	16
16753	2	25	16
16754	2	25	16
16755	2	25	16
16758	2	25	16
16760	2	25	16
16762	2	25	16
16764	4	7	1
16766	4	8	1
16767	4	6	1
16769	4	5	1
16770	4	7	1
16771	4	10	1
16772	4	8	1
16773	4	6	1
16774	4	9	1
16775	4	1	1
16777	4	5	1
16778	4	7	1
16779	4	10	1
16780	4	8	1
16781	4	6	1
16782	4	6	1
16784	4	6	1
16786	4	3	1
16787	4	6	1
16788	4	6	1
16789	4	10	1
16791	4	7	1
16792	4	6	1
16793	4	10	1
16794	4	7	1
16795	4	5	1
16796	4	7	1
16797	4	10	1
16798	4	8	1
16799	4	6	1
16800	4	5	1
16802	4	8	1
16804	4	9	1
16805	4	9	1
16806	4	9	1
16807	4	6	1
16809	4	8	1
16810	4	8	1
16812	4	20	1
16813	4	20	1
16815	4	10	1
16816	4	9	1
16817	4	10	1
16818	4	10	1
16819	4	6	1
16820	4	8	1
16821	4	8	1
16822	4	8	1
16823	4	1	1
16824	4	1	1
16825	4	1	1
16826	4	1	1
16828	4	3	1
16829	4	6	1
16830	4	6	1
16831	4	6	1
16832	4	6	1
16833	4	6	1
16834	4	6	1
16835	4	6	1
16838	4	6	1
16839	4	7	1
16842	4	7	1
16843	4	7	1
16845	4	7	1
16846	4	7	1
16847	4	7	1
16848	4	7	1
16849	4	7	1
16850	4	7	1
16852	4	7	1
16853	4	8	1
16854	4	8	1
16855	4	8	1
16856	4	8	1
16858	4	8	1
16862	4	5	1
16863	4	7	1
16864	4	10	1
16865	4	6	1
16866	4	6	1
16868	4	5	2
16869	4	9	1
16870	4	5	2
16871	4	5	2
16876	4	5	2
16878	4	20	1
16879	4	16	1
16880	4	8	1
16881	4	8	1
16882	4	5	2
16883	4	5	2
16887	4	9	1
16888	4	5	2
16890	4	5	2
16891	4	5	2
16892	4	9	1
16895	4	5	2
16897	4	9	1
16899	4	5	2
16900	4	5	2
16901	4	9	1
16903	4	5	3
16905	4	9	1
16906	4	9	1
16907	4	9	1
16910	4	6	2
16911	4	6	2
16913	4	9	1
16914	4	6	2
16915	4	9	1
16916	4	6	2
16918	4	9	1
16919	4	6	2
16920	4	6	2
16921	4	6	2
16922	4	6	2
16925	4	9	1
16926	4	9	1
16927	4	9	1
16929	4	9	1
16930	4	9	1
16931	4	6	2
16932	4	6	2
16934	4	9	1
16935	4	6	2
16936	4	9	1
16938	4	6	2
16941	4	6	2
16942	4	6	2
16943	4	6	2
16944	4	10	1
16945	4	6	2
16946	4	10	1
16947	4	6	2
16948	4	6	2
16949	4	6	2
16950	4	10	1
16951	4	7	2
16952	4	10	1
16953	4	7	2
16954	4	7	2
16956	4	10	1
16958	4	7	2
16959	4	10	1
16966	4	10	1
16967	4	7	2
16968	4	7	2
16969	4	10	1
16970	4	10	1
16971	4	7	2
16972	4	7	2
16974	4	7	2
16975	4	7	2
16977	4	7	2
16980	4	8	2
16981	4	8	2
16982	4	8	2
16983	4	8	2
16984	4	8	2
16986	4	8	2
16988	4	8	2
16989	4	8	2
16990	4	8	2
16991	4	8	2
16992	4	8	2
16994	4	8	2
16995	4	8	2
16996	4	8	2
16997	4	8	2
16998	4	8	2
16999	4	8	2
17001	4	9	2
17002	4	9	2
17004	4	9	2
17007	4	9	2
17008	4	9	2
17009	4	9	2
17010	4	9	2
17011	4	9	2
17014	4	9	2
17015	4	9	2
17017	4	9	2
17019	4	9	2
17020	4	9	2
17021	4	9	2
17022	4	9	2
17024	4	9	2
17027	4	10	2
17031	4	7	2
17051	4	10	2
17054	4	10	2
17055	4	10	2
17061	4	10	2
17062	4	10	2
17066	4	10	2
17067	4	10	2
17068	4	10	2
17069	4	10	2
17070	4	10	2
17072	4	10	2
17074	4	10	2
17075	4	10	2
17077	4	10	2
17091	4	5	2
17092	4	5	2
17093	4	5	2
17094	4	5	2
17095	4	5	2
17097	4	5	2
17098	4	5	2
17099	4	5	2
17100	4	5	2
17101	4	5	2
17102	4	5	2
17103	4	5	2
17105	4	5	2
17111	4	6	2
17112	4	6	1
17113	4	6	2
17114	4	6	2
17115	4	6	2
17117	4	6	2
17118	4	6	2
17119	4	6	1
17120	4	8	1
17121	4	6	2
17122	4	6	2
17123	4	20	1
17124	4	6	2
17125	4	5	1
17126	4	6	2
17127	4	6	2
17128	4	5	1
17129	4	6	2
17130	4	10	1
17132	4	3	1
17133	4	20	1
17134	4	6	2
17135	4	3	1
17136	4	6	1
17137	4	7	2
17138	4	8	1
17140	4	7	2
17141	4	7	2
17142	4	7	2
17143	4	10	1
17144	4	7	2
17146	4	10	1
17147	4	7	2
17148	4	8	1
17149	4	7	2
17150	4	7	2
17151	4	7	2
17152	4	7	2
17153	4	7	2
17154	4	7	2
17155	4	7	2
17156	4	7	2
17158	4	8	2
17159	4	8	2
17160	4	7	2
17161	4	8	2
17163	4	8	2
17164	4	8	2
17165	4	8	2
17166	4	9	2
17167	4	9	2
17169	4	9	2
17170	4	9	2
17171	4	9	2
17172	4	9	2
17173	4	9	2
17174	4	10	2
17175	4	10	2
17176	4	10	2
17177	4	10	2
17178	4	10	2
17179	4	10	2
17180	4	10	2
17181	4	10	2
17182	4	10	2
17183	4	10	2
17184	4	10	2
17185	4	10	2
17186	4	10	2
17187	4	10	2
17188	4	10	2
17189	4	10	2
17190	4	3	2
17192	4	3	2
17193	4	3	2
17194	4	3	2
17195	4	3	2
17196	4	3	2
17197	4	3	2
17199	4	1	2
17204	4	1	2
17211	4	5	1
17212	4	7	2
17213	4	1	2
17214	4	5	2
17215	4	8	2
17216	4	10	1
17218	4	6	2
17223	4	10	2
17224	4	6	2
17225	4	10	2
17226	4	1	2
17227	4	8	1
17228	4	6	1
17229	4	9	1
17230	4	10	2
17231	4	6	2
17232	4	7	2
17233	4	5	2
17234	4	3	1
17236	4	20	1
17237	4	6	2
17238	4	16	1
17251	4	5	1
17252	4	7	1
17255	4	10	1
17256	4	8	1
17258	4	8	2
17259	4	9	2
17261	4	6	1
17262	4	9	1
17263	4	10	2
17265	4	7	2
17267	4	3	2
17269	4	1	2
17271	4	3	1
17274	4	1	1
17276	4	20	1
17277	4	1	2
17312	4	5	2
17312	4	20	2
17313	4	7	2
17314	4	10	2
17316	4	9	2
17317	4	8	2
17318	4	6	2
17319	4	3	2
17321	4	1	2
17462	4	4	0
17462	4	5	1
17599	4	23	0
17600	4	23	0
17602	4	23	0
17788	2	21	4
17884	4	14	6
17885	4	14	6
17887	4	14	6
17888	4	14	6
17914	2	17	14
17918	4	2	0
17944	4	14	6
18059	4	12	0
18087	4	12	0
18109	4	12	0
18119	4	12	0
18120	4	20	1
18121	4	20	1
18122	4	20	1
18127	4	16	1
18131	4	16	1
18133	4	16	1
18172	4	2	0
18254	2	17	11
18255	2	17	11
18256	4	10	3
18257	2	13	0
18264	2	13	15
18268	2	13	4
18269	2	17	5
18270	2	13	7
18271	4	10	1
18274	4	7	3
18283	4	6	3
18284	4	5	2
18289	2	17	10
18289	4	23	0
18298	2	26	3
18306	2	17	6
18308	4	2	0
18312	2	13	4
18322	4	1	2
18324	2	17	5
18325	2	13	7
18328	2	17	1
18331	4	9	2
18333	4	3	3
18334	4	1	1
18337	4	9	1
18338	4	5	1
18339	4	10	3
18340	2	21	0
18342	2	17	8
18343	2	15	2
18346	2	26	19
18347	4	5	1
18350	2	15	2
18352	4	9	3
18354	2	17	8
18355	2	15	2
18356	2	26	19
18361	4	8	2
18364	4	10	3
18365	4	11	0
18366	4	9	1
18367	4	8	2
18368	2	17	10
18371	4	9	2
18372	2	26	3
18373	2	13	4
18374	4	14	6
18376	4	1	1
18377	2	13	0
18378	4	9	4
18382	4	5	3
18386	4	5	2
18387	4	7	2
18388	2	17	6
18389	4	3	4
18391	2	21	0
18392	4	1	2
18397	4	11	0
18399	4	14	6
18403	2	13	0
18405	2	26	3
18406	2	13	4
18408	2	26	19
18409	2	17	8
18414	4	1	1
18415	4	1	1
18416	4	1	1
18418	4	1	2
18419	4	8	2
18422	4	1	1
18423	4	10	1
18427	4	9	3
18428	4	20	1
18429	4	7	2
18430	4	8	4
18431	4	8	3
18433	4	3	2
18434	4	7	2
18437	4	23	0
18438	2	17	10
18439	4	5	1
18440	4	5	1
18443	4	10	2
18444	4	8	1
18447	4	14	6
18449	4	14	6
18451	4	14	6
18454	4	14	6
18455	4	14	6
18456	4	14	6
18458	4	5	2
18466	4	5	2
18468	4	14	6
18469	4	14	6
18470	4	5	2
18471	4	5	2
18472	4	14	6
18474	4	14	6
18476	4	14	6
18477	4	14	6
18478	4	7	2
18480	4	14	6
18481	4	14	6
18483	4	14	6
18484	4	14	6
18485	4	14	6
18486	4	14	6
18487	4	14	6
18488	4	14	6
18489	4	7	2
18490	4	14	6
18491	4	14	6
18492	4	14	6
18493	4	14	6
18494	4	23	0
18495	4	23	0
18496	2	13	4
18497	4	3	4
18498	4	1	2
18506	4	14	6
18507	4	14	6
18508	4	14	6
18509	4	14	6
18510	4	14	6
18511	4	14	6
18512	4	14	6
18516	4	14	6
18522	4	14	6
18523	4	14	6
18528	4	14	6
18530	2	17	10
18531	2	17	5
18533	4	14	6
18572	2	21	4
18573	4	10	4
18575	4	23	0
18577	4	3	2
18578	2	21	4
18579	4	1	1
18580	4	10	4
18583	2	13	4
18584	4	1	4
18586	4	10	1
18607	2	17	1
18633	2	13	14
18634	2	13	14
18635	2	13	14
18650	4	14	6
18652	2	13	4
18653	4	14	6
18655	4	14	6
18656	4	14	6
18657	4	14	6
18658	4	14	6
18659	4	14	6
18661	4	14	6
18662	4	14	6
18663	4	14	6
18664	4	14	6
18665	4	14	6
18668	4	14	6
18669	4	14	6
18670	4	14	6
18671	4	14	6
18672	4	14	6
18673	4	14	6
18689	4	1	1
18690	4	14	6
18694	4	14	6
18696	4	14	6
18697	4	14	6
18699	4	14	6
18700	4	14	6
18701	4	14	6
18702	4	14	6
18707	4	2	0
18714	4	23	0
18725	4	12	0
18728	4	1	1
18729	4	14	6
18730	4	14	6
18732	4	14	6
18733	4	14	6
18749	4	14	6
18750	4	14	6
18751	4	14	6
18769	4	14	6
18771	4	14	6
18772	4	14	6
18774	4	14	6
18775	4	14	6
18789	4	14	6
18790	4	14	6
18792	4	14	6
18793	4	14	6
18811	4	14	6
18813	4	14	6
18814	4	14	6
18815	4	14	6
18816	4	14	6
18819	4	14	6
18822	4	14	6
18823	4	14	6
18824	4	14	6
18826	4	14	6
18832	4	8	1
18834	4	20	1
18835	4	10	1
18837	4	5	1
18858	4	10	1
18860	4	1	1
18861	4	1	1
18863	4	8	1
18865	4	3	1
18866	4	3	1
18872	4	1	1
18877	4	1	1
18879	4	1	1
18882	4	3	1
18883	4	20	1
18886	4	5	1
18887	4	7	1
18889	4	10	1
18901	4	3	1
18903	4	5	2
18904	4	8	2
18905	4	8	1
18906	4	8	1
18911	4	7	1
18912	4	10	2
18914	4	7	1
18915	4	16	1
18916	4	4	0
18921	4	1	2
18923	4	4	0
18924	4	4	0
18925	4	4	0
18929	4	10	2
18930	4	9	2
18933	4	8	1
18934	4	5	2
18935	4	7	2
18936	4	10	2
18937	4	8	2
18938	4	9	2
18939	4	3	2
18943	4	5	2
18944	4	8	2
18945	4	9	2
18946	4	10	2
18947	4	7	2
18948	4	16	1
18949	4	5	1
18951	4	3	2
18962	4	7	2
18968	4	16	1
18969	4	7	2
18971	4	3	2
18974	4	6	2
18976	4	1	1
18977	4	5	2
18978	4	9	2
18979	4	8	2
18980	4	6	2
18981	4	10	2
18982	4	7	2
18983	4	3	2
18985	4	1	2
18991	4	10	1
18992	4	1	1
18998	4	10	1
18999	4	10	1
19000	4	1	1
19001	4	6	2
19002	4	5	2
19005	4	10	2
19008	4	3	2
19009	4	7	1
19010	4	1	2
19011	4	20	1
19012	4	5	2
19013	4	8	2
19014	4	9	2
19017	4	10	2
19018	4	7	2
19019	4	6	2
19020	4	3	2
19029	4	5	2
19030	4	7	2
19032	4	10	2
19033	4	8	2
19034	4	6	2
19035	4	20	1
19037	4	20	1
19040	4	5	2
19041	4	7	2
19042	4	6	2
19043	4	8	2
19044	4	10	2
19049	4	5	3
19051	4	8	1
19055	4	10	1
19056	4	10	1
19060	4	1	1
19061	4	7	1
19109	4	20	1
19110	4	20	1
19111	4	10	1
19113	4	3	1
19114	4	5	1
19125	4	10	2
19126	2	21	0
19127	2	21	0
19128	4	10	1
19129	2	13	0
19130	2	21	0
19132	2	13	0
19132	2	21	0
19133	2	21	0
19134	2	21	0
19135	2	21	0
19136	2	21	0
19137	2	21	0
19141	4	20	1
19142	4	20	0
19184	4	8	2
19201	4	7	3
19203	2	21	0
19204	2	21	0
19209	2	21	0
19210	2	21	0
19213	2	13	0
19214	2	21	0
19217	2	21	0
19220	2	21	0
19221	2	17	1
19224	2	21	0
19226	2	17	1
19227	2	17	1
19228	2	21	0
19231	2	17	1
19232	2	17	1
19234	2	17	1
19235	2	13	0
19236	2	17	1
19242	2	17	1
19243	2	17	1
19245	2	17	1
19246	2	17	1
19247	2	17	1
19252	2	17	1
19255	2	17	1
19271	2	21	0
19272	2	17	1
19273	2	21	0
19274	2	21	0
19275	2	17	1
19276	2	21	0
19281	2	13	0
19281	2	21	0
19283	2	17	1
19287	2	17	1
19290	2	17	1
19291	2	17	1
19292	2	17	1
19295	2	17	1
19296	2	17	1
19297	2	21	0
19298	2	17	1
19299	2	13	0
19299	2	21	0
19302	2	17	1
19303	2	17	1
19304	2	17	1
19305	2	17	1
19306	2	17	1
19307	2	17	1
19309	2	17	1
19311	2	17	1
19313	4	6	1
19314	4	9	1
19369	2	17	1
19371	2	17	1
19372	2	17	1
19374	2	17	1
19375	2	17	1
19389	2	17	1
19390	2	17	1
19396	2	13	0
19397	4	1	1
19398	2	21	0
19399	4	1	1
19400	2	13	0
19401	2	21	0
19402	4	1	1
19404	2	21	0
19405	2	13	0
19409	4	1	1
19411	4	1	1
19461	4	17	0
19500	2	17	5
19501	2	13	4
19506	4	5	1
19519	2	13	4
19525	2	17	5
19526	2	17	5
19532	2	17	5
19533	2	17	5
19534	2	17	5
19535	2	17	5
19538	2	17	5
19544	2	17	5
19545	2	17	5
19546	2	17	5
19549	2	13	0
19550	2	13	0
19551	2	13	7
19552	2	13	7
19553	2	13	7
19555	2	13	15
19556	2	13	15
19557	2	13	15
19563	4	1	1
19575	4	7	3
19596	2	17	5
19599	2	17	5
19601	2	17	5
19610	2	17	5
19611	2	17	5
19612	2	17	5
19613	2	21	4
19614	2	17	5
19615	2	21	4
19617	2	17	5
19620	2	17	5
19621	2	21	4
19622	2	17	5
19623	2	21	4
19624	2	21	4
19625	2	21	4
19626	2	21	4
19627	2	17	5
19633	2	21	4
19634	2	21	4
19635	2	13	4
19636	2	21	4
19637	2	13	4
19643	2	21	4
19644	2	21	4
19645	2	17	5
19646	2	17	5
19647	2	17	5
19648	2	21	4
19649	2	21	4
19650	2	21	4
19652	2	21	4
19664	2	17	5
19665	4	8	1
19667	4	1	1
19669	2	21	4
19670	2	21	4
19673	2	13	4
19678	4	10	4
19683	2	21	4
19694	2	21	4
19699	2	21	4
19703	2	21	4
19707	2	21	4
19708	4	7	3
19710	4	7	1
19713	2	13	4
19713	2	21	4
19716	2	21	4
19718	4	6	3
19720	4	7	3
19721	2	13	4
19725	4	9	3
19726	2	21	4
19727	4	3	4
19728	4	1	4
19729	2	13	4
19730	4	5	4
19735	2	13	4
19735	2	21	4
19741	2	21	4
19742	4	8	4
19743	2	13	4
19746	2	21	4
19748	2	21	4
19756	2	13	4
19759	4	1	4
19760	4	9	4
19763	4	2	0
19764	4	12	0
19766	2	17	5
19767	4	12	0
19770	2	21	4
19771	2	21	4
19772	2	21	4
19773	2	21	4
19775	2	21	4
19776	2	21	4
19777	2	21	4
19778	2	21	4
19779	2	17	8
19782	2	21	4
19783	2	21	4
19784	2	21	4
19785	4	2	0
19786	4	23	0
19793	4	5	3
19794	4	8	3
19796	4	10	1
19801	2	13	4
19804	2	17	6
19805	2	25	16
19806	4	9	2
19810	4	5	1
19812	4	7	1
19813	4	10	1
19835	2	13	7
19838	4	1	3
19840	4	14	6
19841	2	21	0
19843	4	7	4
19844	4	5	4
19869	2	21	4
19892	2	13	4
19893	4	5	4
19898	4	8	3
19899	4	10	1
19900	4	7	4
19901	4	20	1
19903	4	1	1
19910	4	6	1
19911	4	3	2
19912	4	8	2
19913	4	8	1
19915	4	9	1
19917	4	8	1
19918	4	7	1
19919	4	5	1
19920	4	1	1
19921	4	8	1
19929	2	21	0
19930	4	1	1
19932	4	6	1
19949	4	10	1
19950	4	8	0
19950	4	8	1
19951	4	7	1
19953	4	20	1
19991	4	3	1
19992	4	6	1
19993	4	8	1
19994	4	10	1
19995	4	3	2
19996	4	6	4
19997	2	21	7
20009	2	21	7
20010	2	13	7
20013	2	21	7
20014	2	13	7
20015	2	13	7
20029	2	13	7
20030	2	13	7
20031	2	13	7
20031	2	21	7
20032	2	13	7
20033	2	21	7
20035	2	21	7
20036	2	13	7
20037	2	17	8
20038	2	17	8
20069	2	17	8
20071	2	17	8
20072	2	17	8
20073	2	13	7
20074	2	17	8
20075	2	13	7
20076	2	13	7
20078	2	17	8
20080	2	17	8
20081	2	13	7
20083	2	13	7
20084	2	17	8
20086	2	13	7
20087	2	17	8
20088	2	21	7
20089	2	21	7
20091	2	17	8
20092	2	17	8
20093	2	21	7
20094	2	13	7
20094	2	21	7
20095	2	13	7
20109	2	17	8
20110	2	21	7
20111	2	17	8
20112	2	17	8
20114	2	21	7
20116	2	21	7
20117	2	17	8
20119	2	17	8
20120	2	21	7
20121	2	17	8
20122	2	21	7
20149	2	17	8
20150	2	17	8
20151	2	17	8
20152	2	17	8
20153	2	17	8
20154	2	21	7
20155	2	17	8
20156	2	13	7
20157	2	13	7
20159	2	21	7
20160	2	21	7
20161	2	21	7
20162	2	21	7
20163	2	21	7
20164	2	21	7
20166	2	17	8
20167	2	17	8
20168	2	13	7
20170	2	17	8
20172	2	17	8
20173	2	13	7
20173	2	21	7
20174	2	17	8
20175	2	21	7
20176	2	21	7
20177	2	17	8
20179	2	17	8
20180	2	17	8
20182	2	17	8
20183	2	17	8
20184	2	17	8
20185	2	17	8
20186	2	17	8
20188	2	17	8
20189	2	17	8
20190	2	17	8
20191	2	17	8
20193	2	17	8
20195	2	17	8
20196	2	17	8
20198	2	17	8
20209	4	7	1
20210	4	7	1
20211	2	21	7
20212	2	21	7
20213	2	21	7
20215	2	13	7
20216	2	21	7
20218	2	13	7
20221	2	21	7
20223	2	21	7
20225	2	21	7
20249	2	17	8
20250	2	17	8
20251	2	17	8
20252	2	17	8
20253	2	17	10
20256	2	17	10
20257	2	17	10
20258	2	17	10
20259	2	17	10
20269	2	17	10
20272	2	17	10
20273	2	13	15
20274	2	17	10
20275	2	17	10
20289	2	17	10
20291	2	13	15
20292	2	13	15
20293	2	17	10
20294	2	17	10
20297	2	13	15
20298	2	17	10
20299	2	13	15
20300	2	17	10
20309	2	17	10
20311	2	13	15
20312	2	13	15
20315	2	13	15
20316	2	17	10
20318	2	13	15
20320	2	13	15
20321	2	13	15
20323	2	17	10
20325	2	17	10
20326	2	13	15
20327	2	17	10
20329	2	17	10
20330	2	17	10
20333	2	13	15
20334	2	17	10
20335	2	17	10
20336	2	17	10
20339	2	17	10
20340	2	17	10
20341	2	13	15
20345	2	13	15
20346	2	17	10
20347	2	13	15
20348	2	17	10
20349	2	13	15
20350	2	17	10
20354	2	13	15
20356	2	17	10
20357	2	17	10
20359	2	13	15
20360	2	17	10
20361	2	17	10
20362	2	17	10
20363	2	17	10
20369	2	13	15
20370	2	17	10
20372	2	17	10
20373	2	17	10
20374	2	17	10
20376	2	13	15
20377	2	17	10
20378	2	17	10
20379	2	17	10
20380	2	13	15
20381	2	17	10
20382	2	17	10
20383	2	13	15
20384	2	17	10
20384	4	23	0
20385	2	17	10
20386	2	17	10
20389	2	17	10
20390	2	17	10
20391	2	17	10
20392	2	13	15
20395	2	17	10
20396	2	13	15
20398	2	13	15
20399	2	13	15
20400	2	13	15
20401	2	17	10
20402	2	17	10
20406	4	20	1
20407	2	13	15
20410	2	17	10
20411	2	13	15
20412	2	17	10
20413	2	17	10
20414	2	13	15
20415	2	17	10
20417	2	17	10
20418	2	17	10
20419	2	17	10
20420	2	17	10
20421	2	17	10
20423	2	17	10
20424	2	17	10
20425	2	13	15
20426	2	17	10
20427	2	13	15
20429	2	17	10
20430	2	13	15
20431	2	17	10
20432	2	17	10
20434	2	17	10
20435	2	13	15
20436	2	17	10
20439	2	13	15
20440	2	17	10
20441	2	13	15
20442	2	17	10
20443	2	17	10
20444	2	17	10
20446	2	17	10
20448	2	17	10
20449	2	17	10
20450	2	17	10
20451	2	13	15
20470	2	13	15
20471	2	13	15
20472	2	13	15
20473	2	13	15
20475	2	13	15
20476	4	10	1
20491	2	13	15
20492	2	13	15
20502	2	13	7
20504	2	26	3
20507	2	13	7
20534	2	13	15
20536	2	13	15
20537	4	14	6
20538	2	13	7
20550	2	15	2
20552	2	15	2
20553	2	15	2
20554	2	15	2
20555	2	15	2
20556	2	15	2
20569	2	13	15
20570	2	13	15
20571	2	13	7
20572	2	13	15
20573	2	13	15
20574	2	13	15
20575	2	13	15
20589	2	13	15
20590	2	13	15
20591	2	13	15
20592	2	13	15
20593	2	13	15
20594	2	13	15
20595	2	13	15
20596	2	13	15
20598	2	13	15
20599	2	13	15
20601	2	13	15
20602	2	13	15
20603	2	13	15
20604	2	13	15
20605	2	13	15
20606	2	13	15
20607	2	13	15
20616	2	17	8
20618	2	17	20
20619	2	17	20
20621	4	19	0
20622	4	8	1
20625	4	12	0
20638	2	17	8
20640	2	13	8
20649	2	15	2
20650	2	15	2
20652	2	15	2
20653	2	15	2
20654	2	26	3
20660	2	15	2
20662	2	26	3
20663	2	26	3
20664	2	15	2
20666	2	15	2
20667	2	15	2
20668	2	15	2
20669	2	15	2
20670	2	15	2
20671	2	15	2
20672	2	15	2
20673	2	15	2
20674	2	15	2
20675	2	15	2
20712	2	15	2
20713	2	15	2
20714	2	15	2
20715	4	3	1
20717	2	26	3
20718	2	26	3
20719	2	15	2
20720	2	15	2
20721	2	26	3
20722	2	15	2
20723	2	15	2
20725	2	26	3
20726	2	26	3
20727	2	26	3
20728	2	26	3
20729	2	26	3
20730	2	17	20
20731	2	17	20
20732	2	26	3
20734	2	26	3
20735	2	26	3
20736	2	26	3
20738	2	26	3
20740	2	26	3
20741	2	26	3
20743	2	26	3
20744	2	26	3
20749	2	17	6
20769	4	11	0
20772	2	25	16
20773	2	25	16
20776	2	26	19
20777	2	25	16
20779	2	25	16
20781	2	25	16
20782	2	25	16
20783	2	25	16
20786	2	26	19
20787	2	26	19
20788	2	26	19
20790	2	26	19
20793	2	26	19
20801	2	26	19
20813	4	1	3
20814	4	1	1
20815	2	26	19
20820	4	14	6
20821	2	26	19
20824	2	26	19
20825	2	26	19
20826	4	14	6
20828	2	26	19
20829	2	26	19
20831	4	14	6
20833	4	14	6
20834	2	26	19
20851	2	26	19
20852	2	26	19
20873	4	14	6
20900	4	14	6
20903	2	26	19
20907	2	26	19
20909	4	14	6
20910	4	14	6
20916	2	26	19
20920	2	26	19
20953	2	13	4
20971	4	14	6
20972	4	14	6
20973	4	14	6
20974	4	14	6
20975	4	14	6
20978	4	12	0
20979	2	26	3
20984	4	12	0
20985	4	14	6
20986	4	14	6
20987	4	14	6
21011	2	26	19
21014	2	26	19
21016	2	26	19
21018	2	26	19
21019	2	26	19
21020	2	26	19
21022	2	26	19
21023	2	26	19
21024	2	26	19
21025	2	26	19
21026	2	26	19
21027	2	26	19
21051	2	21	4
21052	2	21	4
21071	2	26	3
21072	4	12	0
21094	2	26	19
21095	2	26	19
21096	2	26	19
21097	2	26	19
21098	2	26	19
21101	2	26	19
21111	2	15	2
21112	2	15	2
21113	2	15	2
21114	4	20	1
21115	4	12	0
21144	2	22	13
21154	4	8	1
21159	2	17	1
21192	2	17	8
21193	2	17	8
21194	2	17	8
21238	2	17	1
21251	2	17	10
21252	2	17	5
21256	4	20	2
21291	4	1	2
21292	4	1	2
21293	4	1	2
21294	4	1	2
21295	4	1	2
21297	4	1	2
21298	4	1	2
21299	4	1	2
21300	4	1	2
21301	4	1	4
21302	4	1	2
21304	4	1	2
21308	4	1	2
21309	4	1	2
21310	4	1	2
21311	4	1	2
21312	4	1	2
21313	4	1	2
21338	4	19	0
21341	2	17	10
21362	2	13	4
21373	4	23	0
21376	2	17	10
21403	4	7	2
21404	4	7	2
21457	4	3	1
21459	4	6	1
21460	2	17	10
21461	2	22	13
21462	2	13	13
21475	4	14	6
21513	2	17	10
21514	2	17	10
21539	4	14	6
21540	4	14	6
21541	4	14	6
21551	4	14	6
21552	2	17	10
21553	4	14	6
21554	2	21	7
21555	2	13	8
21574	4	3	4
21577	4	5	3
21578	4	5	4
21580	4	5	4
21595	4	23	0
21596	4	23	0
21597	4	23	0
21598	4	23	0
21600	4	23	0
21601	4	23	0
21602	4	23	0
21603	4	23	0
21604	4	23	0
21605	4	23	0
21606	4	23	0
21607	4	23	0
21608	4	23	0
21609	4	23	0
21610	4	23	0
21611	4	23	0
21612	4	23	0
21613	4	14	6
21620	2	21	15
21694	4	7	3
21701	4	1	2
21714	2	13	13
21715	2	13	13
21717	4	1	4
21719	4	20	2
21723	2	17	10
21725	4	2	0
21751	2	13	4
21752	2	13	0
21753	4	9	2
21754	4	9	4
21755	4	9	1
21756	4	9	3
21771	4	3	1
21773	2	21	7
21775	2	17	8
21793	2	17	5
21796	4	6	1
21804	4	12	0
21805	4	10	3
21809	2	21	7
21839	4	1	1
21842	4	4	0
21853	4	23	0
21855	2	22	13
21898	4	5	4
21900	4	5	2
21901	4	7	2
21902	4	10	2
21903	4	8	2
21936	4	23	0
21952	2	21	0
21956	2	21	4
21958	4	1	2
21961	4	7	4
21962	4	23	0
21964	4	7	1
21965	4	16	1
21968	2	17	10
22021	4	1	1
22031	2	17	6
22032	2	17	6
22033	4	20	1
22034	4	8	1
22036	4	1	1
22037	4	12	0
22051	2	13	4
22075	2	13	7
22077	2	13	7
22078	2	13	7
22079	2	13	7
22080	2	21	7
22081	2	21	7
22084	2	17	8
22085	2	21	7
22093	2	17	8
22094	2	17	8
22095	2	17	8
22096	2	17	8
22097	2	17	8
22098	2	17	8
22101	2	13	0
22102	2	13	0
22105	2	21	0
22106	2	13	0
22108	2	17	1
22111	2	17	1
22112	2	17	1
22114	2	17	1
22115	2	17	1
22118	2	13	4
22119	2	13	4
22120	2	21	4
22121	2	17	5
22131	2	17	5
22133	2	17	5
22134	2	17	5
22135	2	13	15
22136	2	13	15
22137	2	13	15
22139	2	13	15
22140	2	13	15
22141	2	13	15
22142	2	13	15
22144	2	17	10
22146	2	17	10
22147	2	17	10
22149	2	17	10
22150	2	17	10
22151	2	17	10
22178	2	17	10
22180	2	13	4
22184	4	1	1
22209	2	17	6
22212	2	17	1
22213	2	17	1
22214	2	17	1
22215	2	17	1
22216	2	17	1
22217	2	17	1
22218	2	17	1
22219	2	17	1
22220	2	17	1
22221	2	17	1
22222	2	17	1
22223	2	17	1
22225	2	17	1
22226	2	21	7
22227	2	21	7
22229	2	21	7
22232	2	21	7
22233	2	17	6
22234	2	17	6
22235	2	17	6
22238	2	17	6
22239	2	17	6
22241	2	17	6
22242	2	17	6
22247	2	13	15
22248	2	13	15
22249	2	17	1
22250	2	17	1
22252	2	17	10
22253	4	16	1
22256	4	6	3
22258	2	13	15
22291	2	17	1
22319	2	13	0
22366	2	13	7
22367	2	13	15
22378	2	13	7
22391	2	17	10
22393	4	5	2
22394	2	17	10
22395	2	17	10
22402	2	17	8
22403	2	13	15
22404	2	17	6
22411	2	17	6
22415	4	11	0
22420	4	1	1
22422	4	1	1
22423	4	1	1
22426	4	7	1
22427	4	7	2
22428	4	7	2
22478	2	13	0
22480	4	5	3
22481	4	7	3
22482	4	10	3
22492	2	17	6
22517	4	1	4
22520	4	7	4
22534	4	3	4
22550	4	6	4
22559	4	5	3
22563	2	17	10
22598	2	17	1
22617	4	23	0
22618	4	23	0
22635	4	14	6
22637	4	14	6
22638	4	14	6
22640	4	14	6
22645	2	17	1
22654	2	17	8
22656	4	8	2
22671	2	25	16
22672	2	13	0
22673	4	8	3
22674	4	9	3
22675	4	16	1
22676	4	10	3
22677	4	5	3
22678	4	6	3
22679	4	9	3
22680	4	8	3
22682	4	10	3
22683	4	6	3
22684	4	8	3
22685	4	9	3
22686	4	10	3
22687	4	7	3
22688	4	5	3
22689	4	5	3
22690	4	8	3
22691	4	16	1
22692	4	6	3
22693	4	7	3
22695	2	22	0
22721	2	13	15
22722	2	17	10
22730	4	14	6
22731	2	17	8
22733	2	13	7
22734	2	17	1
22752	4	9	4
22753	4	12	0
22757	4	8	4
22779	4	8	1
22792	2	17	6
22794	4	1	2
22795	4	3	3
22802	2	17	10
22805	4	14	6
22814	2	13	7
22831	4	14	6
22833	4	1	1
22837	4	6	2
22843	4	5	0
22843	4	5	1
22860	4	5	3
22861	4	8	3
22869	4	3	3
22882	4	7	4
22885	2	21	0
22886	4	1	4
22892	4	5	4
22893	2	13	0
22893	2	17	0
22901	4	1	4
22906	2	17	8
22907	4	6	3
22908	4	1	3
22910	4	10	4
22920	4	1	4
22923	4	23	0
22928	4	1	1
22929	2	26	18
22951	4	7	4
22958	4	20	1
22971	2	22	15
22972	4	7	2
22973	4	8	2
22977	2	13	15
22977	2	21	15
22978	4	12	0
22985	4	7	4
22988	4	16	1
22989	4	16	1
22991	4	16	1
22994	4	16	1
22995	4	16	1
22996	4	16	1
22997	4	16	1
22998	4	16	1
23000	4	16	1
23001	4	16	1
23002	4	16	1
23004	4	16	1
23006	4	16	1
23007	4	16	1
23008	4	16	1
23010	4	16	1
23012	4	16	1
23014	4	16	1
23015	4	16	1
23016	4	16	1
23018	4	16	1
23019	4	16	1
23020	4	16	1
23021	4	16	1
23022	4	16	1
23023	4	16	1
23024	4	16	1
23025	4	16	1
23026	4	16	1
23027	4	16	1
23028	4	16	1
23029	4	16	1
23030	4	16	1
23031	4	16	1
23032	4	16	1
23033	4	16	1
23034	4	16	1
23035	4	16	1
23036	4	16	1
23038	4	16	1
23039	4	16	1
23040	4	16	1
23041	4	16	1
23042	4	16	1
23043	4	16	1
23044	4	16	1
23045	4	16	1
23048	4	16	1
23049	4	16	1
23050	4	16	1
23051	4	16	1
23052	4	16	1
23053	4	16	1
23054	4	16	1
23055	4	16	1
23057	4	16	1
23058	4	16	1
23059	4	16	1
23060	4	16	1
23061	4	16	1
23062	4	16	1
23063	4	16	1
23065	4	16	1
23066	4	16	1
23067	4	16	1
23068	4	16	1
23069	4	16	1
23070	4	16	1
23071	4	16	1
23072	4	16	1
23073	4	16	1
23075	4	16	1
23076	4	16	1
23077	4	16	1
23078	4	16	1
23079	4	16	1
23080	4	16	1
23081	4	16	1
23082	4	16	1
23083	4	16	1
23084	4	16	1
23085	4	16	1
23087	4	16	1
23088	4	16	1
23089	4	16	1
23090	4	16	1
23091	4	16	1
23092	4	16	1
23093	4	16	1
23094	4	16	1
23095	4	16	1
23096	4	16	1
23097	4	16	1
23098	4	16	1
23099	4	16	1
23100	4	16	1
23101	4	16	1
23102	4	16	1
23103	4	16	1
23104	4	16	1
23105	4	16	1
23106	4	16	1
23107	4	16	1
23108	4	16	1
23109	4	16	1
23110	4	16	1
23111	4	16	1
23113	4	16	1
23115	4	16	1
23116	4	16	1
23117	4	16	1
23118	4	16	1
23120	4	16	1
23122	4	16	1
23123	4	16	1
23124	4	16	1
23125	4	16	1
23126	4	16	1
23127	4	16	1
23128	4	16	1
23129	4	16	1
23130	4	16	1
23131	4	16	1
23132	4	16	1
23133	4	16	1
23134	4	16	1
23135	4	16	1
23136	4	16	1
23137	4	16	1
23138	4	16	1
23139	4	16	1
23140	4	16	1
23141	4	16	1
23142	4	16	1
23143	4	16	1
23144	4	16	1
23161	4	1	1
23166	4	1	1
23171	2	13	14
23171	4	23	0
23172	2	13	14
23172	4	23	0
23173	2	13	14
23173	2	22	14
23174	2	13	14
23174	4	23	0
23175	2	13	14
23175	4	23	0
23177	2	13	14
23177	4	23	0
23197	4	1	1
23198	2	17	1
23199	4	7	2
23200	4	5	2
23224	2	17	8
23228	2	17	1
23230	2	17	5
23234	2	21	0
23236	2	13	0
23239	2	17	5
23240	2	17	5
23241	2	13	7
23243	2	21	0
23244	2	21	4
23248	2	13	15
23253	2	13	4
23254	2	13	4
23255	2	13	4
23262	2	13	15
23262	2	21	15
23264	2	17	8
23266	4	5	2
23267	2	21	4
23270	2	21	13
23271	2	21	13
23274	2	21	7
23276	2	21	0
23281	2	13	14
23283	2	17	6
23294	4	10	4
23316	2	13	14
23316	4	23	0
23317	2	13	14
23317	4	23	0
23318	2	13	14
23318	4	23	0
23319	2	13	14
23319	4	23	0
23320	2	13	14
23320	4	23	0
23321	2	13	14
23321	4	23	0
23322	2	13	14
23322	4	23	0
23323	2	13	14
23323	4	23	0
23324	2	13	14
23324	4	23	0
23355	2	17	8
23357	2	13	4
23379	2	17	8
23386	2	13	7
23387	4	14	6
23401	2	17	5
23405	2	17	8
23411	4	1	1
23419	4	14	6
23421	4	16	1
23422	4	16	1
23434	2	17	1
23435	4	11	0
23445	4	14	6
23446	4	14	6
23447	4	14	6
23448	2	13	4
23455	2	26	19
23465	2	17	10
23472	2	13	7
23473	4	7	3
23483	4	8	4
23485	4	7	4
23486	4	8	4
23490	4	3	3
23490	4	3	4
23491	4	1	4
23496	4	11	0
23497	4	23	0
23508	2	13	8
23509	2	17	5
23519	4	1	4
23521	4	12	0
23528	4	8	3
23529	4	6	3
23530	4	5	3
23531	4	3	3
23532	4	9	3
23533	4	9	3
23537	4	8	3
23538	4	7	3
23539	2	17	10
23540	4	5	3
23544	4	1	2
23545	4	14	6
23546	4	10	2
23547	4	7	2
23548	4	7	3
23551	4	7	1
23552	4	9	2
23553	4	16	1
23554	4	16	1
23557	2	17	5
23559	4	5	4
23561	2	21	7
23568	4	14	6
23569	4	14	6
23573	2	13	15
23574	2	13	7
23575	4	14	6
23586	2	17	10
23590	2	17	10
23594	2	17	10
23601	2	17	10
23604	4	20	1
23605	4	5	3
23607	4	5	2
23608	4	11	0
23617	2	13	0
23618	2	21	4
23628	4	6	4
23629	4	11	0
23639	2	15	2
23656	2	17	8
23669	2	17	8
23673	2	17	10
23675	4	10	4
23683	2	17	8
23692	2	13	7
23704	4	3	4
23710	4	7	2
23713	4	12	0
23715	4	2	0
23716	4	2	0
23716	4	12	0
23717	4	2	0
23723	2	25	16
23727	4	12	0
23728	4	11	0
23729	4	9	3
23730	4	9	3
23732	4	10	1
23734	2	13	7
23736	4	10	2
23737	4	3	1
23742	2	13	13
23747	4	16	1
23750	4	14	6
23753	4	7	1
23760	4	9	2
23763	4	12	0
23765	4	8	2
23766	4	2	0
23769	4	9	3
23775	4	8	4
23777	4	1	1
23791	2	13	15
23792	2	13	4
23797	4	23	0
23798	2	13	7
23824	4	8	2
23825	4	14	6
23827	4	10	3
23835	4	14	6
23836	2	13	7
23837	2	17	10
23844	4	6	2
23846	4	10	1
23847	4	14	6
23849	4	10	3
23852	4	3	2
23853	4	10	2
23856	4	8	4
23861	4	8	3
23867	4	23	0
23875	2	17	8
23897	4	11	0
23901	4	8	3
23904	2	17	1
23908	2	17	1
23909	2	13	0
23917	2	26	19
23918	2	26	19
23919	2	26	19
23920	2	26	19
23948	2	13	4
23949	4	12	0
23955	4	23	0
23969	2	17	8
23976	4	14	6
23977	4	14	6
24013	4	16	1
24014	2	17	10
24014	4	23	0
24015	2	17	10
24016	2	17	10
24022	4	11	0
24025	4	20	1
24033	2	21	4
24039	4	23	0
24045	4	1	3
24046	2	13	15
24049	2	17	8
24054	4	8	1
24060	4	12	0
24061	4	23	0
24063	2	17	10
24064	4	3	1
24065	4	16	1
24066	4	5	2
24068	4	8	4
24070	4	7	3
24071	4	6	4
24072	4	23	0
24073	4	16	1
24074	4	6	3
24087	4	11	0
24102	4	5	4
24106	2	26	19
24107	2	26	19
24108	4	16	1
24109	2	22	13
24110	4	9	4
24111	2	13	4
24112	4	8	3
24113	4	6	1
24115	4	3	4
24116	4	23	0
24117	4	23	0
24119	2	21	0
24120	4	9	1
24122	4	23	0
24159	4	16	1
24162	4	7	4
24164	4	6	4
24166	2	17	8
24167	2	13	7
24174	4	16	1
24175	4	16	0
24176	4	23	0
24177	4	10	1
24178	4	6	2
24179	4	8	4
24180	4	9	3
24181	4	8	1
24182	4	7	2
24183	4	10	3
24185	4	3	4
24186	2	26	19
24189	4	20	1
24190	4	9	2
24193	4	3	3
24194	4	10	4
24220	4	12	0
24255	2	17	8
24281	4	23	0
24282	4	23	0
24283	4	23	0
24284	2	13	14
24285	2	13	14
24291	4	8	1
24292	4	1	1
24293	4	23	0
24294	4	23	0
24295	4	23	0
24296	2	13	14
24297	4	16	1
24342	2	17	8
24343	2	17	10
24351	2	13	0
24352	4	5	1
24354	4	7	1
24366	2	13	7
24367	4	14	6
24368	4	14	6
24369	4	14	6
24370	2	17	6
24380	4	23	0
24393	4	5	4
24394	2	17	10
24445	2	17	10
24446	2	17	1
24452	2	13	7
24461	2	17	8
24473	2	17	10
24478	2	13	7
24479	2	13	7
24480	2	17	10
24483	2	17	10
24489	2	17	10
24490	2	17	10
24497	4	10	1
24499	2	17	10
24503	2	17	10
24506	4	7	4
24509	4	3	4
24510	4	1	4
24511	4	9	4
24513	4	8	4
24514	4	6	4
24517	2	17	10
24546	4	5	1
24547	4	5	2
24548	4	5	3
24550	4	5	4
24551	4	7	1
24552	4	7	2
24553	4	7	3
24554	4	7	4
24555	4	1	1
24556	4	1	2
24557	4	1	3
24558	4	1	4
24559	4	9	4
24560	4	9	3
24561	4	9	2
24562	4	9	1
24563	4	10	2
24564	4	10	3
24565	4	8	1
24566	4	8	2
24567	4	8	4
24569	4	11	0
24571	4	14	6
24594	2	13	14
24594	4	23	0
24595	2	13	14
24595	4	23	0
24596	2	13	14
24596	4	23	0
24597	2	13	14
24597	4	23	0
24601	4	20	1
24610	4	5	1
24612	4	20	1
24615	4	7	1
24616	4	10	1
24624	4	6	1
24634	2	13	4
24639	4	20	0
24641	4	20	0
24642	4	20	0
24643	4	20	0
24644	4	20	0
24645	4	20	0
24646	4	11	0
24655	2	13	6
24695	4	14	6
24720	2	26	3
24721	2	26	3
24729	2	17	5
24730	4	12	0
24740	2	13	4
24741	2	13	4
24742	4	23	0
24743	2	26	19
24748	4	6	3
24749	4	9	4
24756	2	21	7
24760	4	20	1
24762	4	6	1
24767	4	9	1
24768	4	10	2
24769	4	6	4
24771	2	17	10
24772	4	3	2
24773	4	6	2
24775	2	13	15
24776	4	12	0
24777	4	3	4
24778	4	12	0
24784	4	12	0
24793	4	9	3
24813	2	17	8
24816	2	17	1
24818	4	1	1
24893	4	5	1
24895	4	7	1
24896	4	10	1
24919	2	17	5
24923	2	17	10
24924	2	17	5
24925	2	13	7
24925	2	21	7
24926	2	17	10
24927	4	7	1
24928	4	16	1
24930	2	15	2
24931	2	15	2
24932	4	20	1
24933	4	1	1
24934	4	3	1
24935	4	8	1
24942	4	1	1
24943	4	7	1
24945	4	20	1
24946	4	16	1
24951	4	20	1
24966	4	3	1
24977	4	10	1
24978	4	6	1
24981	2	21	7
24982	4	9	3
24983	4	9	1
24985	4	16	1
24986	4	10	1
24988	4	20	1
24990	2	13	15
25036	2	13	7
25039	4	20	1
25046	2	17	5
25047	2	17	5
25049	4	5	1
25050	4	7	1
25051	4	8	1
25053	2	21	7
25072	4	23	0
25076	2	26	19
25077	2	26	19
25078	2	26	19
25079	2	17	5
25096	2	13	4
25098	4	6	1
25104	4	3	2
25111	4	7	3
25116	4	10	4
25120	2	13	7
25133	4	14	6
25134	4	14	6
25138	4	14	6
25139	2	17	5
25148	2	17	5
25152	2	17	5
25153	2	13	4
25154	2	13	0
25155	2	17	6
25157	4	5	3
25160	4	8	4
25166	4	1	2
25169	4	7	2
25173	2	21	7
25180	2	17	5
25193	4	4	0
25197	2	17	10
25198	4	7	1
25201	4	20	1
25203	4	20	1
25205	4	20	1
25207	4	5	1
25208	4	7	1
25219	4	6	3
25220	4	8	3
25221	4	10	3
25222	4	5	3
25223	4	7	3
25224	4	10	4
25225	4	6	4
25226	4	7	4
25227	4	8	4
25228	4	5	1
25230	4	1	1
25231	4	10	1
25232	4	16	1
25233	4	8	1
25235	4	6	1
25236	4	3	1
25245	4	20	1
25247	4	3	1
25248	4	6	2
25249	4	5	2
25253	4	10	2
25255	4	7	1
25260	2	26	3
25278	2	17	10
25343	4	7	4
25362	2	17	5
25363	2	17	5
25364	2	17	5
25365	2	17	5
25366	2	17	5
25367	2	17	5
25377	2	17	10
25378	2	17	10
25382	2	17	10
25410	2	17	1
25411	2	13	7
25437	2	17	10
25441	2	13	0
25470	2	13	0
25471	2	13	0
25474	2	13	0
25496	2	17	6
25499	2	13	0
25503	2	13	0
25504	2	13	0
25506	2	13	7
25507	2	13	7
25508	2	13	7
25509	2	13	7
25510	2	13	7
25511	2	13	7
25513	2	13	7
25514	2	13	7
25515	2	13	7
25516	2	13	7
25533	2	13	0
25571	4	5	1
25594	2	13	0
25595	2	13	0
25597	2	13	0
25598	2	21	0
25599	2	17	1
25600	2	17	1
25602	2	15	2
25603	2	15	2
25604	2	15	2
25606	2	15	2
25607	2	26	18
25608	2	26	18
25609	2	13	15
25611	2	13	15
25612	2	13	15
25613	2	13	15
25614	2	13	15
25619	2	13	4
25619	2	21	4
25620	2	13	4
25623	2	21	4
25625	2	17	5
25626	2	17	5
25627	2	17	5
25629	2	17	5
25630	2	17	6
25631	2	17	6
25632	2	17	6
25633	2	17	6
25639	2	13	7
25640	2	13	7
25641	2	13	7
25647	2	22	7
25648	2	21	7
25649	2	17	8
25657	4	16	1
25658	4	1	3
25659	4	1	1
25671	4	5	3
25673	4	7	3
25674	4	5	2
25675	4	5	3
25676	4	5	3
25677	4	3	3
25682	4	5	2
25683	4	7	2
25685	4	3	2
25686	4	7	2
25687	4	3	2
25688	4	5	2
25689	4	5	2
25691	4	3	2
25693	4	1	2
25694	4	7	2
25695	4	3	2
25699	4	5	2
25700	4	3	2
25701	4	7	2
25702	4	10	2
25703	4	8	2
25704	4	5	2
25705	4	7	2
25706	4	10	2
25709	4	8	2
25710	4	5	3
25711	4	1	2
25713	4	3	3
25714	4	7	3
25718	4	10	3
25719	4	6	3
25720	4	9	3
25721	4	5	2
25722	4	7	2
25724	4	10	2
25726	4	9	2
25728	4	6	2
25729	4	1	2
25731	4	5	2
25732	4	7	2
25734	4	3	2
25735	4	10	2
25736	4	9	2
25737	4	6	2
25739	4	1	2
25740	4	6	3
25741	4	8	3
25742	4	5	3
25744	4	10	3
25745	4	7	3
25746	4	5	4
25747	4	10	4
25748	4	5	3
25749	4	5	4
25750	4	10	4
25751	4	5	4
25752	4	8	4
25753	4	9	4
25754	4	5	3
25755	4	5	3
25756	4	10	3
25757	4	6	3
25758	4	9	3
25759	4	7	3
25760	4	8	3
25761	4	10	3
25762	4	6	3
25763	4	5	3
25764	4	3	3
25765	4	8	3
25766	4	9	3
25767	4	6	3
25768	4	7	3
25769	4	5	3
25770	4	3	3
25771	4	6	3
25772	4	9	3
25773	4	10	3
25774	4	3	3
25775	4	6	3
25776	4	9	3
25777	4	3	3
25778	4	8	3
25779	4	9	3
25780	4	5	3
25781	4	6	3
25782	4	10	3
25783	4	3	3
25784	4	6	3
25786	4	9	3
25787	4	5	3
25788	4	10	3
25790	4	3	3
25793	4	8	3
25794	4	10	3
25795	4	6	3
25796	4	7	3
25797	4	9	3
25798	4	5	3
25799	4	3	3
25800	4	9	3
25801	4	5	3
25802	4	10	3
25803	4	6	3
25804	4	8	3
25805	4	7	3
25806	4	3	3
25808	4	9	3
25809	4	5	3
25810	4	8	3
25811	4	10	3
25812	4	7	3
25813	4	6	3
25815	4	3	3
25817	4	8	3
25818	4	9	3
25819	4	10	3
25820	4	7	3
25821	4	6	3
25822	4	3	3
25824	4	1	3
25825	4	1	3
25826	4	1	3
25827	4	3	4
25829	4	9	4
25833	4	7	4
25834	4	20	1
25835	4	10	3
25839	4	1	4
25847	4	3	3
25848	4	5	3
25849	4	7	3
25850	4	10	3
25851	4	9	3
25852	4	6	3
25855	4	16	1
25856	4	1	4
25857	4	8	1
25858	4	6	1
25859	4	3	1
25860	4	8	3
25861	4	9	3
25862	4	5	3
25863	4	6	1
25864	4	9	1
25865	4	10	3
25866	4	6	3
25867	4	10	1
25868	4	7	3
25869	4	20	1
25871	4	8	1
25872	4	3	3
25873	4	5	1
25874	4	9	1
25875	4	16	1
25876	4	7	1
25877	4	20	1
25878	4	1	3
25879	4	8	1
25880	4	5	1
25881	4	6	1
25882	4	5	3
25883	4	8	3
25884	4	16	1
25885	4	10	1
25886	4	9	3
25887	4	3	1
25888	4	5	1
25889	4	20	1
25890	4	7	1
25892	4	10	3
25893	4	8	1
25894	4	20	1
25895	4	6	3
25896	4	7	3
25897	4	3	3
25900	4	16	1
25904	4	1	3
25910	4	16	1
25911	4	14	6
25915	4	6	1
25916	4	16	1
25921	4	16	1
25928	4	6	3
25929	4	8	1
25930	4	8	3
25931	4	9	3
25932	4	5	3
25933	4	10	3
25934	4	7	3
25935	4	3	3
25937	4	1	3
25938	4	16	1
25939	4	9	1
25940	4	14	6
25941	4	10	1
25942	4	7	1
25943	4	14	6
25944	4	20	1
25945	4	16	1
25946	4	8	1
25947	4	6	1
25948	4	16	1
25949	4	5	1
25950	4	16	1
25952	4	5	1
25953	4	16	1
25954	4	5	1
25955	4	14	6
25956	4	20	1
25957	4	6	1
25958	4	16	1
25959	4	9	1
25960	4	16	1
25961	4	10	1
25965	4	3	1
25966	4	8	1
25967	4	16	1
25968	4	7	1
25969	4	6	1
25970	4	9	1
25971	4	10	1
25973	4	5	1
25974	4	7	1
25975	4	16	1
25976	4	20	1
25978	4	16	1
25979	4	16	1
25980	4	8	3
25981	4	6	3
25984	4	5	1
25986	4	3	1
25987	4	10	1
25988	4	14	6
25989	4	20	1
25990	4	19	0
25991	4	1	3
25992	4	19	0
25993	4	16	1
25994	4	9	1
25995	4	8	1
25996	4	1	1
25997	4	16	1
25998	4	6	1
25999	4	10	1
26001	4	11	0
26003	4	5	1
26004	4	9	1
26005	4	6	1
26006	4	16	1
26007	4	10	1
26008	4	8	1
26011	4	20	1
26012	4	3	1
26014	4	14	6
26015	4	16	1
26016	4	16	1
26017	4	20	1
26018	4	16	1
26020	4	10	1
26021	4	7	1
26022	4	6	1
26023	4	5	1
26024	4	6	1
26025	4	9	1
26026	4	8	1
26027	4	16	1
26028	4	5	1
26029	4	10	1
26030	4	8	3
26032	4	9	3
26033	4	1	1
26034	4	5	3
26035	4	3	1
26036	4	10	3
26037	4	6	3
26038	4	20	1
26039	4	7	3
26040	4	3	3
26041	4	1	3
26042	4	9	1
26043	4	16	1
26044	4	1	1
26045	4	16	1
26046	4	14	6
26047	4	16	1
26048	4	16	1
26049	4	5	1
26050	4	10	1
26051	4	5	1
26052	4	7	1
26053	4	20	1
26054	4	3	1
26055	4	9	1
26057	4	16	1
26058	4	6	1
26059	4	1	1
26060	4	14	6
26061	4	7	1
26062	4	10	1
26063	4	5	1
26064	4	16	1
26065	4	14	6
26066	4	8	1
26067	4	20	1
26068	4	3	1
26071	4	7	2
26072	4	10	2
26073	4	9	3
26074	4	5	3
26075	4	10	3
26076	4	6	3
26077	4	8	3
26078	4	3	3
26079	4	9	1
26080	4	16	1
26081	4	10	1
26082	4	16	1
26083	4	7	1
26084	4	5	1
26085	4	14	6
26086	4	8	1
26087	4	5	3
26088	4	9	3
26089	4	10	3
26090	4	8	3
26091	4	3	3
26092	4	20	1
26093	4	1	1
26096	4	3	1
26097	4	16	1
26098	4	1	3
26099	4	14	6
26100	4	8	1
26101	4	16	1
26102	4	10	1
26103	4	9	3
26104	4	3	1
26105	4	5	3
26107	4	10	3
26108	4	6	3
26109	4	8	3
26110	4	7	3
26111	4	6	1
26112	4	16	1
26113	4	10	1
26114	4	3	3
26115	4	1	3
26116	4	3	1
26117	4	8	1
26118	4	16	1
26119	4	20	1
26120	4	14	6
26121	4	14	6
26122	4	9	3
26123	4	5	3
26124	4	7	1
26125	4	10	3
26126	4	16	1
26127	4	6	3
26128	4	1	1
26129	4	8	3
26130	4	7	3
26131	4	20	1
26132	4	10	1
26134	4	8	1
26136	4	6	1
26137	4	16	1
26138	4	6	1
26139	4	1	3
26141	4	16	1
26142	4	20	1
26143	4	10	1
26144	4	7	1
26145	4	8	1
26147	4	3	1
26149	4	6	1
26150	4	1	1
26151	4	9	1
26152	4	14	6
26153	4	8	1
26154	4	10	1
26155	4	9	3
26156	4	5	3
26157	4	20	1
26158	4	6	3
26159	4	7	1
26160	4	8	3
26161	4	5	1
26162	4	10	3
26163	4	7	3
26164	4	3	3
26168	4	9	1
26169	4	6	1
26170	4	1	1
26171	4	8	1
26172	4	1	3
26173	4	16	1
26174	4	20	1
26175	4	16	1
26176	4	14	6
26177	4	7	1
26178	4	5	1
26180	4	6	3
26181	4	9	3
26182	4	3	1
26183	4	5	3
26184	4	16	1
26185	4	10	3
26186	4	8	1
26187	4	9	1
26188	4	8	3
26189	4	16	1
26190	4	6	1
26191	4	7	3
26192	4	5	1
26193	4	10	1
26194	4	3	3
26195	4	3	1
26196	4	7	1
26198	4	20	1
26200	4	1	3
26201	4	16	1
26202	4	16	1
26203	4	5	1
26204	4	5	3
26205	4	9	1
26206	4	8	1
26208	4	10	1
26210	4	6	3
26211	4	20	1
26212	4	7	1
26213	4	3	1
26214	4	1	1
26215	4	16	1
26216	4	9	1
26217	4	3	3
26219	4	5	1
26220	4	1	3
26221	4	6	1
26222	4	10	1
26223	4	7	1
26224	4	1	1
26225	4	8	1
26226	4	20	1
26227	4	16	1
26228	4	16	1
26229	4	3	1
26230	4	6	1
26231	4	8	1
26232	4	14	6
26233	4	16	1
26234	4	14	6
26235	4	9	1
26236	4	10	1
26237	4	8	3
26238	4	7	1
26239	4	9	3
26240	4	5	1
26241	4	5	3
26243	4	1	1
26244	4	10	3
26245	4	6	3
26247	4	3	1
26248	4	7	3
26249	4	7	3
26251	4	16	1
26252	4	6	1
26253	4	9	1
26254	4	20	1
26255	4	1	1
26256	4	5	1
26257	4	1	4
26258	4	10	1
26259	4	16	1
26260	4	7	1
26261	4	8	1
26262	4	16	1
26263	4	3	1
26264	4	8	3
26265	4	9	3
26266	4	9	1
26267	4	5	3
26268	4	8	1
26269	4	10	3
26270	4	6	3
26271	4	16	1
26272	4	7	3
26273	4	3	3
26274	4	1	3
26275	4	10	1
26277	4	1	1
26278	4	16	1
26279	4	5	1
26280	4	6	1
26281	4	3	1
26282	4	7	1
26283	4	14	6
26284	4	6	1
26285	4	8	1
26287	4	9	1
26288	4	5	1
26289	4	9	3
26290	4	10	1
26291	4	5	3
26292	4	1	1
26293	4	10	3
26295	4	6	3
26297	4	8	3
26298	4	3	1
26299	4	16	1
26300	4	7	1
26301	4	3	3
26302	4	1	1
26303	4	1	3
26304	4	16	1
26305	4	1	1
26307	4	1	1
26308	4	1	1
26309	4	1	1
26310	4	8	3
26311	4	5	1
26312	4	6	3
26313	4	9	3
26314	4	5	3
26315	4	1	3
26316	4	10	3
26317	4	7	3
26321	4	3	3
26322	4	14	6
26323	4	16	1
26324	4	14	6
26325	4	14	6
26326	4	8	3
26327	4	5	3
26328	4	10	3
26329	4	3	3
26330	4	1	3
26331	4	16	1
26332	4	5	4
26333	4	8	4
26334	4	10	4
26335	4	6	4
26336	4	7	4
26337	4	3	4
26339	4	10	4
26340	4	6	4
26341	4	8	4
26342	4	3	4
26351	4	5	4
26352	4	10	4
26353	4	6	4
26354	4	8	4
26355	4	7	4
26358	2	25	16
26360	4	9	4
26361	2	25	16
26362	4	9	4
26363	4	9	4
26364	4	3	4
26365	4	1	4
26366	2	13	4
26367	2	13	4
26373	4	5	4
26374	4	12	0
26385	2	26	3
26387	4	5	4
26391	4	11	0
26411	2	26	3
26412	2	26	19
26413	4	14	6
26415	4	8	1
26419	4	3	3
26431	4	16	1
26432	2	13	7
26433	2	13	15
26435	4	6	1
26436	4	10	2
26437	4	6	4
26454	4	9	4
26463	2	13	7
26464	2	13	15
26465	4	3	1
26466	4	5	2
26467	4	5	3
26468	4	16	1
26470	4	6	1
26472	4	3	2
26473	4	10	4
26475	4	9	3
26476	4	9	4
26477	2	13	7
26479	2	13	7
26491	4	23	0
26494	2	13	7
26500	2	17	6
26501	4	3	1
26502	4	6	3
26503	2	13	7
26504	4	3	2
26512	4	10	3
26513	4	20	1
26514	4	5	2
26515	4	5	3
26535	2	13	0
26536	2	17	10
26537	4	11	0
26539	4	23	0
26540	4	10	1
26541	4	6	3
26542	4	9	4
26543	4	8	2
26545	2	13	0
26548	4	14	6
26549	4	23	0
26550	4	1	2
26551	4	12	0
26572	2	13	7
26576	2	21	7
26577	2	13	7
26579	2	13	7
26585	2	17	8
26586	2	17	8
26589	2	17	8
26590	2	17	8
26591	2	17	8
26592	2	21	13
26592	2	22	13
26593	2	21	13
26594	2	22	13
26596	2	21	13
26597	2	22	13
26598	2	17	6
26602	2	13	15
26614	4	1	1
26616	2	26	3
26619	4	1	1
26621	4	1	1
26622	4	12	0
26634	4	6	4
26636	4	5	4
26640	4	10	4
26641	4	7	4
26643	4	8	4
26645	4	3	4
26646	4	9	4
26650	4	6	4
26651	4	7	4
26652	4	8	4
26654	4	5	4
26655	4	3	4
26656	4	1	4
26658	4	5	4
26659	4	7	4
26662	4	3	4
26664	4	9	4
26665	4	16	0
26667	4	5	0
26668	4	1	4
26669	4	7	0
26670	4	3	4
26674	2	17	8
26676	2	17	8
26679	2	13	15
26680	4	1	1
26681	4	16	1
26683	4	4	0
26685	4	9	4
26686	4	6	4
26687	4	5	4
26688	4	3	4
26690	4	8	4
26691	4	7	4
26692	4	1	4
26693	4	14	6
26737	2	26	3
26752	4	8	4
26753	4	10	4
26792	4	6	4
26794	4	9	4
26795	4	5	4
26797	4	3	4
26798	4	10	4
26799	4	8	4
26800	4	7	4
26810	4	6	4
26811	4	5	4
26812	4	10	4
26813	4	8	4
26814	4	7	4
26815	4	9	4
26818	4	3	4
26819	4	6	4
26820	4	5	4
26821	4	9	4
26822	4	8	4
26824	4	7	4
26825	4	3	4
26827	4	5	4
26828	4	6	4
26829	4	9	4
26830	4	10	4
26831	4	7	4
26833	4	8	4
26834	4	3	4
26836	4	6	4
26837	4	9	4
26838	4	5	4
26840	4	7	4
26842	4	8	4
26843	4	3	4
26844	4	14	6
26846	4	5	4
26847	4	10	4
26848	4	6	4
26849	4	7	4
26850	4	8	4
26855	4	14	6
26856	4	6	4
26857	4	9	4
26859	4	5	4
26861	4	7	4
26862	4	8	4
26864	4	3	4
26868	4	14	6
26869	4	9	4
26870	4	6	4
26871	4	5	4
26872	4	10	4
26873	4	7	4
26874	4	8	4
26875	4	3	4
26878	4	9	4
26879	4	6	4
26880	4	5	4
26881	4	10	4
26883	4	8	4
26884	4	7	4
26885	4	3	4
26887	4	9	4
26888	4	10	4
26889	4	6	4
26890	4	5	4
26891	4	7	4
26893	4	1	4
26894	4	3	4
26911	4	14	6
26919	4	3	3
26921	4	14	6
26927	4	8	3
26928	4	9	3
26930	4	6	3
26932	4	7	3
26933	4	5	3
26936	4	5	3
26937	4	6	3
26938	4	9	3
26939	4	8	3
26941	4	7	3
26944	4	8	3
26945	4	9	3
26947	4	6	3
26948	4	7	3
26949	4	5	3
26950	4	2	0
26951	4	16	1
26952	4	9	3
26953	4	6	3
26954	4	10	3
26955	4	7	3
26956	4	8	3
26957	4	5	3
26958	4	16	1
26959	4	14	6
26960	4	6	3
26961	4	5	3
26962	4	16	1
26963	4	10	3
26964	4	8	3
26965	4	3	3
26966	4	7	2
26968	4	7	3
26969	4	6	3
26970	4	8	3
26971	4	9	3
26972	4	5	3
26973	4	10	3
26974	4	7	3
26975	4	3	3
26977	4	16	1
26978	4	14	6
26979	4	16	1
26980	4	16	1
26981	4	16	1
26982	4	9	3
26983	4	8	3
26984	4	5	3
26985	4	10	3
26986	4	7	3
26987	4	6	3
26988	4	3	3
26990	4	5	3
26991	4	16	1
26992	4	6	3
26993	4	9	3
26994	4	10	3
26995	4	7	3
26997	4	3	3
26998	4	7	3
27000	4	10	3
27001	4	8	3
27002	4	6	3
27003	4	3	3
27004	4	5	3
27005	4	9	3
27006	4	16	1
27007	4	9	3
27008	4	6	3
27009	4	8	3
27010	4	5	3
27011	4	16	1
27012	4	10	3
27013	4	7	3
27014	4	3	3
27016	4	6	3
27017	4	9	3
27018	4	5	3
27019	4	10	3
27020	4	7	3
27022	4	8	3
27023	4	3	3
27024	4	14	6
27026	4	9	3
27027	4	10	3
27028	4	7	3
27029	4	6	3
27030	4	3	3
27033	4	16	1
27034	4	5	3
27035	4	8	3
27036	4	14	6
27037	4	8	3
27038	4	9	3
27039	4	5	3
27040	4	16	1
27041	4	10	3
27042	4	1	3
27043	4	7	3
27044	4	3	3
27045	4	6	3
27046	4	6	3
27047	4	8	3
27048	4	9	2
27048	4	9	3
27049	4	5	3
27050	4	7	3
27051	4	16	1
27052	4	1	3
27053	4	10	3
27054	4	3	3
27055	4	14	6
27057	4	6	3
27058	4	9	3
27059	4	8	3
27060	4	10	3
27061	4	7	3
27062	4	16	1
27063	4	5	3
27064	4	14	6
27065	4	8	3
27066	4	9	3
27067	4	5	3
27068	4	6	3
27069	4	10	3
27070	4	7	3
27071	4	3	3
27072	4	16	1
27073	4	1	3
27074	4	9	3
27075	4	10	3
27076	4	7	3
27079	4	6	3
27080	4	3	3
27081	4	5	3
27082	4	16	1
27083	4	1	3
27084	4	14	6
27087	4	16	1
27088	4	16	1
27089	2	13	7
27090	2	13	7
27091	4	9	3
27092	4	5	3
27093	4	8	3
27094	4	6	3
27096	4	3	3
27097	4	7	3
27099	4	14	6
27108	4	16	1
27110	4	6	3
27111	4	9	3
27112	4	5	3
27113	4	10	3
27114	4	7	3
27115	4	8	3
27116	4	3	3
27117	4	6	3
27118	4	5	3
27119	4	10	3
27120	4	8	3
27121	4	7	3
27122	4	9	3
27123	4	3	3
27124	4	1	3
27126	4	14	6
27127	4	6	3
27128	4	9	3
27129	4	5	3
27131	4	10	3
27132	4	8	3
27133	4	7	3
27134	4	3	3
27135	4	14	6
27136	4	9	3
27137	4	6	3
27138	4	5	3
27140	4	7	3
27142	4	3	3
27143	4	16	1
27145	4	14	6
27146	4	6	3
27147	4	5	3
27148	4	10	3
27149	4	8	3
27150	4	7	3
27151	4	1	3
27152	4	16	1
27154	4	9	3
27155	4	5	3
27156	4	10	3
27157	4	7	3
27158	4	8	3
27159	4	6	3
27160	4	3	3
27161	4	16	1
27162	4	14	6
27163	4	6	1
27165	4	9	1
27169	4	6	3
27170	4	9	3
27171	4	5	3
27173	4	8	3
27174	4	7	3
27175	4	10	3
27176	4	16	1
27177	4	3	3
27178	4	1	3
27179	4	14	6
27180	4	1	4
27182	4	1	4
27185	4	6	3
27186	4	1	4
27190	4	10	4
27191	4	1	3
27192	4	8	3
27193	4	9	3
27194	4	5	3
27195	4	7	3
27196	4	10	3
27197	4	16	1
27202	4	14	6
27204	4	9	2
27206	4	6	3
27208	4	9	3
27209	4	6	2
27211	4	6	3
27212	4	5	3
27214	4	7	3
27215	4	8	3
27217	4	9	3
27218	4	3	3
27220	4	16	1
27222	4	14	6
27223	4	9	4
27226	4	6	4
27228	4	20	1
27230	4	7	1
27231	4	3	1
27232	4	1	1
27234	4	1	2
27235	4	7	2
27236	4	3	2
27255	4	9	1
27256	4	10	1
27257	4	6	1
27258	4	1	1
27259	4	7	1
27260	4	20	1
27262	4	9	2
27263	4	8	2
27264	4	6	2
27265	4	10	2
27267	4	7	2
27272	4	6	4
27273	4	9	4
27274	4	5	4
27277	4	9	3
27279	4	10	3
27280	4	6	3
27285	4	6	3
27286	4	9	3
27287	4	10	3
27288	4	8	3
27289	4	7	3
27290	4	5	3
27291	4	3	3
27292	4	16	1
27293	4	1	3
27294	4	14	6
27295	4	6	3
27296	4	9	3
27297	4	5	3
27299	4	10	3
27300	4	7	3
27301	4	8	3
27302	4	3	3
27304	4	16	1
27305	4	14	6
27306	4	1	3
27307	4	9	3
27308	4	5	3
27309	4	10	3
27310	4	6	3
27311	4	7	3
27312	4	8	3
27313	4	6	3
27314	4	9	3
27315	4	5	3
27317	4	10	3
27318	4	8	3
27319	4	7	3
27320	4	3	3
27322	4	5	3
27323	4	6	3
27324	4	9	3
27325	4	16	1
27326	4	10	3
27327	4	7	3
27328	4	8	3
27329	4	9	4
27330	4	5	4
27331	4	10	4
27332	4	6	4
27334	4	8	4
27335	4	7	4
27336	4	3	4
27338	4	1	4
27339	4	14	6
27340	4	5	4
27341	4	10	4
27342	4	6	4
27343	4	8	4
27344	4	7	4
27345	4	9	4
27346	4	3	4
27347	4	1	4
27348	4	5	4
27349	4	8	4
27350	4	9	4
27351	4	10	4
27352	4	6	4
27354	4	7	4
27355	4	3	4
27356	4	5	4
27357	4	8	4
27358	4	10	4
27359	4	6	4
27360	4	7	4
27361	4	3	4
27362	4	9	4
27363	4	5	4
27364	4	10	4
27365	4	6	4
27366	4	1	4
27367	4	7	4
27368	4	9	4
27370	4	8	4
27371	4	3	4
27372	4	5	4
27373	4	9	4
27374	4	10	4
27375	4	6	4
27376	4	8	4
27377	4	7	4
27378	4	3	4
27379	4	1	4
27380	4	8	4
27381	4	10	4
27382	4	6	4
27383	4	7	4
27384	4	5	4
27385	4	9	4
27386	4	3	4
27387	4	1	4
27388	4	14	6
27389	4	5	4
27390	4	10	4
27391	4	6	4
27392	4	8	4
27393	4	7	4
27394	4	9	4
27395	4	1	4
27396	4	3	4
27397	4	5	4
27398	4	10	4
27399	4	6	4
27400	4	8	4
27401	4	7	4
27402	4	9	4
27403	4	3	4
27404	4	1	4
27405	4	8	4
27406	4	9	4
27407	4	5	4
27408	4	1	4
27411	4	6	4
27412	2	17	5
27413	4	7	4
27414	4	3	4
27415	4	14	6
27416	4	5	4
27418	4	6	4
27419	4	8	4
27420	4	9	4
27422	4	3	4
27423	4	1	4
27425	4	8	4
27426	4	9	4
27427	4	5	4
27428	4	10	4
27429	4	6	4
27430	4	7	4
27431	4	3	4
27432	4	14	6
27451	2	26	19
27472	4	20	1
27473	4	20	1
27477	4	20	1
27479	4	20	1
27492	2	15	2
27511	4	1	4
27512	4	1	4
27514	4	16	1
27517	4	14	6
27518	4	5	2
27519	4	10	2
27520	4	6	2
27521	4	16	1
27522	4	7	2
27523	4	3	2
27524	4	8	2
27525	4	16	1
27527	4	14	6
27529	4	5	1
27532	4	8	1
27533	4	16	1
27536	4	10	3
27540	4	8	3
27541	4	8	3
27542	4	5	1
27545	4	6	1
27547	4	8	1
27549	4	16	1
27550	4	10	1
27551	4	3	1
27553	4	3	2
27554	4	20	1
27555	4	7	2
27556	4	23	0
27557	4	20	1
27558	4	23	0
27560	4	6	2
27562	4	8	2
27563	4	23	0
27564	4	5	2
27565	4	9	2
27566	4	6	2
27567	4	10	2
27568	4	8	2
27569	4	3	2
27570	4	7	2
27571	4	14	6
27572	4	1	2
27573	4	16	1
27575	4	23	0
27576	4	5	2
27577	4	10	2
27578	4	7	2
27579	4	6	2
27580	4	3	2
27581	4	1	2
27582	4	9	2
27584	4	16	1
27586	4	5	2
27588	4	14	6
27589	4	9	2
27590	4	6	2
27591	4	10	2
27592	4	3	2
27593	4	16	1
27598	4	7	1
27599	4	5	1
27600	4	8	1
27601	4	9	1
27602	4	10	1
27605	4	3	1
27606	4	1	1
27607	4	16	1
27608	4	9	2
27609	4	20	1
27610	4	5	2
27612	4	23	0
27614	4	6	1
27615	4	7	2
27616	4	6	2
27617	4	8	2
27618	4	3	2
27628	4	5	1
27629	4	7	1
27630	4	9	1
27631	4	16	1
27632	4	9	2
27633	4	8	1
27634	4	8	2
27635	4	10	2
27639	4	10	1
27640	4	3	1
27645	4	20	1
27647	4	6	1
27648	4	10	2
27649	4	5	2
27650	4	23	0
27651	4	7	2
27652	4	3	2
27653	4	16	1
27654	4	6	2
27655	4	9	2
27656	4	5	2
27657	4	10	2
27658	4	16	1
27660	4	1	2
27661	4	10	2
27662	4	7	2
27663	4	5	2
27664	4	3	2
27666	4	1	2
27667	4	3	2
27668	4	6	2
27669	4	5	2
27670	4	7	2
27672	4	10	2
27673	4	16	1
27674	4	6	2
27675	4	9	2
27677	4	10	2
27678	4	8	2
27679	4	16	1
27680	4	1	2
27681	4	7	2
27682	4	3	2
27683	4	5	2
27684	4	6	2
27685	4	8	2
27686	4	16	1
27687	4	1	2
27688	4	3	2
27689	4	5	2
27690	4	14	6
27693	4	16	1
27699	4	9	2
27700	4	16	1
27701	4	10	2
27702	4	8	2
27703	4	3	2
27704	4	7	2
27706	4	9	2
27708	4	6	2
27710	4	8	2
27711	4	1	2
27712	4	7	2
27713	4	3	2
27715	4	10	2
27716	4	5	2
27717	4	6	2
27718	4	8	2
27719	4	9	2
27720	4	14	6
27721	4	16	1
27722	4	10	2
27723	4	7	2
27724	4	6	2
27725	4	8	2
27726	4	10	2
27727	4	9	2
27728	4	5	2
27731	4	7	2
27732	4	3	2
27733	4	3	2
27734	4	1	2
27739	4	5	2
27740	4	9	2
27741	4	8	2
27743	4	16	1
27745	4	10	2
27746	4	1	2
27748	4	3	2
27749	4	1	4
27751	4	5	1
27752	4	16	1
27753	4	10	1
27754	4	3	1
27755	4	7	1
27756	4	23	0
27758	4	5	2
27759	4	3	2
27760	4	9	2
27761	4	8	2
27764	4	3	2
27766	4	10	2
27768	4	16	1
27769	4	5	3
27770	4	7	3
27771	4	8	3
27774	4	1	3
27776	4	3	3
27777	4	6	3
27778	4	10	3
27779	4	16	1
27782	4	14	6
27783	4	9	3
27784	4	5	3
27787	4	8	3
27788	4	9	3
27789	4	1	3
27790	4	3	3
27791	4	10	3
27792	4	6	3
27794	4	16	1
27796	4	3	1
27799	4	1	1
27800	4	20	1
27801	4	23	0
27803	4	14	6
27804	4	1	3
27805	4	3	3
27806	4	14	6
27807	4	7	2
27809	4	1	2
27821	4	5	1
27822	4	7	1
27823	4	3	1
27824	4	1	1
27825	4	10	3
27827	4	8	3
27829	4	8	4
27830	4	6	1
27832	4	8	4
27833	4	10	4
27835	4	1	4
27838	4	10	4
27839	4	1	4
27842	4	6	1
27843	4	7	2
27844	4	8	2
27845	4	10	2
27846	4	6	2
27847	4	9	2
27849	4	3	2
27850	4	16	1
27851	4	23	0
27853	4	7	1
27854	4	6	1
27855	4	3	1
27856	4	20	1
27857	4	9	1
27858	4	16	1
27860	4	5	1
27861	4	8	1
27862	4	1	1
27863	4	23	0
27866	4	5	1
27867	4	3	1
27868	4	10	1
27870	4	9	1
27872	4	3	1
27873	4	20	1
27874	4	23	0
27876	4	3	4
27877	4	5	2
27878	4	10	2
27879	4	9	2
27880	4	6	2
27881	4	10	2
27882	4	5	2
27884	4	7	2
27886	4	1	2
27887	4	6	2
27888	4	9	2
27889	4	5	3
27890	4	7	3
27891	4	8	3
27892	4	10	3
27893	4	3	3
27894	4	6	3
27895	4	9	3
27896	4	14	6
27898	4	1	3
27899	4	5	4
27900	4	7	4
27901	4	10	4
27902	4	6	4
27903	4	9	4
27904	4	3	4
27905	4	8	4
27906	4	1	4
27907	4	1	2
27908	4	1	3
27910	4	10	1
27911	4	3	2
27912	4	10	1
27913	4	10	2
27914	4	5	2
27916	4	8	2
27920	4	3	2
27921	4	10	2
27922	4	9	2
27927	4	5	1
27928	4	3	1
27929	4	23	0
27932	4	5	4
27933	4	9	4
27934	4	10	4
27935	4	6	4
27938	4	7	4
27940	4	3	4
27942	4	1	4
27943	4	5	3
27944	4	7	3
27945	4	3	3
27946	4	10	2
27947	4	7	2
27949	4	8	2
27951	4	6	3
27954	4	9	2
27955	4	10	2
27956	4	5	2
27957	4	8	2
27958	4	6	2
27959	4	1	2
27960	4	16	1
27962	4	5	2
27963	4	6	2
27964	4	9	2
27965	4	8	2
27966	4	10	2
27967	4	7	2
27968	4	1	2
27969	4	8	2
27970	4	10	2
27971	4	5	2
27972	4	9	1
27972	4	9	2
27973	4	1	2
27974	4	16	1
27975	4	7	2
27976	4	6	2
27977	4	10	2
27978	4	3	2
27979	4	5	2
27980	4	16	1
27981	4	14	6
27982	4	8	2
27983	4	6	2
27984	4	7	2
27985	4	9	2
27986	4	16	1
27987	4	1	2
27988	4	3	2
27989	4	9	2
27990	4	10	2
27991	4	7	2
27993	4	8	2
27994	4	9	2
27995	4	10	2
27996	4	5	2
27997	4	16	1
27998	4	6	2
27999	4	8	2
28001	4	9	2
28002	4	3	2
28003	4	7	2
28005	4	10	2
28006	4	16	1
28007	4	6	2
28008	4	7	2
28009	4	10	2
28010	4	8	1
28011	4	16	1
28012	4	6	2
28013	4	9	2
28014	4	7	2
28015	4	1	4
28016	4	8	2
28017	4	14	6
28018	4	5	2
28019	4	7	2
28020	4	3	2
28022	4	1	2
28023	4	23	0
28024	4	1	4
28025	4	23	0
28026	4	14	6
28028	4	5	2
28029	4	7	2
28030	4	6	2
28031	4	8	2
28033	4	9	2
28034	4	10	2
28035	4	1	2
28037	4	3	2
28039	4	8	2
28042	4	16	1
28045	4	9	2
28046	4	10	2
28047	4	5	2
28049	4	16	1
28050	4	9	1
28051	4	6	1
28052	4	5	1
28054	4	16	1
28055	4	3	1
28056	4	10	1
28057	4	9	1
28060	2	26	3
28061	4	7	1
28062	4	10	1
28063	4	8	1
28064	4	5	1
28065	4	16	1
28067	4	1	1
28068	4	3	1
28069	4	5	3
28070	4	5	3
28071	4	16	1
28073	2	17	1
28074	4	20	1
28075	2	21	4
28076	4	7	4
28077	4	10	2
28078	4	5	1
28079	4	6	1
28080	4	8	1
28082	4	9	1
28083	4	10	1
28084	4	7	1
28086	2	13	7
28088	4	8	1
28089	4	5	4
28090	4	10	3
28093	2	13	7
28095	4	5	2
28096	2	17	5
28097	4	16	1
28098	4	20	1
28106	4	1	2
28108	2	26	19
28109	4	3	1
28112	4	20	1
28118	4	9	3
28120	4	1	4
28123	4	3	1
28124	4	9	1
28125	4	16	1
28130	4	9	3
28131	4	1	1
28132	4	1	3
28135	4	1	3
28136	4	8	4
28138	4	8	3
28139	4	9	3
28140	4	7	1
28142	4	8	2
28143	4	1	3
28147	4	7	2
28149	4	6	2
28151	4	8	1
28152	4	8	2
28155	4	6	1
28156	4	9	3
28158	4	5	1
28159	2	26	19
28160	4	5	2
28161	4	7	2
28162	4	8	2
28164	4	8	4
28165	4	20	1
28166	4	10	2
28167	4	8	1
28168	4	9	1
28169	4	9	3
28170	4	6	1
28171	4	6	3
28172	4	8	4
28173	4	1	2
28175	4	1	3
28176	4	3	2
28177	4	6	2
28178	4	20	1
28179	4	3	2
28180	4	1	2
28181	4	16	1
28182	4	7	1
28183	4	10	1
28185	4	5	4
28186	4	10	3
28187	4	23	0
28188	4	10	1
28189	4	7	3
28190	4	6	1
28191	2	21	4
28192	4	8	2
28194	2	21	4
28195	4	7	2
28196	4	1	3
28197	4	23	0
28198	4	7	1
28199	2	13	15
28200	4	9	1
28201	4	6	3
28202	4	10	4
28203	2	21	4
28204	4	7	1
28205	4	5	2
28206	2	26	3
28207	2	17	1
28209	4	16	1
28210	4	16	1
28212	4	1	2
28216	2	26	19
28217	4	3	2
28218	2	26	19
28219	4	6	2
28221	4	10	1
28222	4	10	2
28223	4	10	3
28224	4	6	4
28225	2	17	10
28226	4	23	0
28227	4	6	2
28228	2	17	10
28229	2	26	3
28230	4	7	3
28231	2	17	10
28232	4	3	2
28233	4	5	2
28234	4	7	3
28235	2	15	2
28236	2	17	10
28237	4	5	3
28238	4	8	3
28240	4	16	1
28241	4	8	2
28242	4	6	1
28243	4	9	2
28244	4	5	3
28245	2	17	8
28246	4	8	1
28247	4	9	2
28248	2	26	19
28249	4	5	2
28250	4	7	3
28251	4	16	1
28252	4	8	4
28253	4	3	2
28254	4	3	2
28255	4	9	1
28260	4	16	1
28262	2	21	4
28263	4	8	3
28265	4	6	3
28266	4	5	2
28267	2	26	19
28268	4	1	1
28269	4	14	6
28270	4	6	2
28272	4	20	1
28273	4	8	2
28274	4	9	2
28275	4	9	3
28276	4	8	4
28279	4	5	3
28280	4	10	3
28281	4	8	2
28282	4	3	4
28283	4	10	2
28284	4	6	2
28286	4	9	2
28287	4	7	2
28288	4	10	3
28289	4	10	1
28290	4	7	3
28291	4	23	0
28292	4	6	2
28294	4	20	1
28295	4	8	4
28296	4	10	2
28297	4	16	1
28298	4	16	1
28299	4	16	1
28300	4	6	3
28302	4	6	2
28303	4	16	1
28304	4	3	4
28305	4	9	1
28306	4	6	3
28307	2	26	19
28308	2	15	2
28309	2	15	2
28310	4	7	4
28311	2	17	5
28312	2	13	15
28313	4	3	2
28314	2	21	4
28315	4	5	3
28316	2	21	7
28317	4	7	3
28318	2	13	4
28321	2	17	8
28322	2	15	2
28323	4	20	1
28325	4	16	1
28326	4	16	1
28327	2	13	15
28328	4	6	2
28330	4	3	2
28331	2	26	3
28332	4	10	3
28334	2	17	1
28335	4	5	4
28336	4	6	3
28337	4	23	0
28338	2	13	0
28339	4	10	2
28341	2	13	0
28342	4	10	1
28343	4	9	4
28344	2	15	2
28345	2	17	10
28346	2	13	7
28347	2	17	8
28348	2	13	15
28349	2	17	1
28351	4	3	4
28352	4	10	4
28353	4	8	4
28354	4	10	4
28355	4	5	4
28356	4	6	4
28357	4	9	4
28360	4	1	4
28362	4	8	4
28364	4	6	4
28368	4	5	2
28369	4	6	2
28370	4	9	2
28372	4	6	2
28373	4	9	2
28375	4	5	2
28381	4	16	1
28382	4	9	3
28383	4	8	3
28384	4	6	2
28385	4	7	2
28386	4	6	2
28389	4	1	3
28391	4	1	3
28392	4	3	3
28393	4	1	3
28394	4	5	4
28395	4	6	4
28396	4	8	4
28397	4	10	4
28398	4	5	4
28399	4	6	4
28401	4	10	4
28402	4	7	4
28403	4	3	4
28404	4	8	4
28407	4	14	6
28408	2	26	19
28409	4	3	1
28410	4	9	1
28411	4	5	1
28412	4	16	1
28413	4	10	1
28414	4	1	1
28415	4	6	1
28416	4	7	1
28417	4	20	1
28418	4	9	1
28419	4	7	1
28421	4	6	1
28422	4	10	1
28423	4	8	1
28424	4	5	1
28425	4	20	1
28426	4	6	2
28427	4	9	2
28428	4	10	2
28429	4	7	2
28430	4	5	2
28431	4	7	2
28432	4	8	1
28433	4	16	1
28434	4	10	3
28435	4	6	3
28436	4	9	3
28437	4	7	3
28438	4	7	3
28439	4	8	3
28440	4	1	3
28441	4	8	3
28443	4	3	3
28444	4	3	3
28447	4	7	3
28448	4	6	3
28449	4	14	6
28451	4	9	3
28452	4	8	3
28454	4	3	3
28455	4	23	0
28457	2	26	19
28458	2	13	7
28459	2	13	0
28460	2	17	1
28462	4	23	0
28464	4	23	0
28465	2	17	8
28466	4	23	0
28467	2	17	10
28468	2	17	5
28469	2	13	0
28470	2	17	10
28471	4	23	0
28472	4	23	0
28473	4	23	0
28475	4	23	0
28476	4	23	0
28477	4	6	1
28478	4	23	0
28479	4	20	1
28480	4	23	0
28481	4	23	0
28482	4	9	2
28483	4	23	0
28484	4	23	0
28486	4	23	0
28487	4	23	0
28488	4	23	0
28489	4	23	0
28490	4	23	0
28491	4	23	0
28492	4	23	0
28493	4	23	0
28499	2	17	5
28500	4	23	0
28501	4	23	0
28502	2	17	10
28503	4	23	0
28504	2	13	0
28505	4	23	0
28508	2	13	4
28510	4	23	0
28511	2	17	10
28511	4	23	0
28512	2	13	4
28513	4	23	0
28514	4	23	0
28515	2	15	2
28516	4	23	0
28517	2	17	8
28518	2	26	19
28520	2	13	15
28521	2	21	4
28522	4	10	2
28523	2	13	0
28524	2	17	5
28525	2	21	0
28526	2	17	5
28527	2	21	7
28528	2	21	7
28529	2	17	8
28530	2	13	7
28531	2	21	4
28533	2	17	1
28534	2	17	5
28535	2	17	8
28536	2	17	8
28538	2	26	19
28539	2	21	0
28540	2	17	5
28541	2	17	1
28542	2	13	0
28543	2	15	2
28544	2	13	7
28545	2	15	2
28546	2	17	8
28547	2	15	2
28548	2	17	5
28551	4	23	0
28552	2	13	7
28553	4	23	0
28554	4	23	0
28555	4	23	0
28557	2	26	3
28561	2	13	7
28562	4	23	0
28563	4	16	1
28565	4	16	1
28566	2	13	0
28567	2	13	7
28568	2	13	15
28569	2	26	19
28570	2	13	7
28571	2	21	4
28572	2	15	2
28573	2	17	1
28575	2	15	2
28576	2	17	8
28577	2	26	19
28578	2	17	10
28579	4	14	6
28580	2	17	10
28583	4	14	6
28584	4	9	2
28586	2	13	7
28588	4	23	0
28590	4	1	2
28591	4	7	2
28592	2	17	10
28593	2	13	7
28594	2	13	7
28595	4	10	2
28596	4	9	3
28597	4	8	1
28598	2	17	8
28601	4	1	2
28602	4	16	1
28604	4	8	3
28605	4	16	1
28607	2	21	7
28608	2	13	7
28609	4	16	1
28610	2	17	10
28612	4	3	1
28614	4	16	1
28616	4	16	1
28617	4	8	1
28619	4	9	1
28623	4	7	2
28624	2	17	8
28625	4	7	4
28626	2	26	19
28627	4	8	2
28628	2	17	5
28629	2	17	5
28630	4	3	2
28631	2	26	19
28632	4	5	2
28633	2	26	19
28634	2	26	3
28636	2	26	3
28637	4	9	1
28640	4	6	4
28642	4	6	1
28643	4	3	1
28645	4	8	1
28646	4	7	1
28647	4	23	0
28648	4	7	1
28649	4	6	1
28651	4	3	1
28652	4	16	1
28654	4	8	2
28656	4	9	1
28657	4	6	1
28658	4	8	3
28660	4	8	1
28661	4	16	1
28662	4	1	3
28663	4	5	3
28664	4	8	2
28665	4	3	3
28666	4	8	3
28667	4	8	3
28668	4	9	3
28669	4	8	4
28670	4	8	2
28671	2	21	4
28672	2	17	6
28673	2	17	5
28674	2	17	5
28675	2	17	8
28676	2	21	7
28677	2	17	5
28678	2	17	8
28679	2	21	0
28680	4	10	2
28681	2	21	4
28682	4	11	0
28683	4	10	2
28684	4	6	3
28685	4	10	3
28686	4	6	4
28688	4	10	2
28689	2	21	4
28690	4	16	1
28691	2	17	5
28693	4	16	1
28694	4	5	4
28695	4	16	1
28696	4	6	3
28697	2	26	19
28699	2	17	10
28700	4	5	2
28701	2	17	10
28703	4	10	1
28704	4	3	2
28705	4	3	1
28706	2	21	4
28707	2	17	8
28708	2	13	7
28709	4	3	2
28710	4	5	3
28711	4	9	3
28712	4	5	3
28713	4	7	1
28714	2	17	8
28715	4	7	1
28716	4	7	4
28717	2	17	8
28718	2	26	3
28719	2	17	1
28720	4	7	1
28721	4	3	3
28722	4	7	3
28723	4	10	3
28724	4	5	3
28725	4	3	4
28726	4	10	3
28727	4	3	4
28728	4	7	2
28729	4	3	1
28730	4	6	1
28730	4	6	2
28731	4	16	1
28733	4	11	0
28734	4	8	1
28734	4	8	2
28735	4	9	2
28736	4	7	1
28737	4	5	2
28738	2	26	19
28739	4	1	2
28740	4	10	4
28741	4	10	1
28742	4	14	6
28743	2	26	3
28744	4	3	2
28745	4	3	2
28746	4	6	1
28747	2	26	19
28748	2	13	0
28749	4	8	2
28750	4	10	3
28754	4	10	1
28756	4	3	1
28757	4	6	2
28758	2	17	6
28760	4	8	3
28762	4	1	2
28763	4	6	2
28764	2	17	6
28765	2	21	0
28766	2	15	2
28767	4	6	2
28768	2	17	8
28769	2	26	3
28770	4	8	2
28771	4	10	1
28772	2	15	2
28773	4	3	3
28774	4	6	3
28775	4	16	1
28776	2	21	4
28777	4	6	3
28779	2	13	15
28780	2	15	2
28781	2	26	3
28782	2	21	0
28783	4	1	4
28784	4	2	0
28785	4	9	1
28786	2	26	3
28787	2	26	19
28788	4	3	1
28789	2	13	15
28790	2	17	6
28791	2	17	1
28792	4	3	3
28794	2	17	1
28795	4	23	0
28796	2	17	1
28797	4	10	2
28798	4	1	2
28799	2	21	4
28800	4	10	3
28801	2	15	2
28802	4	6	2
28803	4	23	0
28804	2	17	1
28806	4	9	3
28807	2	26	19
28808	4	5	2
28809	2	17	5
28810	2	13	0
28811	4	14	6
28812	4	11	0
28813	2	15	2
28814	4	20	1
28817	4	3	3
28818	2	26	19
28819	4	5	3
28820	4	9	3
28821	2	21	4
28822	4	10	2
28823	4	3	2
28824	4	9	4
28825	4	6	1
28826	4	1	3
28827	2	15	2
28827	4	15	2
28828	2	26	19
28829	4	14	6
28830	4	11	0
28831	4	11	0
28834	2	13	0
28835	2	21	4
28836	2	17	10
28837	4	5	2
28838	4	10	3
28843	4	7	4
28844	4	9	4
28847	4	1	4
28848	2	21	7
28849	2	21	0
28850	4	1	2
28851	4	1	1
28852	4	1	1
28853	4	1	1
28856	4	1	2
28866	2	13	4
28867	2	13	4
28869	2	21	4
28870	2	26	3
28871	4	20	1
28873	2	13	0
28876	2	13	7
28891	4	16	1
28911	2	26	18
28912	2	26	18
28934	4	1	4
28935	4	3	2
28951	4	16	1
28972	4	5	1
28974	4	1	1
28976	4	1	3
28977	4	1	3
28979	4	1	2
28984	4	1	2
28985	4	1	4
28986	4	1	3
28987	4	1	2
28990	4	20	1
28991	4	20	1
28992	4	20	1
28993	4	20	1
28996	4	10	4
28997	4	10	3
28998	4	10	3
29000	4	10	4
29001	4	10	3
29002	4	10	1
29003	4	10	3
29003	4	10	4
29006	4	10	3
29007	4	10	3
29009	4	10	2
29013	4	10	2
29014	4	10	4
29015	4	10	4
29016	4	10	3
29051	4	1	2
29066	2	13	7
29097	2	13	15
29112	4	6	1
29113	4	10	1
29114	4	8	1
29132	2	13	7
29134	4	1	2
29161	2	13	0
29162	2	15	2
29163	2	26	3
29167	2	13	15
29168	2	17	5
29170	2	17	8
29171	2	21	4
29176	2	17	6
29191	2	17	6
29192	4	20	1
29194	2	17	1
29195	2	26	19
29211	4	5	3
29213	4	10	3
29214	4	8	3
29215	4	6	3
29218	4	9	3
29243	4	9	1
29246	4	5	3
29247	4	10	3
29249	4	9	3
29250	4	6	3
29251	4	8	3
29252	4	3	3
29263	4	3	3
29266	4	3	1
29268	4	1	3
29269	4	1	1
29273	4	7	1
29276	2	13	15
29385	4	1	3
29397	2	13	0
29408	2	17	1
29495	2	13	0
29496	2	17	1
29550	4	14	6
29591	4	20	1
29593	4	10	1
29594	4	8	1
29596	4	6	1
29597	4	9	1
29598	4	1	1
29630	4	16	1
29632	4	6	2
29677	2	21	7
29693	4	8	4
29697	4	11	0
29698	2	17	5
29699	2	17	5
29701	4	14	6
29702	4	14	6
29703	2	17	10
29706	2	13	15
29712	4	12	0
29714	2	13	4
29717	4	23	0
29719	4	16	1
29722	4	12	0
29735	4	1	1
29736	4	10	1
29739	4	20	1
29740	4	6	1
29741	4	10	1
29742	4	8	1
29743	4	3	1
29744	4	7	1
29745	4	9	1
29746	4	5	2
29747	4	6	2
29748	4	8	2
29749	4	10	2
29750	4	1	2
29752	4	20	2
29753	4	6	2
29754	4	9	2
29755	4	10	2
29757	4	7	2
29758	4	3	2
29759	2	21	0
29761	4	5	2
29762	4	6	2
29763	4	9	2
29766	4	10	2
29767	4	8	1
29768	4	3	2
29769	2	13	7
29770	4	5	2
29772	4	8	2
29774	4	9	2
29775	4	1	2
29776	4	10	2
29777	4	7	2
29778	4	3	2
29779	4	9	1
29780	4	1	1
29781	4	10	1
29782	4	7	1
29783	4	6	1
29784	4	20	1
29785	4	5	3
29786	4	6	3
29787	4	9	3
29789	4	10	3
29791	4	8	3
29792	4	20	1
29793	4	6	1
29794	4	1	3
29795	4	9	1
29796	4	3	1
29797	4	7	1
29798	4	3	1
29799	4	8	1
29800	4	10	1
29801	4	8	1
29802	4	3	3
29803	4	10	1
29804	4	1	1
29805	4	1	1
29806	4	6	1
29807	4	5	3
29809	4	6	3
29810	4	9	3
29811	4	10	3
29812	4	9	1
29813	4	8	3
29814	4	7	3
29815	4	3	3
29816	4	20	1
29817	4	1	3
29818	4	20	3
29819	4	6	3
29820	4	8	3
29821	4	9	3
29822	4	10	3
29823	4	7	3
29824	4	16	1
29825	4	1	3
29826	4	3	3
29827	4	16	1
29828	4	5	3
29829	4	6	3
29830	4	8	3
29831	4	9	3
29832	4	20	1
29833	4	10	3
29834	4	6	1
29835	4	3	3
29836	4	9	1
29838	4	10	1
29840	4	8	1
29841	4	3	1
29842	4	2	0
29843	4	1	1
29844	4	5	4
29845	4	7	1
29846	4	6	4
29847	4	9	4
29848	4	10	4
29849	4	7	4
29850	4	8	4
29852	4	1	4
29853	4	8	1
29854	4	9	1
29855	4	3	4
29856	4	10	1
29857	4	7	1
29858	4	5	4
29859	4	9	4
29860	4	10	4
29861	4	20	1
29862	4	1	1
29863	4	8	4
29864	4	6	4
29865	4	1	4
29866	4	3	1
29867	4	3	4
29869	4	20	1
29870	4	6	1
29871	4	9	1
29872	2	21	15
29873	4	1	1
29874	4	5	4
29875	4	6	4
29876	4	9	4
29877	4	10	4
29878	4	7	4
29879	4	8	4
29880	4	7	4
29881	4	1	4
29882	4	3	4
29883	4	5	4
29884	4	6	4
29886	4	8	4
29887	4	9	4
29888	4	10	4
29889	4	1	4
29890	4	9	3
29891	4	3	4
29893	4	1	3
29894	4	1	1
29896	4	14	6
29897	2	13	7
29898	4	10	2
29901	4	4	0
29904	4	8	2
29907	2	17	1
29908	4	3	1
29910	2	21	4
29911	4	1	4
29912	4	10	3
29914	4	23	0
29915	2	22	13
29916	4	16	1
29918	4	20	1
29919	4	5	2
29922	4	12	0
29924	2	26	19
29925	4	9	4
29927	4	8	1
29928	4	3	2
29929	4	6	1
29930	4	7	2
29931	2	13	15
29932	2	15	2
29934	4	7	3
29936	4	1	2
29937	4	1	2
29938	4	1	3
29939	2	17	5
29941	4	1	2
29942	4	1	3
29944	4	3	3
29945	4	10	4
29947	4	12	0
29951	4	20	1
29952	4	1	2
29953	4	5	3
29954	4	6	2
29955	4	3	4
29957	2	21	15
29958	4	5	4
29959	4	6	4
29960	4	8	4
29961	4	9	4
29962	4	10	4
29963	4	7	4
29964	4	3	4
29965	4	1	4
29966	4	6	4
29967	4	8	4
29968	4	9	4
29969	4	5	4
29970	4	10	4
29971	4	3	4
29972	4	7	4
29973	4	1	4
29974	4	5	2
29975	4	7	2
29976	4	6	2
29977	4	9	2
29979	4	10	2
29981	4	8	2
29983	4	3	2
30071	4	1	4
30072	4	1	3
30091	4	1	3
30092	4	1	3
30171	4	5	2
30172	4	8	2
30211	4	3	1
30255	2	17	5
30294	2	17	1
30311	4	5	3
30312	4	1	3
30313	4	7	3
30314	4	3	3
30315	4	5	4
30316	4	1	4
30317	4	7	4
30318	4	3	4
30319	4	8	4
30320	4	9	4
30321	4	10	4
30322	4	6	4
30323	4	8	3
30324	4	9	3
30325	4	6	3
30326	4	10	3
30327	4	5	2
30328	4	3	2
30329	4	7	2
30330	4	1	2
30331	4	9	2
30332	4	6	2
30333	4	8	2
30334	4	10	2
30336	4	3	1
30337	4	8	1
30338	4	9	1
30339	4	10	1
30340	4	6	1
30341	4	1	1
30342	4	7	1
30343	4	20	1
30344	4	8	1
30345	4	9	1
30346	4	6	1
30347	4	10	1
30350	4	3	1
30351	4	20	1
30352	4	1	1
30353	4	9	2
30354	4	6	2
30355	4	10	2
30356	4	8	2
30357	4	5	2
30358	4	1	2
30359	4	7	2
30360	4	3	2
30361	4	8	3
30362	4	9	3
30363	4	10	3
30364	4	6	3
30365	4	5	3
30366	4	1	3
30367	4	7	3
30368	4	3	3
30369	4	9	4
30370	4	8	4
30371	4	10	4
30372	4	6	4
30373	4	5	4
30374	4	1	4
30375	4	7	4
30379	4	10	1
30380	4	7	1
30381	4	3	1
30382	4	3	3
30385	4	7	1
30391	4	6	2
30392	2	21	0
30412	4	3	2
30413	4	5	3
30414	4	7	3
30415	4	9	3
30416	4	8	3
30417	4	6	3
30418	4	10	3
30422	4	20	1
30424	4	7	1
30425	4	6	1
30426	4	9	1
30427	4	10	1
30430	4	8	1
30436	2	21	4
30439	4	8	3
30440	2	21	4
30455	2	17	5
30472	2	17	10
30474	4	10	1
30492	4	6	3
30516	2	17	10
30517	2	17	10
30535	4	6	4
30536	4	5	2
30540	4	7	2
30541	4	6	2
30542	4	8	2
30546	4	3	2
30548	4	9	2
30559	4	14	6
30561	4	14	6
30577	4	16	1
30581	4	20	1
30582	4	7	1
30582	4	7	2
30583	4	6	1
30584	4	9	1
30585	4	10	1
30586	4	3	1
30587	4	8	1
30594	2	22	13
30595	2	21	13
30606	2	13	7
30606	2	21	7
30610	2	10	14
30616	4	20	1
30617	4	9	1
30620	4	10	1
30621	4	6	1
30622	4	8	1
30623	4	3	1
30636	2	26	3
30638	2	13	0
30639	4	8	1
30643	4	9	3
30654	4	7	2
30660	2	26	19
30661	4	11	0
30663	4	5	3
30667	4	8	1
30669	4	10	1
30670	4	1	1
30670	4	1	2
30671	4	7	4
30672	4	10	2
30673	2	13	7
30675	4	5	4
30677	4	1	4
30679	4	8	3
30680	4	1	3
30681	4	3	3
30683	2	15	2
30685	4	1	2
30686	4	10	4
30688	4	6	1
30689	4	16	1
30690	4	12	0
30693	4	9	1
30696	4	2	0
30697	4	6	1
30698	4	7	1
30699	2	13	0
30702	4	10	3
30703	4	16	1
30704	4	9	4
30706	4	14	6
30711	2	17	10
30719	4	10	2
30720	4	10	3
30721	4	10	4
30722	4	12	0
30723	4	12	0
30724	2	13	15
30724	2	21	15
30727	4	9	2
30728	2	13	4
30729	4	10	2
30730	4	7	3
30736	4	8	3
30737	4	7	4
30738	4	2	0
30739	4	16	1
30740	4	10	4
30743	4	3	4
30744	4	20	1
30747	2	26	18
30749	4	6	2
30751	4	6	3
30753	4	9	3
30754	2	21	7
30763	4	6	1
30764	4	12	0
30772	4	10	1
30774	4	10	1
30778	2	17	8
30779	4	8	2
30783	4	16	1
30791	2	17	1
30792	2	17	5
30793	4	1	3
30795	4	8	2
30796	4	23	0
30797	4	2	0
30799	4	2	0
30800	4	1	3
30801	4	9	2
30802	4	20	1
30803	4	6	2
30804	4	9	2
30805	4	9	2
30806	4	9	1
30807	4	9	4
30809	2	26	3
30813	2	21	13
30814	2	13	7
30817	4	8	2
30819	4	5	2
30820	4	1	3
30821	4	1	4
30822	2	13	7
30824	4	20	1
30825	4	1	2
30827	2	21	15
30829	4	3	4
30830	4	3	3
30831	4	16	1
30832	4	16	1
30833	4	9	1
30834	2	13	0
30835	4	14	6
30836	2	17	6
30837	4	5	4
30838	4	6	2
30839	4	6	2
30845	4	8	2
30848	4	9	3
30849	4	16	1
30850	4	16	1
30851	4	16	1
30853	2	17	8
30854	4	8	4
30855	4	23	0
30857	4	7	3
30858	2	21	7
30859	4	9	2
30860	4	1	1
30862	4	10	3
30864	4	3	2
30865	4	6	4
30866	4	5	3
30867	2	17	5
30868	4	20	1
30869	4	9	4
30870	2	17	10
30872	4	14	6
30875	4	23	0
30881	2	17	1
30882	4	16	1
30886	2	17	8
30889	4	1	3
30893	4	10	2
30894	4	6	4
30912	2	21	4
30915	2	21	4
30920	4	1	2
30922	4	20	2
30923	4	3	2
30924	4	10	2
30925	4	3	3
30926	2	15	2
30927	2	15	2
30928	4	3	4
30934	2	13	7
30935	2	13	7
30936	2	13	7
30956	2	13	0
30957	4	10	4
30993	4	14	6
30994	2	21	7
31016	2	17	10
31019	4	6	4
31020	4	9	4
31021	4	5	4
31022	4	10	4
31023	4	7	4
31024	4	3	4
31025	4	8	4
31026	4	8	1
31027	4	8	1
31028	4	10	1
31029	4	12	0
31030	4	1	1
31031	4	3	1
31032	4	7	1
31033	4	7	1
31035	4	8	2
31036	4	10	2
31037	4	5	2
31038	4	3	2
31039	4	5	2
31040	4	7	2
31047	4	3	3
31048	4	5	3
31049	4	3	4
31050	4	8	4
31051	4	10	4
31052	4	7	4
31053	4	20	1
31057	4	20	1
31058	4	20	1
31059	4	8	1
31060	4	10	1
31061	4	8	1
31062	4	10	1
31063	4	8	1
31064	4	10	1
31065	4	1	1
31066	4	3	1
31067	4	3	1
31068	4	8	2
31070	4	8	2
31071	4	10	2
31072	4	5	2
31073	4	7	2
31074	4	5	2
31075	4	10	2
31076	4	3	2
31077	4	1	2
31082	4	8	4
31083	4	5	4
31084	4	7	4
31085	4	3	4
31086	4	10	4
31087	4	1	1
31096	4	12	0
31097	4	8	1
31098	4	10	1
31099	4	1	1
31100	4	3	1
31102	4	20	1
31103	4	3	1
31104	4	1	1
31105	4	5	2
31106	4	9	2
31109	4	8	2
31110	4	6	2
31111	4	8	2
31115	4	7	2
31117	4	1	3
31119	2	21	4
31120	4	23	0
31121	4	14	6
31122	4	6	3
31126	2	13	4
31126	2	21	4
31127	4	9	2
31130	4	3	3
31131	4	16	1
31133	4	8	4
31136	4	10	1
31138	4	23	0
31140	4	8	1
31142	4	3	2
31143	4	6	4
31151	4	9	1
31159	4	9	2
31160	4	9	3
31161	4	9	4
31163	2	17	10
31166	4	8	2
31167	4	1	4
31171	4	6	3
31173	4	10	4
31174	2	17	6
31175	4	9	2
31177	4	1	1
31180	4	10	1
31181	4	8	3
31182	4	10	3
31183	4	8	3
31184	4	1	3
31185	4	5	3
31186	4	7	3
31188	4	8	1
31189	2	13	0
31191	4	7	4
31192	4	6	1
31193	4	9	4
31194	4	3	3
31196	4	10	2
31207	4	1	4
31210	2	26	3
31213	4	9	4
31216	4	14	6
31217	4	3	1
31219	2	17	1
31220	2	26	19
31223	4	23	0
31224	2	26	3
31225	2	26	3
31226	2	26	3
31227	4	1	1
31228	4	1	2
31237	2	26	3
31239	2	26	18
31240	2	15	2
31241	4	5	3
31242	4	7	3
31244	4	8	3
31245	4	10	3
31246	4	1	3
31247	4	3	3
31248	4	9	3
31250	2	21	10
31252	4	19	0
31253	4	19	0
31254	4	19	0
31255	4	19	0
31258	2	21	4
31260	4	1	4
31263	4	1	1
31265	2	17	5
31266	2	13	15
31268	4	1	3
31271	4	8	4
31276	4	10	1
31278	4	6	1
31280	4	9	3
31282	4	12	0
31283	2	13	15
31284	4	1	4
31286	4	1	3
31287	4	12	0
31288	2	17	8
31290	4	10	2
31295	4	8	4
31298	4	3	3
31299	2	13	0
31300	2	13	0
31302	2	17	1
31303	2	17	1
31306	4	12	0
31307	2	15	2
31309	2	13	7
31310	2	26	18
31311	2	13	15
31312	2	13	15
31314	2	21	13
31315	2	21	13
31316	2	22	13
31317	2	22	13
31318	4	12	0
31319	2	26	3
31320	4	7	4
31321	2	13	4
31322	2	17	5
31323	2	17	5
31327	4	1	3
31328	2	17	6
31330	2	17	10
31331	4	7	1
31332	2	17	10
31333	4	7	2
31334	2	17	8
31337	2	21	15
31338	2	15	2
31339	4	6	2
31340	4	7	2
31346	2	17	10
31347	2	17	10
31351	4	16	1
31352	4	7	4
31353	4	6	4
31354	4	8	4
31371	4	1	1
31379	2	13	15
31381	2	13	15
31382	4	10	3
31385	4	9	2
31387	4	12	0
31400	2	13	7
31400	2	17	7
31402	4	5	3
31403	4	7	3
31404	4	6	3
31405	4	9	3
31406	4	10	3
31408	4	8	3
31409	4	3	3
31410	4	1	3
31411	4	9	3
31412	4	8	3
31413	4	6	3
31414	4	10	3
31415	4	7	3
31416	4	5	3
31419	2	13	7
31423	4	12	0
31424	2	13	7
31425	4	12	0
31468	4	3	3
31475	4	12	0
31476	4	12	0
31477	4	12	0
31478	4	12	0
31479	4	12	0
31480	4	12	0
31481	4	12	0
31482	4	12	0
31483	4	12	0
31484	4	12	0
31490	4	20	1
31498	4	11	0
31499	4	12	0
31503	4	10	2
31504	4	3	2
31505	4	5	4
31506	4	1	4
31507	4	10	4
31509	4	9	4
31510	4	3	4
31514	4	1	2
31517	4	1	1
31523	4	3	4
31526	2	13	7
31527	4	19	0
31528	4	19	0
31529	4	5	2
31531	4	5	2
31532	4	6	3
31534	4	6	1
31538	4	8	3
31541	4	10	2
31542	4	6	2
31549	4	8	2
31553	2	13	14
31557	4	8	1
31564	4	10	4
31565	4	6	4
31566	4	3	2
31576	4	11	0
31592	4	16	1
31597	4	6	4
31598	4	6	4
31599	4	6	3
31600	4	6	3
31601	4	6	2
31602	4	6	1
31603	4	2	0
31604	4	2	0
31605	2	13	15
31606	2	13	15
31608	2	17	10
31610	2	17	10
31611	2	13	0
31612	2	13	4
31613	2	17	6
31616	4	11	0
31617	2	13	7
31618	4	3	3
31619	4	9	4
31620	4	9	2
31622	2	15	2
31623	4	23	0
31625	4	10	1
31626	4	7	4
31628	2	26	19
31630	4	10	2
31631	4	12	0
31632	4	16	1
31633	4	2	0
31634	4	10	1
31635	4	7	4
31638	4	10	4
31639	4	5	2
31641	4	5	3
31644	4	20	1
31645	2	26	19
31649	4	8	1
31650	4	1	1
31651	4	7	1
31652	4	6	2
31653	4	6	1
31654	4	6	4
31655	4	11	0
31656	4	3	2
31657	4	11	0
31660	4	10	4
31662	4	8	3
31663	4	20	1
31664	4	11	0
31671	4	1	4
31672	4	6	2
31673	4	20	1
31675	4	1	2
31676	4	19	0
31677	2	26	19
31680	4	10	3
31681	4	6	2
31682	4	6	2
31683	4	10	4
31685	4	7	1
31686	2	13	15
31692	2	13	7
31692	4	8	1
31712	4	8	2
31713	2	26	18
31718	4	8	1
31720	2	17	6
31721	2	17	1
31722	4	6	2
31724	4	8	2
31725	4	9	2
31726	4	10	2
31729	4	7	2
31732	4	8	2
31733	4	14	6
31735	2	17	1
31740	2	17	10
31746	4	14	6
31747	2	26	3
31748	2	15	2
31749	2	26	18
31750	2	17	5
31751	2	13	4
31752	2	22	13
31754	2	21	13
31757	2	26	18
31758	2	26	3
31759	2	15	2
31761	2	17	6
31764	2	17	10
31765	2	17	10
31766	2	17	6
31768	4	12	0
31769	4	12	0
31770	4	12	0
31771	4	12	0
31777	2	13	4
31779	4	23	0
31797	4	20	2
31800	4	11	0
31805	4	23	0
31806	4	23	0
31807	4	23	0
31808	2	13	7
31808	2	13	15
31809	4	23	0
31815	4	14	6
31817	2	17	5
31820	2	13	15
31822	2	13	4
31823	4	3	1
31828	4	3	1
31829	4	6	3
31830	4	8	3
31831	4	9	3
31832	4	20	3
31833	4	3	3
31834	4	10	3
31835	4	1	3
31836	4	7	3
31838	4	12	0
31840	4	12	0
31841	4	12	0
31843	4	12	0
31844	4	12	0
31845	4	12	0
31846	4	12	0
31847	4	12	0
31848	4	12	0
31851	4	14	6
31852	4	14	6
31857	2	17	1
31858	2	17	1
31861	2	13	4
31862	2	21	4
31863	2	21	4
31864	2	13	15
31865	2	13	15
31866	2	13	7
31867	2	13	7
31869	2	13	0
31870	2	13	0
31876	2	26	3
31877	2	17	5
31878	2	17	5
31880	2	21	13
31888	4	10	1
31889	4	2	0
31891	4	1	4
31892	4	9	1
31898	4	1	1
31899	4	2	0
31901	4	12	0
31902	4	6	3
31904	4	8	2
31905	4	11	0
31906	4	11	0
31907	4	2	0
31908	4	11	0
31909	2	26	18
31911	4	7	1
31912	4	16	1
31914	4	8	4
31915	4	6	1
31919	4	10	2
31921	4	8	1
31924	4	6	4
31925	4	6	3
31926	4	3	4
31927	4	6	2
31930	4	20	1
31931	4	6	1
31932	4	7	3
31933	4	7	4
31934	4	5	2
31935	2	13	4
31936	4	12	0
31937	2	26	19
31953	4	23	0
31954	2	17	5
31955	2	13	4
31956	2	13	0
31957	2	13	0
31958	2	17	1
31960	2	17	10
31964	2	17	10
31966	2	13	7
31967	4	12	0
31968	4	7	3
31969	4	6	1
31970	4	9	1
31971	4	10	1
31972	4	7	1
31973	4	20	1
31974	4	3	1
31975	4	8	1
31977	2	26	19
31978	4	16	1
31982	4	8	1
31985	4	8	1
31986	4	5	2
31987	4	1	1
31996	2	17	8
31997	2	13	7
31998	2	17	8
31999	2	17	8
32000	2	17	8
32008	4	2	0
32016	4	3	2
32019	4	6	3
32021	4	9	3
32022	4	5	3
32024	4	10	3
32026	4	19	0
32028	4	1	3
32029	4	7	3
32030	4	3	3
32031	4	19	0
32032	2	22	13
32033	2	21	13
32034	4	3	1
32036	4	9	2
32038	4	8	3
32040	4	8	3
32066	4	16	1
32067	4	16	1
32068	4	16	1
32069	4	16	1
32070	4	16	1
32071	4	16	1
32072	4	16	1
32073	4	2	0
32074	2	13	15
32075	2	13	15
32076	2	13	7
32077	2	13	7
32079	2	15	2
32080	2	15	2
32081	2	15	2
32082	4	3	2
32088	4	9	4
32089	4	9	3
32090	4	9	2
32091	4	9	1
32092	4	3	3
32093	4	1	3
32094	4	5	3
32095	4	8	3
32097	4	7	3
32098	4	10	3
32100	4	10	3
32103	4	5	3
32106	4	8	2
32107	4	10	2
32108	4	7	2
32110	4	5	2
32112	4	7	2
32113	4	10	2
32114	4	8	2
32115	4	5	2
32119	4	10	3
32120	4	7	3
32122	4	5	3
32124	4	8	3
32125	4	3	3
32126	4	8	3
32127	4	7	3
32128	4	3	3
32129	4	3	2
32131	4	3	2
32132	4	1	2
32133	4	1	3
32134	4	1	2
32135	4	1	3
32140	2	17	5
32146	2	26	18
32153	4	5	1
32154	4	5	1
32155	4	7	1
32157	4	5	2
32158	4	9	2
32159	4	10	2
32160	4	3	2
32162	2	17	5
32163	4	5	3
32164	4	10	3
32165	4	3	3
32166	4	5	4
32167	4	7	4
32168	4	3	4
32192	4	7	2
32193	4	1	2
32194	2	13	15
32196	2	17	10
32197	2	13	7
32199	2	17	8
32200	2	17	1
32216	2	13	0
32217	4	14	6
32262	2	13	4
32263	4	5	4
32264	4	6	4
32265	4	9	4
32270	4	3	3
32272	4	6	3
32273	4	5	2
32274	4	3	2
32275	4	9	2
32285	4	5	2
32286	4	6	2
32287	4	9	2
32289	4	6	1
32290	4	9	1
32292	4	3	1
32296	4	7	4
32297	4	2	0
32298	4	16	1
32305	4	11	0
32314	2	21	7
32320	4	16	1
32321	4	2	0
32323	4	11	0
32326	4	2	0
32326	4	12	0
32332	2	17	10
32335	4	2	0
32337	4	7	3
32339	4	16	1
32340	4	10	2
32344	4	23	0
32347	4	11	0
32348	4	10	4
32353	4	11	0
32356	2	13	7
32360	4	5	3
32371	4	16	1
32379	4	8	4
32382	4	23	0
32389	4	8	3
32395	4	2	0
32397	2	13	15
32400	4	5	1
32401	4	7	1
32404	4	3	2
32405	4	7	2
32406	4	8	2
32407	4	7	1
32409	4	3	4
32410	4	10	1
32413	4	1	3
32415	4	5	4
32416	4	6	4
32417	4	9	4
32430	2	17	6
32431	4	12	0
32435	2	17	1
32438	2	21	7
32439	2	21	15
32443	2	21	7
32446	2	17	6
32449	4	8	1
32450	2	17	10
32490	2	13	8
32493	4	1	4
32503	4	16	1
32507	2	26	19
32509	4	6	4
32511	2	13	15
32514	2	17	5
32515	4	23	0
32536	4	1	2
32538	2	21	13
32539	2	22	13
32544	4	5	1
32560	4	14	6
32561	4	14	6
32563	4	8	1
32564	4	20	1
32565	4	20	1
32566	4	3	1
32567	4	3	1
32570	2	15	2
32570	2	26	2
32571	2	15	2
32575	2	13	15
32576	2	21	15
32577	2	26	3
32581	2	21	7
32582	2	26	19
32584	2	26	19
32587	2	17	10
32588	2	21	4
32592	2	13	15
32595	2	26	19
32599	4	8	4
32600	2	13	4
32603	2	17	8
32604	2	17	6
32612	2	17	10
32613	2	17	10
32615	2	22	13
32632	4	6	1
32632	4	6	2
32637	4	6	2
32637	4	6	3
32639	4	8	1
32641	4	8	2
32644	4	6	3
32644	4	6	4
32645	4	8	2
32648	2	13	15
32677	2	17	10
32678	4	11	0
32682	4	8	2
32682	4	8	3
32683	4	3	3
32685	2	26	19
32693	2	25	16
32694	4	19	0
32695	4	19	0
32700	4	10	3
32713	4	2	0
32714	4	2	0
32715	4	2	0
32716	4	2	0
32717	2	17	6
32718	4	6	4
32720	4	6	2
32721	4	6	3
32722	2	21	7
32722	2	22	7
32724	4	6	1
32726	4	16	1
32727	4	16	1
32731	4	1	2
32732	4	8	2
32734	4	1	1
32735	4	1	3
32738	2	17	1
32739	4	3	4
32740	4	3	1
32741	4	3	3
32745	4	12	0
32748	4	5	3
32749	4	9	3
32750	4	6	3
32751	4	10	3
32752	4	10	2
32753	4	7	3
32754	4	1	4
32755	4	8	3
32756	4	7	4
32757	4	10	4
32758	4	8	4
32760	4	7	3
32762	4	10	3
32763	2	26	18
32766	2	26	2
32769	2	13	0
32770	4	8	1
32772	4	7	2
32773	4	8	2
32774	2	26	19
32776	2	21	13
32780	2	13	4
32782	2	17	5
32784	4	23	0
32790	4	1	2
32816	4	7	2
32818	4	5	3
32822	4	8	3
32822	4	8	4
32837	2	17	6
32841	4	20	1
32858	2	13	14
32871	4	9	3
32872	4	5	3
32874	4	10	3
32875	4	9	3
32876	4	5	3
32877	4	10	3
32888	4	14	6
32890	4	10	3
32900	4	1	4
32903	4	3	4
32908	4	1	4
32909	2	17	10
32910	4	7	2
32912	4	12	0
32916	4	5	1
32927	4	7	1
32928	4	6	1
32945	4	5	4
32946	4	10	4
32956	4	1	0
32957	4	1	0
32958	4	1	0
32959	4	1	0
32961	4	1	0
32963	4	1	0
32964	4	1	0
32965	4	1	0
32966	4	1	0
32967	4	1	0
32968	4	1	0
32969	4	1	0
32970	4	1	0
32971	4	1	0
32972	4	1	0
32973	4	1	0
32974	4	5	2
32978	4	1	1
32979	4	1	1
32980	4	1	1
32981	4	20	1
32984	4	20	1
32988	4	10	1
32990	4	10	1
32991	4	7	1
32992	4	8	1
32995	4	10	1
32996	4	8	1
32997	4	10	1
32998	4	7	1
32999	4	1	1
33001	4	20	1
33002	4	3	1
33004	4	3	1
33005	4	3	1
33006	4	8	1
33007	4	7	1
33009	4	8	1
33015	2	17	10
33017	2	21	4
33018	4	23	0
33020	2	26	18
33028	4	9	2
33029	4	7	3
33031	4	10	1
33033	2	17	8
33034	4	8	4
33036	4	8	3
33040	4	6	1
33042	4	7	2
33045	4	8	3
33047	4	10	4
33049	4	8	1
33051	4	3	2
33054	4	20	1
33056	4	3	4
33057	4	7	3
33059	4	7	4
33060	4	1	4
33062	4	5	1
33063	4	1	2
33068	2	15	2
33069	2	21	15
33071	4	1	1
33072	2	21	4
33073	4	1	1
33076	4	8	1
33077	4	10	1
33079	4	20	1
33080	4	8	1
33081	4	10	1
33082	4	1	1
33083	4	3	1
33084	4	20	1
33085	4	20	1
33087	2	17	10
33088	4	3	1
33089	4	3	1
33092	4	10	4
33095	2	13	15
33096	4	16	1
33097	2	13	7
33098	4	8	1
33100	4	10	4
33101	4	10	1
33105	4	8	3
33107	2	13	15
33110	4	10	3
33112	4	8	2
33113	2	17	6
33114	4	8	3
33117	4	8	4
33119	4	7	2
33120	2	13	4
33121	4	6	2
33122	4	7	3
33123	2	17	8
33124	4	7	4
33125	2	26	19
33126	4	6	4
33127	4	7	1
33128	2	13	0
33129	4	3	1
33131	4	9	2
33132	4	10	2
33133	4	3	4
33134	4	9	3
33135	4	2	0
33136	4	3	1
33137	4	9	4
33138	4	14	6
33139	4	3	2
33141	4	9	1
33142	4	16	1
33143	2	17	5
33144	4	16	1
33145	2	21	7
33146	4	7	4
33147	4	7	3
33148	4	7	2
33149	4	7	1
33150	4	20	1
33152	4	8	4
33154	4	10	3
33155	4	8	2
33160	4	10	1
33161	4	1	2
33162	4	1	2
33163	2	17	10
33170	2	17	10
33171	2	21	0
33172	2	17	10
33181	2	13	4
33195	4	1	4
33293	4	1	2
33402	4	20	0
33421	2	17	10
33422	2	13	15
33422	2	17	10
33424	2	13	14
33425	2	13	15
33426	2	13	14
33428	2	26	19
33429	2	17	10
33431	2	21	4
33434	2	13	0
33435	2	17	1
33458	2	17	1
33462	4	1	1
33519	4	10	2
33520	4	12	0
33522	4	12	0
33527	4	5	1
33528	4	9	4
33529	4	23	0
33530	4	9	1
33531	4	16	1
33533	2	17	5
33536	2	17	1
33537	4	11	0
33567	2	17	10
33578	2	17	1
33590	4	5	1
33591	4	6	3
33598	4	1	2
33599	4	10	2
33601	4	5	3
33603	4	5	4
33604	4	7	4
33615	2	13	15
33618	4	7	1
33624	4	10	1
33625	4	8	1
33626	2	13	15
33633	4	6	4
33634	4	9	4
33635	4	5	4
33636	4	10	4
33637	4	7	4
33639	4	8	4
33641	4	8	1
33643	4	7	1
33647	4	8	1
33650	4	5	2
33651	4	10	2
33652	4	7	1
33653	4	3	2
33655	4	1	2
33661	4	8	2
33662	4	7	2
33665	4	6	3
33666	4	9	3
33667	4	5	3
33668	4	10	3
33672	4	7	3
33673	4	8	2
33678	4	7	2
33690	4	8	3
33691	4	5	3
33696	4	8	3
33697	4	5	3
33700	4	7	3
33701	4	7	3
33702	4	12	0
33705	4	5	4
33706	4	7	4
33708	4	8	4
33709	4	5	4
33713	4	7	4
33714	4	8	4
33727	2	13	0
33730	4	16	1
33731	2	21	4
33732	4	16	1
33733	4	16	1
33734	2	13	15
33735	4	16	1
33736	4	16	1
33737	4	16	1
33743	4	1	2
33766	4	5	0
33767	4	3	0
33767	4	5	0
33768	4	5	0
33770	4	3	0
33770	4	7	0
33771	4	6	0
33772	4	1	0
33775	4	8	0
33776	4	10	0
33779	4	7	0
33780	4	6	0
33781	4	20	0
33782	4	8	0
33783	4	9	0
33784	4	9	0
33785	4	1	0
33787	4	3	0
33788	4	10	0
33791	4	1	0
33792	4	7	0
33793	4	6	0
33793	4	9	0
33794	4	8	0
33796	4	3	0
33799	4	10	0
33802	4	1	0
33803	4	7	0
33804	4	8	0
33806	4	10	0
33807	4	6	0
33808	4	11	0
33809	2	17	10
33810	4	3	4
33812	4	3	3
33814	4	16	1
33818	4	9	4
33819	4	10	2
33822	4	1	4
33823	4	7	1
33824	4	6	3
33825	4	9	1
33828	2	26	18
33830	2	13	4
33835	2	13	0
33838	2	21	4
33839	2	21	7
33840	4	5	2
33841	4	3	1
33842	4	10	2
33845	4	23	0
33848	4	1	1
33849	4	12	0
33851	4	12	0
33852	4	3	2
33853	4	7	4
33854	4	7	3
33855	4	11	0
33856	4	11	0
33857	2	15	2
33863	4	8	3
33864	4	11	0
33867	4	14	6
33868	4	10	4
33870	4	10	3
33871	4	12	0
33873	4	8	1
33876	4	8	4
33879	4	9	2
33880	4	1	2
33882	2	17	8
33885	4	6	2
33888	4	7	4
33889	4	9	1
33892	4	8	3
33894	2	13	15
33895	4	20	1
33897	4	10	2
33901	4	1	2
33902	4	9	3
33903	4	10	4
33905	4	6	4
33906	4	2	0
33973	4	12	0
33980	4	20	1
33982	4	9	4
33983	4	5	4
33984	4	10	4
33986	4	7	4
33989	4	8	4
33990	4	6	4
33991	2	21	15
33992	2	13	15
33994	2	21	7
33998	4	1	0
33999	4	1	0
34011	4	6	1
34012	4	9	1
34013	4	10	1
34014	4	20	1
34015	4	8	1
34016	4	10	2
34018	4	3	1
34020	4	3	1
34021	4	3	1
34022	4	3	1
34025	4	3	3
34031	4	7	3
34034	4	2	0
34037	4	3	2
34038	4	20	1
34039	4	7	1
34041	4	10	1
34044	4	8	1
34045	4	9	1
34046	4	6	1
34047	4	20	1
34048	4	3	1
34049	4	7	1
34051	4	10	1
34052	4	9	1
34053	4	6	1
34055	4	8	1
34056	4	3	3
34061	4	20	1
34063	4	20	1
34064	4	20	1
34077	4	3	2
34078	4	6	3
34079	4	9	3
34081	4	5	3
34082	4	10	3
34083	4	8	3
34084	4	7	3
34086	4	5	2
34087	4	5	2
34091	4	3	3
34093	4	20	0
34094	4	20	0
34095	4	20	0
34096	4	20	0
34097	4	20	0
34098	4	20	0
34099	4	20	0
34100	4	20	0
34101	4	14	6
34105	2	13	15
34106	2	13	8
34107	2	26	3
34109	2	13	4
34110	4	14	6
34111	2	13	15
34112	2	17	8
34114	2	17	10
34115	2	15	2
34116	2	26	3
34127	4	14	6
34128	2	13	7
34132	4	12	0
34133	2	17	1
34134	2	17	10
34135	2	17	10
34137	4	14	6
34139	2	26	3
34142	2	13	15
34165	4	10	4
34176	4	6	1
34178	2	13	0
34179	4	16	1
34181	4	9	3
34183	4	10	1
34184	4	6	2
34185	4	9	4
34186	4	9	3
34187	4	9	2
34188	4	12	0
34189	4	11	0
34190	4	23	0
34191	4	6	4
34193	4	10	3
34195	4	8	1
34197	4	9	2
34198	2	26	19
34199	4	9	1
34202	4	6	4
34203	4	6	3
34204	4	2	0
34205	4	6	2
34206	4	14	6
34207	4	9	1
34208	4	8	3
34210	4	8	2
34215	4	1	4
34216	4	1	4
34217	4	1	3
34218	4	1	1
34221	4	1	3
34222	4	1	3
34223	2	15	2
34226	4	10	2
34227	4	9	4
34230	4	10	1
34231	4	16	1
34232	2	21	7
34233	4	1	1
34235	4	10	4
34236	4	10	3
34237	4	12	0
34238	4	7	3
34239	4	16	1
34240	4	8	1
34241	4	6	3
34242	4	8	3
34243	4	3	3
34244	4	6	1
34244	4	6	2
34245	4	3	4
34247	4	8	2
34248	4	8	2
34249	4	3	3
34250	2	17	6
34252	4	3	4
34253	4	3	4
34254	4	3	1
34255	4	3	3
34256	4	3	4
34257	4	3	4
34258	4	3	4
34259	4	8	2
34260	4	10	2
34261	4	12	0
34263	4	8	1
34264	2	13	7
34266	4	7	3
34268	4	5	4
34269	4	8	3
34270	4	20	1
34274	4	2	0
34278	4	3	2
34282	4	12	0
34288	4	23	0
34292	4	7	4
34294	4	20	1
34295	4	10	2
34296	2	21	13
34298	4	10	4
34299	4	6	2
34302	4	7	1
34303	4	2	0
34304	2	17	8
34305	4	5	2
34306	4	10	2
34310	4	3	4
34312	4	3	3
34314	4	3	1
34315	4	8	4
34317	4	10	2
34318	4	2	0
34319	4	10	4
34320	4	6	4
34323	4	3	1
34325	4	20	1
34326	4	7	2
34329	4	16	1
34331	2	17	5
34332	4	8	4
34333	4	8	3
34334	4	8	4
34335	4	9	2
34336	4	11	0
34337	4	16	1
34339	2	13	4
34348	4	1	1
34349	4	1	2
34350	4	1	2
34351	4	1	1
34353	4	1	1
34367	4	1	3
34369	4	1	1
34370	4	1	1
34391	2	17	10
34392	4	6	2
34393	4	8	2
34394	4	6	3
34395	4	8	3
34397	4	1	2
34399	2	13	14
34402	2	17	8
34404	2	17	8
34405	2	17	8
34419	4	3	3
34426	2	17	1
34434	4	1	2
34466	4	10	4
34467	4	10	3
34468	2	13	4
34469	4	20	1
34471	4	12	0
34472	2	26	19
34473	4	1	3
34474	2	17	5
34475	4	1	4
34478	2	21	15
34479	4	8	1
34481	2	17	1
34482	4	3	4
34483	4	5	4
34484	2	26	3
34485	2	21	4
34486	4	1	4
34487	4	1	4
34495	4	1	4
34504	4	8	2
34505	4	10	2
34506	4	6	2
34507	2	17	1
34513	2	13	15
34515	4	5	3
34516	4	10	3
34517	4	6	3
34517	4	6	4
34518	4	5	4
34519	4	5	4
34520	4	6	4
34521	4	8	4
34522	4	9	4
34523	4	10	4
34524	4	1	4
34525	4	7	4
34526	4	3	4
34533	4	14	6
34534	2	17	1
34549	4	9	2
34550	4	9	4
34553	4	23	0
34555	4	6	3
34556	2	17	5
34557	2	13	13
34557	2	22	13
34558	4	3	3
34559	2	13	4
34560	2	13	15
34564	4	1	4
34571	4	1	1
34577	4	6	3
34579	4	3	1
34585	4	8	3
34590	4	3	2
34593	4	8	1
34594	4	6	3
34595	4	8	1
34596	4	20	1
34597	4	3	1
34598	4	7	1
34599	4	6	1
34600	4	10	1
34601	4	9	1
34602	4	1	1
34605	4	8	1
34606	4	1	2
34607	4	1	2
34608	4	1	2
34609	4	1	2
34610	4	6	4
34611	4	8	4
34612	4	9	4
34613	4	10	4
34614	4	1	4
34615	4	7	4
34616	4	3	4
34617	4	5	4
34620	4	6	1
34621	4	9	1
34622	4	7	1
34623	4	3	1
34624	4	1	1
34625	4	20	1
34626	4	8	1
34627	4	10	1
34628	4	6	1
34629	4	9	1
34630	4	1	1
34631	4	10	1
34632	4	3	1
34633	4	20	1
34634	4	8	1
34635	4	7	1
34636	2	26	19
34637	4	6	2
34638	4	8	2
34639	4	1	2
34640	4	10	2
34641	4	9	2
34642	4	7	2
34643	4	3	2
34644	4	5	2
34645	4	5	3
34646	4	6	3
34647	4	9	3
34648	4	8	3
34649	4	1	3
34650	4	10	3
34651	4	3	3
34652	4	7	3
34684	4	8	2
34685	4	9	2
34686	4	10	2
34687	4	7	2
34688	4	3	2
34689	4	5	2
34690	4	1	1
34691	4	9	3
34692	4	8	3
34693	4	1	3
34694	4	6	3
34695	4	10	3
34696	4	7	3
34697	4	3	3
34698	4	5	3
34699	4	6	2
34700	4	1	2
34708	4	8	4
34710	4	7	2
34711	4	1	2
34714	4	5	2
34715	4	1	2
34717	4	5	2
34718	2	13	0
34725	4	20	0
34726	4	20	0
34727	4	20	0
34728	4	20	0
34732	4	20	0
34733	4	20	0
34734	4	20	0
34781	4	1	1
34782	4	8	1
34788	4	7	1
34789	4	10	1
34790	4	6	1
34791	4	3	1
34792	4	8	1
34793	4	9	1
34794	2	17	6
34795	4	28	7
34799	4	20	1
34800	2	15	2
34802	4	23	0
34807	4	23	0
34808	4	16	1
34810	2	21	7
34812	4	16	1
34820	2	13	4
34822	2	17	5
34849	2	13	15
34850	2	13	7
34859	2	21	15
34860	2	21	4
34875	2	21	7
34889	2	21	4
34890	4	7	4
34891	2	17	10
34894	2	17	10
34896	2	21	13
34897	4	3	1
34898	4	1	2
34899	2	26	19
34900	4	5	2
34901	4	10	3
34902	4	1	4
34904	4	3	3
34953	4	28	8
34954	4	28	8
34955	4	28	8
34956	4	28	9
34957	4	28	9
34958	4	28	9
34959	4	28	7
34960	4	28	7
34961	4	28	7
35010	2	17	5
35017	2	26	19
35031	2	17	8
35044	4	9	4
35049	4	5	4
35050	4	10	4
35051	4	7	4
35053	4	9	2
35054	4	5	2
35055	4	10	2
35058	4	6	4
35064	4	3	2
35065	4	7	2
35067	4	8	4
35069	4	7	4
35071	2	26	3
35076	4	16	1
35077	4	16	1
35090	4	9	1
35091	4	9	2
35093	4	7	3
35094	2	21	15
35095	4	1	2
35096	4	7	3
35097	2	17	8
35112	2	17	8
35114	4	16	1
35115	4	16	1
35116	2	13	4
35118	4	10	4
35119	4	10	3
35120	4	6	1
35124	4	1	2
35125	4	1	1
35129	2	13	4
35132	4	1	2
35138	4	6	1
35139	4	16	1
35143	4	6	1
35144	4	9	1
35145	4	10	1
35148	4	8	1
35149	4	3	1
35151	2	13	7
35152	2	21	7
35154	4	7	1
35155	4	1	1
35157	4	7	2
35158	4	9	2
35159	4	5	2
35160	4	3	2
35161	4	7	2
35162	4	1	2
35164	4	6	2
35167	4	10	2
35169	4	5	0
35171	4	8	0
35172	4	7	0
35173	4	8	2
35174	4	1	1
35175	4	7	4
35177	4	3	4
35179	4	6	1
35180	4	9	1
35182	4	1	1
35183	4	10	1
35184	4	7	1
35185	4	20	1
35186	4	8	1
35187	4	3	1
35206	4	1	1
35207	4	5	1
35209	4	3	1
35211	4	1	2
35213	4	6	2
35214	4	8	2
35216	4	5	4
35217	4	10	4
35219	4	6	4
35222	4	1	4
35223	4	1	3
35239	2	17	5
35240	2	17	10
35241	2	17	10
35242	2	17	10
35244	2	13	15
35246	2	13	15
35247	2	13	7
35250	2	13	4
35253	2	26	18
35255	2	17	8
35256	2	17	8
35258	2	13	0
35259	2	17	6
35262	2	26	19
35263	2	26	19
35275	4	9	4
35276	4	5	4
35277	4	10	4
35278	4	7	4
35282	4	7	1
35283	4	9	1
35286	4	10	1
35287	4	9	2
35289	4	7	2
35290	4	5	2
35302	4	5	1
35303	4	10	2
35310	4	9	4
35312	4	16	1
35313	4	11	0
35324	4	3	4
35325	4	3	2
35326	4	3	1
35358	4	2	0
35359	4	2	0
35361	4	12	0
35366	4	16	1
35367	4	11	0
35369	4	3	1
35370	2	26	3
35371	2	17	1
35373	4	2	0
35383	4	23	0
35396	4	19	0
35398	4	5	4
35400	4	12	0
35408	4	16	1
35409	4	8	3
35410	4	6	3
35411	4	10	3
35413	4	7	3
35415	4	5	3
35416	4	9	3
35419	4	1	4
35421	4	1	2
35422	4	9	1
35423	4	11	0
35429	4	12	0
35430	4	16	1
35431	4	11	0
35432	4	1	1
35434	4	3	4
35437	4	2	0
35438	4	11	0
35439	4	12	0
35442	4	12	0
35444	4	16	1
35445	4	12	0
35446	4	16	1
35447	4	1	4
35472	4	11	0
35508	4	7	4
35514	4	7	1
35519	4	6	1
35521	4	10	1
35522	4	7	1
35523	4	20	1
35525	4	8	1
35542	4	10	3
35544	4	20	1
35545	4	10	1
35550	4	10	4
35554	4	5	3
35555	4	9	4
35556	4	9	1
35557	4	9	3
35563	2	17	10
35564	4	6	1
35565	4	16	1
35569	4	10	1
35571	2	13	7
35573	4	14	6
35574	2	13	4
35576	4	14	6
35577	4	14	6
35589	2	13	15
35593	2	26	19
35601	4	1	3
35611	4	3	3
35612	4	1	4
35613	4	8	4
35614	4	6	4
35615	4	10	4
35616	4	7	4
35617	4	3	4
35618	4	5	4
35619	4	9	4
35621	4	12	0
35629	4	1	2
35631	2	17	10
35632	2	17	10
35633	2	17	10
35634	2	17	10
35642	2	13	4
35643	2	13	4
35649	4	12	0
35654	4	14	6
35677	4	9	1
35709	2	13	15
35710	2	13	4
35713	4	5	2
35719	4	14	6
35746	4	8	3
35747	4	6	3
35748	4	10	3
35749	4	1	3
35751	4	3	3
35752	4	5	3
35753	4	9	3
35754	4	7	3
35792	4	23	0
35798	4	10	3
35799	4	5	3
35800	4	7	3
35801	4	1	3
35802	4	3	3
35805	4	5	2
35806	4	1	2
35807	4	3	2
35808	4	10	4
35809	4	7	4
35810	4	1	4
35811	4	3	4
35813	4	23	0
35816	4	23	0
35817	4	23	0
35818	2	22	13
35819	2	13	15
35839	2	17	8
35870	2	15	2
35878	4	14	6
35899	2	13	15
35922	4	1	1
35935	4	3	1
35976	4	1	1
36003	4	10	2
36004	4	8	2
36006	4	8	3
36007	4	8	1
36008	4	8	1
36010	4	10	1
36013	4	10	1
36014	4	7	2
36015	4	5	2
36017	4	20	1
36018	4	7	1
36021	4	20	1
36022	4	7	1
36024	4	20	1
36027	4	3	1
36038	4	3	1
36040	4	1	1
36041	4	1	1
36042	4	1	1
36043	4	1	2
36044	4	3	2
36045	2	13	15
36064	2	13	4
36065	2	17	5
36066	2	13	7
36077	4	5	4
36078	2	13	4
36079	2	17	5
36080	2	13	15
36081	2	13	7
36265	4	23	0
36266	4	23	0
36267	4	23	0
36268	4	23	0
36269	4	3	1
36279	4	10	4
36290	4	12	0
36338	4	12	0
36349	4	6	2
36351	4	8	2
36354	4	20	1
36369	4	20	1
36370	4	20	1
36371	2	13	7
36376	2	13	7
36377	2	13	7
36378	2	13	7
36381	2	13	0
36382	2	13	4
36424	4	3	1
36425	4	3	3
36426	4	7	3
36429	4	3	4
36430	4	6	4
36432	4	1	1
36433	4	1	3
36434	4	3	3
36435	4	9	3
36436	4	5	3
36437	4	10	3
36438	4	7	3
36440	4	1	1
36469	4	19	0
36471	4	12	0
36478	4	7	2
36479	4	10	2
36480	4	5	2
36481	4	9	2
36518	2	17	5
36630	4	1	2
36669	4	1	2
36715	4	1	3
36741	2	13	15
36762	2	17	1
36782	4	1	1
36967	4	6	4
36968	4	6	3
36969	2	21	4
36970	2	21	7
36971	4	7	0
36972	4	1	4
37056	4	1	3
37060	4	19	0
37061	4	19	0
37266	4	20	1
